Key,State,District,Longitude,Latitude,1/22/20,1/23/20,1/24/20,1/25/20,1/26/20,1/27/20,1/28/20,1/29/20,1/30/20,1/31/20,2/1/20,2/2/20,2/3/20,2/4/20,2/5/20,2/6/20,2/7/20,2/8/20,2/9/20,2/10/20,2/11/20,2/12/20,2/13/20,2/14/20,2/15/20,2/16/20,2/17/20,2/18/20,2/19/20,2/20/20,2/21/20,2/22/20,2/23/20,2/24/20,2/25/20,2/26/20,2/27/20,2/28/20,2/29/20,3/1/20,3/2/20,3/3/20,3/4/20,3/5/20,3/6/20,3/7/20,3/8/20,3/9/20,3/10/20,3/11/20,3/12/20,3/13/20,3/14/20,3/15/20,3/16/20,3/17/20,3/18/20,3/19/20,3/20/20,3/21/20,3/22/20,3/23/20,3/24/20,3/25/20,3/26/20,3/27/20,3/28/20,3/29/20,3/30/20,3/31/20,4/1/20,4/2/20,4/3/20,4/4/20,4/5/20,4/6/20,4/7/20,4/8/20,4/9/20,4/10/20,4/11/20,4/12/20,4/13/20,4/14/20,4/15/20,4/16/20
1-1,AL,1,-88.20689944,31.4092794,0,0,0,0,0,0,0,0,0,0,0,0,0,0,0,0,0,0,0,0,0,0,0,0,0,0,0,0,0,0,0,0,0,0,0,0,0,0,0,0,0,0,0,0,0,0,0,0,0,0,0,0,0,0,0,0,0,0,1,1,1,1,1,1,2,2,2,4,4,3,3,3,5,5,5,5,7,7,11,11,12,12,12,12,12,13
1-2,AL,2,-85.9408295,31.80396383,0,0,0,0,0,0,0,0,0,0,0,0,0,0,0,0,0,0,0,0,0,0,0,0,0,0,0,0,0,0,0,0,0,0,0,0,0,0,0,0,0,0,0,0,0,0,0,0,0,0,0,0,0,0,0,0,0,0,0,0,0,0,0,1,2,2,4,4,4,4,5,7,10,10,14,14,14,16,17,18,18,20,21,22,24,27
1-3,AL,3,-85.79833053,32.86698258,0,0,0,0,0,0,0,0,0,0,0,0,0,0,0,0,0,0,0,0,0,0,0,0,0,0,0,0,0,0,0,0,0,0,0,0,0,0,0,0,0,0,0,0,0,0,0,0,0,0,0,0,0,0,0,0,0,0,0,0,0,1,2,4,4,4,5,8,8,12,13,17,19,20,29,30,33,35,45,53,61,98,101,123,127,158
1-4,AL,4,-87.37325922,34.15030532,0,0,0,0,0,0,0,0,0,0,0,0,0,0,0,0,0,0,0,0,0,0,0,0,0,0,0,0,0,0,0,0,0,0,0,0,0,0,0,0,0,0,0,0,0,0,0,0,0,0,0,0,0,0,0,0,0,0,0,0,0,0,0,0,0,2,2,2,2,2,2,2,3,3,3,3,3,3,3,4,4,4,4,4,4,7
1-5,AL,5,-86.85475946,34.45500589,0,0,0,0,0,0,0,0,0,0,0,0,0,0,0,0,0,0,0,0,0,0,0,0,0,0,0,0,0,0,0,0,0,0,0,0,0,0,0,0,0,0,0,0,0,0,0,0,0,0,0,0,0,0,0,0,0,0,0,0,0,0,2,5,9,9,15,17,17,20,19,21,24,24,27,29,30,31,36,36,37,38,42,41,42,44
1-6,AL,6,-86.66232561,33.26879845,0,0,0,0,0,0,0,0,0,0,0,0,0,0,0,0,0,0,0,0,0,0,0,0,0,0,0,0,0,0,0,0,0,0,0,0,0,0,0,0,0,0,0,0,0,0,0,0,0,0,0,0,0,0,3,4,4,9,10,16,17,22,27,42,52,66,72,79,79,88,88,98,109,124,139,147,158,159,170,184,193,212,230,235,237,243
1-7,AL,7,-87.30891118,31.98773215,0,0,0,0,0,0,0,0,0,0,0,0,0,0,0,0,0,0,0,0,0,0,0,0,0,0,0,0,0,0,0,0,0,0,0,0,0,0,0,0,0,0,0,0,0,0,0,0,0,0,0,0,0,0,0,0,0,0,0,0,0,0,0,1,2,2,2,2,2,3,3,5,6,11,12,12,13,13,16,18,24,30,31,31,34,39
1-9999,AL,9999,0.0,0.0,0,0,0,0,0,0,0,0,0,0,0,0,0,0,0,0,0,0,0,0,0,0,0,0,0,0,0,0,0,0,0,0,0,0,0,0,0,0,0,0,0,0,0,0,0,0,0,0,0,0,0,3,1,0,0,0,0,0,0,0,0,0,0,0,0,0,0,0,0,0,0,0,0,0,0,0,0,0,0,0,0,0,0,0,0,0
2-0,AK,0,0.0,0.0,0,0,0,0,0,0,0,0,0,0,0,0,0,0,0,0,0,0,0,0,0,0,0,0,0,0,0,0,0,0,0,0,0,0,0,0,0,0,0,0,0,0,0,0,0,0,0,0,0,0,0,1,0,0,0,0,0,0,0,0,0,0,0,0,0,0,0,0,0,0,0,0,0,0,0,0,0,1,0,0,0,0,0,0,0,0
4-1,AZ,1,-111.34494829999998,32.90525627,0,0,0,0,0,0,0,0,0,0,0,0,0,0,0,0,0,0,0,0,0,0,0,0,0,0,0,0,0,0,0,0,0,0,0,0,0,0,0,0,0,0,0,0,0,2,2,2,3,5,5,5,5,5,5,5,8,10,10,14,16,17,22,23,35,36,41,51,64,62,65,69,77,89,103,106,120,124,137,138,146,163,168,175,182,197
4-2,AZ,2,-109.7516088,31.87934684,0,0,0,0,0,0,0,0,0,0,0,0,0,0,0,0,0,0,0,0,0,0,0,0,0,0,0,0,0,0,0,0,0,0,0,0,0,0,0,0,0,0,0,0,0,0,0,0,0,0,0,0,0,0,0,0,0,0,1,1,1,1,1,1,2,2,3,3,4,4,4,4,5,7,8,9,9,9,11,11,13,15,16,15,15,18
4-3,AZ,3,-110.8479088,31.52508998,0,0,0,0,0,0,0,0,0,0,0,0,0,0,0,0,0,0,0,0,0,0,0,0,0,0,0,0,0,0,0,0,0,0,0,0,0,0,0,0,0,0,0,0,0,0,0,0,0,0,0,0,0,0,0,0,0,0,1,1,1,1,1,1,2,2,2,2,2,2,3,3,3,4,4,4,5,6,7,7,8,8,10,10,12,14
4-4,AZ,4,-113.9066674,32.76895712,0,0,0,0,0,0,0,0,0,0,0,0,0,0,0,0,0,0,0,0,0,0,0,0,0,0,0,0,0,0,0,0,0,0,0,0,0,0,0,0,0,0,0,0,0,0,0,0,0,0,0,0,0,0,0,0,0,0,1,1,1,2,2,3,4,4,4,5,6,9,12,13,13,14,13,13,13,14,15,16,15,20,20,20,20,24
5-1,AR,1,-90.09122243,36.27167174,0,0,0,0,0,0,0,0,0,0,0,0,0,0,0,0,0,0,0,0,0,0,0,0,0,0,0,0,0,0,0,0,0,0,0,0,0,0,0,0,0,0,0,0,0,0,0,0,0,0,0,0,0,0,0,0,0,0,1,1,1,1,1,1,2,3,3,3,6,6,6,6,6,7,7,8,8,9,9,12,13,14,16,16,17,18
5-2,AR,2,-91.74908296,35.25688493,0,0,0,0,0,0,0,0,0,0,0,0,0,0,0,0,0,0,0,0,0,0,0,0,0,0,0,0,0,0,0,0,0,0,0,0,0,0,0,0,0,0,0,0,0,0,0,0,0,0,0,0,0,0,0,0,0,0,0,0,0,1,1,1,1,6,6,6,6,10,11,15,23,23,25,25,27,27,27,27,28,28,28,28,28,28
5-3,AR,3,-94.21800746,35.976844,0,0,0,0,0,0,0,0,0,0,0,0,0,0,0,0,0,0,0,0,0,0,0,0,0,0,0,0,0,0,0,0,0,0,0,0,0,0,0,0,0,0,0,0,0,0,0,0,0,0,0,0,0,0,0,0,1,1,1,1,2,5,5,6,10,13,14,14,15,19,22,23,24,25,28,29,29,30,36,37,37,37,43,43,44,44
5-4,AR,4,-93.41171338,35.00292371,0,0,0,0,0,0,0,0,0,0,0,0,0,0,0,0,0,0,0,0,0,0,0,0,0,0,0,0,0,0,0,0,0,0,0,0,0,0,0,0,0,0,0,0,0,0,0,0,0,0,0,0,0,0,0,0,0,0,0,0,0,0,0,0,0,0,0,0,0,0,0,0,0,0,1,1,1,1,1,1,1,1,1,1,1,1
5-9999,AR,9999,0.0,0.0,0,0,0,0,0,0,0,0,0,0,0,0,0,0,0,0,0,0,0,0,0,0,0,0,0,0,0,0,0,0,0,0,0,0,0,0,0,0,0,0,0,0,0,0,0,0,0,0,0,0,0,9,9,0,0,0,0,58,96,118,121,3,13,20,24,35,32,31,49,34,44,43,47,53,57,67,44,44,13,21,19,25,36,45,48,44
6-1,CA,1,-122.2370171,40.12570935,0,0,0,0,0,0,0,0,0,0,0,0,0,0,0,0,0,0,0,0,0,0,0,0,0,0,0,0,0,0,0,0,0,0,0,0,0,0,0,0,0,0,0,0,0,0,0,0,0,0,0,0,0,0,0,0,0,0,0,0,0,0,0,0,0,0,0,0,0,0,0,0,0,1,1,1,1,1,1,1,1,1,1,1,1,1
6-2,CA,2,-122.8862506,38.52746429,0,0,0,0,0,0,0,0,0,0,0,0,0,0,0,0,0,0,0,0,0,0,0,0,0,0,0,0,0,0,0,0,0,0,0,0,0,0,0,0,1,1,1,1,1,1,1,3,3,3,3,3,1,2,5,4,8,6,9,22,22,29,29,34,37,44,50,58,58,73,78,91,95,105,107,111,111,120,136,142,145,145,147,152,160,163
6-3,CA,3,-121.3535644,39.26255932,0,0,0,0,0,0,0,0,0,0,0,0,0,0,0,0,0,0,0,0,0,0,0,0,0,0,0,0,0,0,0,0,0,0,0,0,0,0,0,0,0,0,0,0,0,0,0,0,0,0,0,0,0,0,0,0,0,0,0,0,2,3,3,0,3,3,3,3,4,6,7,8,8,9,9,11,11,13,15,15,15,15,15,15,15,15
6-4,CA,4,-119.9525093,38.02644018,0,0,0,0,0,0,0,0,0,0,0,0,0,0,0,0,0,0,0,0,0,0,0,0,0,0,0,0,0,0,0,0,0,0,0,0,0,0,0,0,0,0,0,0,0,0,0,0,0,0,0,0,0,0,0,0,0,0,0,0,0,0,0,0,0,0,0,0,0,2,2,2,2,2,2,2,2,1,1,1,1,1,1,1,2,2
6-5,CA,5,-122.33283899999999,38.50735751,0,0,0,0,0,0,0,0,0,0,0,0,0,0,0,0,0,0,0,0,0,0,0,0,0,0,0,0,0,0,0,0,0,0,0,0,0,0,0,0,0,0,0,0,0,0,0,0,1,1,0,0,0,0,0,0,0,0,0,0,1,2,2,2,6,6,9,10,14,14,15,18,18,20,20,22,22,25,25,32,32,34,34,38,38,39
6-7,CA,7,-121.3425374,38.45106826,0,0,0,0,0,0,0,0,0,0,0,0,0,0,0,0,0,0,0,0,0,0,0,0,0,0,0,0,0,0,1,1,1,1,1,1,2,2,2,2,2,2,2,2,2,2,2,2,10,11,17,17,29,29,33,40,40,45,53,53,53,88,88,113,113,164,164,164,224,224,224,314,390,390,442,462,525,580,580,653,653,707,739,816,853,879
6-8,CA,8,-116.1774685,34.84060306,0,0,0,0,0,0,0,0,0,0,0,0,0,0,0,0,0,0,0,0,0,0,0,0,0,0,0,0,0,0,0,0,0,0,0,0,0,0,0,0,0,0,0,0,0,0,0,0,0,0,0,0,0,0,1,2,3,5,9,10,17,17,31,38,54,54,76,76,111,125,183,254,304,353,372,373,530,547,641,729,810,810,887,977,977,996
6-9,CA,9,-121.27300610000002,37.93433732,0,0,0,0,0,0,0,0,0,0,0,0,0,0,0,0,0,0,0,0,0,0,0,0,0,0,0,0,0,0,0,0,0,0,0,0,0,0,0,0,0,0,0,0,0,0,0,0,0,1,1,6,8,8,8,13,14,17,25,31,31,41,51,68,71,90,93,113,123,136,151,173,180,185,191,206,217,223,237,253,257,266,293,314,341,365
6-10,CA,10,-120.9970722,37.55862499,0,0,0,0,0,0,0,0,0,0,0,0,0,0,0,0,0,0,0,0,0,0,0,0,0,0,0,0,0,0,0,0,0,0,0,0,0,0,0,0,0,0,0,0,0,0,0,0,0,2,2,2,2,2,3,3,5,5,5,5,5,8,11,12,13,17,23,29,31,33,39,44,51,58,65,71,81,90,95,103,116,121,131,146,163,177
6-11,CA,11,-121.9289527,37.91923498,0,0,0,0,0,0,0,0,0,0,0,0,0,0,0,0,0,0,0,0,0,0,0,0,0,0,0,0,0,0,0,0,0,0,0,0,0,0,0,0,0,0,1,1,3,3,9,9,9,10,17,25,29,29,34,39,39,41,46,51,61,71,86,108,131,147,168,168,187,212,249,250,307,307,386,417,442,462,484,511,530,539,552,552,615,631
6-12,CA,12,-122.4385672,37.75215114,0,0,0,0,0,0,0,0,0,0,0,0,0,0,0,0,0,0,0,0,0,0,0,0,0,0,0,0,0,0,0,0,0,0,0,0,0,0,0,0,0,0,0,2,2,9,9,9,14,14,18,23,28,28,40,43,51,70,76,84,108,131,152,178,223,279,308,340,374,397,434,450,497,529,568,583,622,676,724,797,857,872,957,987,1013,1019
6-14,CA,14,-122.3275546,37.4228808,0,0,0,0,0,0,0,0,0,0,0,0,0,0,0,0,0,0,0,0,0,0,0,0,0,0,0,0,0,0,0,0,0,0,0,0,0,0,0,0,1,2,2,2,2,2,2,2,8,15,20,20,32,32,41,64,80,89,100,110,117,142,161,165,195,239,274,277,309,309,388,453,486,538,555,579,589,617,633,638,652,652,701,721,747,767
6-15,CA,15,-121.8929271,37.64629437,0,0,0,0,0,0,0,0,0,0,0,0,0,0,0,0,0,0,0,0,0,0,0,0,0,0,0,0,0,0,0,0,0,0,0,0,0,0,0,0,0,1,1,1,1,2,2,2,3,5,5,7,11,11,18,27,30,38,48,68,71,118,135,135,178,220,220,270,283,313,313,359,443,443,566,588,634,674,674,766,806,845,888,888,964,1007
6-16,CA,16,-120.72090350000002,37.18922369,0,0,0,0,0,0,0,0,0,0,0,0,0,0,0,0,0,0,0,0,0,0,0,0,0,0,0,0,0,0,0,0,0,0,0,0,0,0,0,0,0,0,0,0,0,0,0,0,0,0,0,0,0,0,0,0,0,0,0,0,0,1,1,2,2,4,7,8,9,10,10,12,16,16,27,29,29,34,40,52,59,65,65,74,76,79
6-18,CA,18,-122.0066524,37.05580291,0,0,0,0,0,0,0,0,0,0,0,0,0,0,0,0,0,0,0,0,0,0,0,0,0,0,0,0,0,0,0,0,0,0,0,0,0,0,0,0,0,0,0,0,0,0,0,0,2,2,4,7,7,7,9,13,13,14,15,15,15,22,22,24,25,32,34,41,44,45,49,54,57,59,69,69,76,76,76,80,80,88,91,91,96,96
6-19,CA,19,-121.6970462,37.23104908,0,0,0,0,0,0,0,0,0,1,1,1,2,2,2,2,2,2,2,2,2,2,2,2,2,2,2,2,2,2,2,2,2,2,2,2,2,2,3,3,9,11,11,20,20,32,38,38,43,48,52,79,95,91,138,155,175,189,196,263,263,302,375,459,542,574,591,646,848,890,956,1019,1019,1148,1207,1207,1285,1380,1380,1442,1484,1566,1666,1666,1793,1833
6-20,CA,20,-121.06997500000001,36.60308176,0,0,0,0,0,0,0,0,0,0,0,0,2,2,2,2,2,2,2,2,2,2,2,2,2,2,2,2,2,2,2,2,2,2,2,2,2,2,2,2,2,2,2,2,2,2,2,2,2,2,2,2,3,3,3,3,3,3,5,5,5,6,6,7,9,13,14,14,14,17,21,23,23,23,23,23,23,33,33,34,35,35,35,39,39,41
6-21,CA,21,-119.8159973,36.07409056,0,0,0,0,0,0,0,0,0,0,0,0,0,0,0,0,0,0,0,0,0,0,0,0,0,0,0,0,0,0,0,0,0,0,0,0,0,0,0,0,0,0,0,0,0,0,0,0,0,0,0,0,0,0,0,0,0,0,0,0,0,0,0,0,0,0,2,2,2,3,4,5,5,5,5,5,5,5,8,8,9,10,10,12,13,13
6-22,CA,22,-119.6466953,36.75733899,0,0,0,0,0,0,0,0,0,0,0,0,0,0,0,0,0,0,0,0,0,0,0,0,0,0,0,0,0,0,0,0,0,0,0,0,0,0,0,0,0,0,0,0,0,0,1,1,1,2,2,1,1,1,2,2,2,3,6,6,6,6,13,18,19,27,31,43,43,53,68,82,94,100,103,108,124,146,156,173,191,201,201,222,251,265
6-23,CA,23,-118.8020203,36.22026558,0,0,0,0,0,0,0,0,0,0,0,0,0,0,0,0,0,0,0,0,0,0,0,0,0,0,0,0,0,0,0,0,0,0,0,0,0,0,0,0,0,0,0,0,0,0,0,0,0,0,1,1,2,2,2,3,4,7,7,11,12,16,17,17,18,20,24,29,35,43,45,74,81,81,116,135,157,157,168,203,203,227,264,296,352,372
6-24,CA,24,-120.0188492,34.65329488,0,0,0,0,0,0,0,0,0,0,0,0,0,0,0,0,0,0,0,0,0,0,0,0,0,0,0,0,0,0,0,0,0,0,0,0,0,0,0,0,0,0,0,0,0,0,0,0,0,0,0,0,0,0,1,2,2,8,9,9,13,18,18,24,26,32,47,64,68,88,99,111,139,152,168,174,192,218,228,243,260,264,267,284,313,334
6-26,CA,26,-119.09106130000002,34.44465746,0,0,0,0,0,0,0,0,0,0,0,0,0,0,0,0,0,0,0,0,0,0,0,0,0,0,0,0,0,0,0,0,0,0,0,0,0,0,0,0,0,0,0,0,0,0,0,0,1,1,2,2,5,5,4,10,10,13,19,19,25,30,35,39,50,61,83,98,109,126,149,160,177,203,221,221,243,263,274,298,298,309,314,317,365,384
6-28,CA,28,-118.2282411,34.30828379,0,0,0,0,1,1,1,1,1,1,1,1,1,1,1,1,1,1,1,1,1,1,1,1,1,1,1,1,1,1,1,1,1,1,1,1,1,1,1,1,1,1,7,11,13,14,14,14,20,27,32,40,53,53,94,144,190,231,292,292,407,536,662,812,1229,1465,1465,1829,2474,3019,3518,4045,4566,4605,5955,6377,6936,7559,7955,8443,8453,8894,9433,10047,10517,10854
6-36,CA,36,-115.9933578,33.74314981,0,0,0,0,0,0,0,0,0,0,0,0,0,0,0,0,0,0,0,0,0,0,0,0,0,0,0,0,0,0,0,0,0,0,0,0,0,0,0,0,0,0,0,0,0,0,1,1,4,6,8,8,14,14,15,15,16,22,28,28,29,46,57,68,105,149,183,195,291,371,371,493,493,638,799,946,1016,1179,1280,1350,1431,1619,1619,1961,1961,2105
6-45,CA,45,-117.7645998,33.70147516,0,0,0,0,1,1,1,1,1,1,1,1,1,1,1,1,1,1,1,1,1,1,1,1,1,1,1,1,1,1,1,1,1,1,1,1,1,1,1,1,1,1,3,3,3,3,3,4,5,5,6,9,14,14,17,22,29,53,65,78,95,125,152,187,256,321,403,431,464,502,606,656,711,786,834,882,931,1016,1079,1138,1221,1277,1283,1299,1376,1425
6-50,CA,50,-116.7365326,33.03484597,0,0,0,0,0,0,0,0,0,0,0,0,0,0,0,0,0,0,0,0,1,1,2,2,2,2,2,2,2,2,2,2,2,2,2,2,2,2,2,2,2,2,2,3,3,3,3,3,3,3,5,8,10,16,55,55,60,80,127,127,155,201,226,238,293,341,413,484,515,603,733,849,966,1112,1209,1326,1404,1454,1530,1628,1693,1761,1804,1847,1930,2012
6-51,CA,51,-115.3669042,33.0393082,0,0,0,0,0,0,0,0,0,0,0,0,0,0,0,0,0,0,0,0,0,0,0,0,0,0,0,0,0,0,0,0,0,0,0,0,0,0,0,0,0,0,0,0,0,0,0,0,0,0,2,2,2,2,2,2,2,2,4,4,6,6,6,9,9,17,21,25,25,33,38,43,52,55,57,65,68,73,75,79,79,87,87,100,117,127
6-9999,CA,9999,0.0,0.0,0,0,0,0,0,0,0,0,0,0,0,0,0,0,0,0,0,0,0,0,0,0,0,0,0,0,0,0,0,0,0,0,0,0,0,0,0,0,0,0,0,0,0,0,0,0,0,0,0,0,0,0,1,0,0,0,0,0,0,0,0,0,0,0,0,12,0,0,0,0,0,0,0,0,0,43,42,167,4,4,4,8,0,0,0,0
8-1,CO,1,-104.8725695,39.76018276,0,0,0,0,0,0,0,0,0,0,0,0,0,0,0,0,0,0,0,0,0,0,0,0,0,0,0,0,0,0,0,0,0,0,0,0,0,0,0,0,0,0,0,0,2,2,2,2,3,6,10,15,21,21,25,38,43,43,67,97,125,148,148,214,262,262,312,408,408,539,539,586,643,716,825,847,884,927,927,1031,1113,1247,1346,1402,1402,1468
8-2,CO,2,-106.11507620000002,39.63803232,0,0,0,0,0,0,0,0,0,0,0,0,0,0,0,0,0,0,0,0,0,0,0,0,0,0,0,0,0,0,0,0,0,0,0,0,0,0,0,0,0,0,0,0,1,1,1,1,1,1,1,2,2,2,1,5,5,5,7,7,7,7,8,10,9,11,13,11,14,20,34,34,40,50,54,58,53,56,56,57,64,72,72,74,74,82
8-3,CO,3,-108.40207249999999,38.00450883,0,0,0,0,0,0,0,0,0,0,0,0,0,0,0,0,0,0,0,0,0,0,0,0,0,0,0,0,0,0,0,0,0,0,0,0,0,0,0,0,0,0,0,0,0,0,0,0,0,0,0,0,0,0,0,0,0,0,0,1,1,1,1,1,1,1,1,1,1,4,4,4,7,9,10,10,10,10,10,11,11,12,12,12,12,12
8-4,CO,4,-102.4258673,40.00346839,0,0,0,0,0,0,0,0,0,0,0,0,0,0,0,0,0,0,0,0,0,0,0,0,0,0,0,0,0,0,0,0,0,0,0,0,0,0,0,0,0,0,0,0,0,0,0,0,0,0,0,0,0,0,0,0,0,0,1,1,1,1,1,1,2,2,2,2,2,2,2,2,2,2,2,2,2,2,2,2,2,2,2,2,2,2
8-5,CO,5,-105.1614893,38.88133511,0,0,0,0,0,0,0,0,0,0,0,0,0,0,0,0,0,0,0,0,0,0,0,0,0,0,0,0,0,0,0,0,0,0,0,0,0,0,0,0,0,0,0,0,0,0,0,0,0,0,0,0,0,0,0,0,0,0,0,0,0,0,3,3,7,7,7,7,7,7,7,7,7,11,11,11,12,12,12,12,12,16,15,16,16,16
8-9999,CO,9999,0.0,0.0,0,0,0,0,0,0,0,0,0,0,0,0,0,0,0,0,0,0,0,0,0,0,0,0,0,0,0,0,0,0,0,0,0,0,0,0,0,0,0,0,0,0,0,0,0,0,0,0,0,0,0,2,2,0,0,0,0,57,20,1,1,1,5,18,102,102,136,186,186,129,129,128,144,158,251,276,252,238,238,235,145,156,145,119,119,111
9-1,CT,1,-72.73103891,41.80283011,0,0,0,0,0,0,0,0,0,0,0,0,0,0,0,0,0,0,0,0,0,0,0,0,0,0,0,0,0,0,0,0,0,0,0,0,0,0,0,0,0,0,0,0,0,0,0,0,0,0,0,0,1,2,4,7,11,18,29,29,54,61,88,116,138,189,228,276,330,393,469,539,679,726,751,882,1045,1045,1471,1615,1832,1914,2243,2370,2570,2859
9-2,CT,2,-71.98182316,41.82972709,0,0,0,0,0,0,0,0,0,0,0,0,0,0,0,0,0,0,0,0,0,0,0,0,0,0,0,0,0,0,0,0,0,0,0,0,0,0,0,0,0,0,0,0,0,0,0,0,0,0,0,0,0,0,0,0,0,0,2,2,1,2,2,2,3,3,3,7,10,11,19,21,27,31,32,40,43,43,52,59,66,66,83,87,89,87
9-3,CT,3,-72.93620426,41.4080325,0,0,0,0,0,0,0,0,0,0,0,0,0,0,0,0,0,0,0,0,0,0,0,0,0,0,0,0,0,0,0,0,0,0,0,0,0,0,0,0,0,0,0,0,0,0,0,0,0,0,0,0,4,4,4,8,10,23,23,23,29,41,89,127,156,222,236,280,373,517,611,647,891,1024,1162,1468,1664,1664,2183,2383,2715,2946,3358,3543,3758,4163
9-4,CT,4,-73.3881171,41.26809896,0,0,0,0,0,0,0,0,0,0,0,0,0,0,0,0,0,0,0,0,0,0,0,0,0,0,0,0,0,0,0,0,0,0,0,0,0,0,0,0,0,0,0,0,0,0,0,0,1,2,4,8,15,15,29,48,69,102,122,122,208,270,384,546,607,752,908,1245,1445,1870,1986,2132,2716,2824,3050,3719,4136,4136,4882,5180,5407,5534,6004,6213,6480,6816
9-5,CT,5,-73.2451475,41.7937534,0,0,0,0,0,0,0,0,0,0,0,0,0,0,0,0,0,0,0,0,0,0,0,0,0,0,0,0,0,0,0,0,0,0,0,0,0,0,0,0,0,0,0,0,0,0,0,0,0,1,1,3,3,3,4,5,5,7,8,8,12,13,22,33,44,52,65,87,113,121,131,141,173,182,197,230,255,255,315,346,388,403,446,460,490,535
9-9999,CT,9999,0.0,0.0,0,0,0,0,0,0,0,0,0,0,0,0,0,0,0,0,0,0,0,0,0,0,0,0,0,0,0,0,0,0,0,0,0,0,0,0,0,0,0,0,0,0,0,0,0,0,0,0,0,0,0,0,0,0,0,0,0,2,0,0,0,0,0,0,0,0,0,0,176,77,185,174,218,241,222,264,292,292,392,407,456,501,491,533,537,534
10-0,DE,0,0.0,0.0,0,0,0,0,0,0,0,0,0,0,0,0,0,0,0,0,0,0,0,0,0,0,0,0,0,0,0,0,0,0,0,0,0,0,0,0,0,0,0,0,0,0,0,0,0,0,0,0,0,0,0,0,0,0,0,0,0,0,0,0,0,0,0,0,0,0,0,0,0,0,0,0,0,0,0,0,0,0,0,9,13,0,0,11,17,17
11-98,DC,98,-77.01655992,38.90417773,0,0,0,0,0,0,0,0,0,0,0,0,0,0,0,0,0,0,0,0,0,0,0,0,0,0,0,0,0,0,0,0,0,0,0,0,0,0,0,0,0,0,0,0,0,0,0,0,0,0,0,0,0,0,22,22,31,40,71,98,102,120,141,187,231,271,304,342,401,495,586,653,757,902,1002,1097,1211,1440,1523,1660,1778,1875,1955,2058,2197,2350
12-1,FL,1,-86.16935664000002,30.64204028,0,0,0,0,0,0,0,0,0,0,0,0,0,0,0,0,0,0,0,0,0,0,0,0,0,0,0,0,0,0,0,0,0,0,0,0,0,0,0,0,0,0,0,0,0,0,0,0,0,0,0,0,0,0,0,0,0,1,3,4,4,9,10,12,13,13,15,15,15,18,18,19,19,21,23,24,26,26,26,27,27,29,29,29,29,29
12-2,FL,2,-85.66002461,30.613592590000003,0,0,0,0,0,0,0,0,0,0,0,0,0,0,0,0,0,0,0,0,0,0,0,0,0,0,0,0,0,0,0,0,0,0,0,0,0,0,0,0,0,0,0,0,0,0,0,0,0,0,0,0,0,0,0,0,0,0,0,0,0,0,0,0,0,1,1,1,1,1,1,1,1,1,1,1,2,2,3,3,3,4,4,5,5,5
12-3,FL,3,-82.37497443,30.04412971,0,0,0,0,0,0,0,0,0,0,0,0,0,0,0,0,0,0,0,0,0,0,0,0,0,0,0,0,0,0,0,0,0,0,0,0,0,0,0,0,0,0,0,0,0,0,0,0,0,0,0,0,0,0,0,0,0,0,0,0,0,0,0,0,0,0,0,0,0,1,1,1,1,2,2,2,2,2,2,2,2,2,2,2,2,2
12-4,FL,4,-81.43589967,29.90096506,0,0,0,0,0,0,0,0,0,0,0,0,0,0,0,0,0,0,0,0,0,0,0,0,0,0,0,0,0,0,0,0,0,0,0,0,0,0,0,0,0,0,0,0,0,0,0,0,0,0,1,1,0,1,1,2,4,4,7,9,16,18,22,26,33,36,48,50,60,79,83,102,119,132,141,146,151,154,162,163,167,173,176,177,179,182
12-5,FL,5,-83.47398594,30.44396917,0,0,0,0,0,0,0,0,0,0,0,0,0,0,0,0,0,0,0,0,0,0,0,0,0,0,0,0,0,0,0,0,0,0,0,0,0,0,0,0,0,0,0,0,0,0,0,0,0,0,0,0,0,0,0,0,0,0,0,0,0,0,0,0,0,0,0,0,0,0,0,2,4,6,10,11,11,12,12,14,14,14,14,14,15,16
12-6,FL,6,-81.18263252,29.05858895,0,0,0,0,0,0,0,0,0,0,0,0,0,0,0,0,0,0,0,0,0,0,0,0,0,0,0,0,0,0,0,0,0,0,0,0,0,0,0,0,0,0,0,0,0,0,1,1,2,2,2,3,4,5,5,9,9,9,10,11,14,16,18,20,29,39,44,47,65,80,80,102,125,134,151,151,162,163,179,187,195,201,216,226,242,255
12-7,FL,7,-81.24060348,28.7158582,0,0,0,0,0,0,0,0,0,0,0,0,0,0,0,0,0,0,0,0,0,0,0,0,0,0,0,0,0,0,0,0,0,0,0,0,0,0,0,0,0,0,0,0,0,0,0,0,0,0,1,1,1,1,1,4,7,8,10,12,19,22,23,29,37,49,61,76,87,103,109,145,163,178,191,194,202,216,228,235,242,255,268,275,283,306
12-8,FL,8,-80.60556721,27.69308961,0,0,0,0,0,0,0,0,0,0,0,0,0,0,0,0,0,0,0,0,0,0,0,0,0,0,0,0,0,0,0,0,0,0,0,0,0,0,0,0,0,0,0,0,0,0,0,0,0,0,0,0,0,0,0,0,0,1,3,5,8,10,11,12,13,14,16,17,24,33,33,41,47,50,55,61,62,63,68,68,70,74,77,77,78,83
12-9,FL,9,-81.69732947,27.950271049999998,0,0,0,0,0,0,0,0,0,0,0,0,0,0,0,0,0,0,0,0,0,0,0,0,0,0,0,0,0,0,0,0,0,0,0,0,0,0,0,0,0,0,0,0,0,0,0,0,0,0,0,0,0,0,0,1,1,4,9,10,11,13,13,14,17,26,34,39,55,73,76,103,126,142,157,176,197,206,212,237,242,254,270,279,286,304
12-10,FL,10,-81.31799498,28.51367621,0,0,0,0,0,0,0,0,0,0,0,0,0,0,0,0,0,0,0,0,0,0,0,0,0,0,0,0,0,0,0,0,0,0,0,0,0,0,0,0,0,0,0,0,0,0,0,0,0,0,0,0,1,2,2,6,9,19,23,29,33,48,50,77,110,156,206,246,293,373,392,541,602,657,713,744,763,803,857,895,914,949,1024,1038,1073,1114
12-11,FL,11,-82.0794267,28.70181754,0,0,0,0,0,0,0,0,0,0,0,0,0,0,0,0,0,0,0,0,0,0,0,0,0,0,0,0,0,0,0,0,0,0,0,0,0,0,0,0,0,0,0,0,0,0,0,0,0,0,0,0,0,0,0,0,1,2,2,4,5,8,10,13,24,29,33,43,46,51,52,66,68,73,75,80,84,90,98,106,107,110,112,113,114,117
12-12,FL,12,-82.40227529,28.30810945,0,0,0,0,0,0,0,0,0,0,0,0,0,0,0,0,0,0,0,0,0,0,0,0,0,0,0,0,0,0,0,0,0,0,0,0,0,0,0,0,0,0,0,0,0,0,0,0,0,1,1,1,1,2,2,2,3,5,7,8,11,14,15,17,19,23,28,34,38,40,43,66,77,90,102,110,120,125,128,141,148,160,169,177,186,190
12-13,FL,13,-82.72239666,27.93130349,0,0,0,0,0,0,0,0,0,0,0,0,0,0,0,0,0,0,0,0,0,0,0,0,0,0,0,0,0,0,0,0,0,0,0,0,0,0,0,0,0,0,0,0,0,0,0,0,0,2,2,2,2,2,2,4,10,16,22,29,38,41,45,50,64,77,94,113,126,167,170,273,318,342,359,362,380,394,413,428,444,455,479,494,513,530
12-15,FL,15,-82.32013172000002,27.9276559,0,0,0,0,0,0,0,0,0,0,0,0,0,0,0,0,0,0,0,0,0,0,0,0,0,0,0,0,0,0,0,0,0,0,0,0,0,0,0,0,1,2,2,2,2,2,2,2,2,3,2,3,2,4,4,7,14,20,32,47,58,75,91,106,142,167,195,218,253,305,309,404,463,497,536,571,608,626,644,671,690,759,813,819,869,878
12-16,FL,16,-82.31831044,27.471969419999997,0,0,0,0,0,0,0,0,0,0,0,0,0,0,0,0,0,0,0,0,0,0,0,0,0,0,0,0,0,0,0,0,0,0,0,0,0,0,0,0,0,0,0,0,0,0,1,2,2,2,2,2,4,4,4,7,8,9,10,13,13,15,16,22,26,28,30,33,39,53,58,89,104,129,136,144,162,171,175,198,203,236,252,261,276,309
12-17,FL,17,-82.33174248,27.18546175,0,0,0,0,0,0,0,0,0,0,0,0,0,0,0,0,0,0,0,0,0,0,0,0,0,0,0,0,0,0,0,0,0,0,0,0,0,0,0,0,0,0,0,0,0,0,0,0,0,0,0,2,1,1,1,2,5,6,8,14,15,21,26,27,34,40,48,50,61,76,82,110,124,129,140,151,172,180,190,208,219,226,230,241,252,260
12-18,FL,18,-80.47106649,27.37763908,0,0,0,0,0,0,0,0,0,0,0,0,0,0,0,0,0,0,0,0,0,0,0,0,0,0,0,0,0,0,0,0,0,0,0,0,0,0,0,0,0,0,0,0,0,0,0,0,0,0,0,0,0,0,0,0,0,0,0,1,3,5,6,8,10,14,21,23,29,38,40,48,60,76,82,100,118,130,132,144,148,152,161,165,172,186
12-19,FL,19,-81.88399313,26.58410348,0,0,0,0,0,0,0,0,0,0,0,0,0,0,0,0,0,0,0,0,0,0,0,0,0,0,0,0,0,0,0,0,0,0,0,0,0,0,0,0,0,0,0,0,0,2,2,2,2,2,3,4,4,5,5,5,10,11,14,17,26,30,32,42,56,76,101,124,164,206,212,275,304,348,379,397,434,462,496,547,584,617,642,657,677,687
12-20,FL,20,-80.46536002,26.64676272,0,0,0,0,0,0,0,0,0,0,0,0,0,0,0,0,0,0,0,0,0,0,0,0,0,0,0,0,0,0,0,0,0,0,0,0,0,0,0,0,0,0,0,0,0,0,0,0,0,0,0,2,5,5,5,13,19,29,42,56,72,89,101,118,169,194,292,333,423,551,567,737,858,954,1000,1069,1136,1206,1260,1388,1441,1646,1704,1740,1814,1867
12-25,FL,25,-81.16469006,26.55386945,0,0,0,0,0,0,0,0,0,0,0,0,0,0,0,0,0,0,0,0,0,0,0,0,0,0,0,0,0,0,0,0,0,0,0,0,0,0,0,0,0,0,0,0,0,0,0,0,0,0,0,0,0,0,0,0,0,0,0,0,0,0,0,0,0,0,0,1,3,4,4,4,5,6,7,9,9,10,11,14,16,20,22,23,26,27
12-26,FL,26,-81.07812416,25.20904673,0,0,0,0,0,0,0,0,0,0,0,0,0,0,0,0,0,0,0,0,0,0,0,0,0,0,0,0,0,0,0,0,0,0,0,0,0,0,0,0,0,0,0,0,0,0,0,0,0,0,0,0,0,0,0,0,0,0,1,1,1,2,3,8,12,16,20,22,24,27,27,38,40,42,44,45,49,51,52,55,58,59,64,64,66,66
12-9999,FL,9999,0.0,0.0,0,0,0,0,0,0,0,0,0,0,0,0,0,0,0,0,0,0,0,0,0,0,0,0,0,0,0,0,0,0,0,0,0,0,0,0,0,0,0,0,0,0,0,0,0,0,0,0,0,0,0,5,12,0,0,0,0,0,0,1,1,0,0,0,0,0,0,0,1,2,3,9,10,1,4,7,2,3,2,2,2,2,2,3,5,6
13-1,GA,1,-81.91894878,31.5521809,0,0,0,0,0,0,0,0,0,0,0,0,0,0,0,0,0,0,0,0,0,0,0,0,0,0,0,0,0,0,0,0,0,0,0,0,0,0,0,0,0,0,0,0,0,0,0,0,0,0,0,0,0,0,0,0,0,0,0,0,0,0,0,0,0,0,0,0,0,0,0,0,0,0,1,2,3,4,3,3,4,4,4,6,6,6
13-2,GA,2,-84.54742852,32.04066113,0,0,0,0,0,0,0,0,0,0,0,0,0,0,0,0,0,0,0,0,0,0,0,0,0,0,0,0,0,0,0,0,0,0,0,0,0,0,0,0,0,0,0,0,0,0,0,0,0,0,0,0,0,0,0,0,0,0,0,0,0,0,0,0,0,0,0,0,0,1,1,1,1,1,2,4,4,3,3,3,3,3,3,3,3,4
13-3,GA,3,-84.30024826,32.87920671,0,0,0,0,0,0,0,0,0,0,0,0,0,0,0,0,0,0,0,0,0,0,0,0,0,0,0,0,0,0,0,0,0,0,0,0,0,0,0,0,0,0,0,0,0,0,0,0,0,0,0,0,0,0,0,0,0,0,0,0,0,0,0,0,0,2,4,5,5,5,5,6,6,10,13,22,28,29,40,47,51,55,61,128,135,139
13-4,GA,4,-84.02202167000002,33.65145002,0,0,0,0,0,0,0,0,0,0,0,0,0,0,0,0,0,0,0,0,0,0,0,0,0,0,0,0,0,0,0,0,0,0,0,0,0,0,0,0,0,0,0,0,0,0,0,0,0,0,0,0,0,0,0,0,0,0,1,2,2,4,7,9,12,16,17,18,18,36,45,54,63,70,76,80,85,86,85,85,91,95,100,106,107,108
13-5,GA,5,-84.46319413,33.79216944,0,0,0,0,0,0,0,0,0,0,0,0,0,0,0,0,0,0,0,0,0,0,0,0,0,0,0,0,0,0,0,0,0,0,0,0,0,0,0,0,0,2,2,2,2,3,3,5,5,7,6,8,13,20,27,33,49,66,88,99,111,145,184,198,211,307,373,407,463,570,624,712,882,941,962,1027,1124,1240,1276,1364,1422,1467,1598,1812,1844,1929
13-7,GA,7,-84.02137802,33.96044201,0,0,0,0,0,0,0,0,0,0,0,0,0,0,0,0,0,0,0,0,0,0,0,0,0,0,0,0,0,0,0,0,0,0,0,0,0,0,0,0,0,0,0,0,0,0,0,0,2,2,2,2,2,4,5,7,7,12,23,23,27,34,45,48,75,102,129,143,158,238,250,282,329,364,408,443,525,565,603,646,675,690,739,815,852,896
13-8,GA,8,-83.85090513,31.55162306,0,0,0,0,0,0,0,0,0,0,0,0,0,0,0,0,0,0,0,0,0,0,0,0,0,0,0,0,0,0,0,0,0,0,0,0,0,0,0,0,0,0,0,0,0,0,0,0,0,0,0,0,0,0,0,0,0,0,2,2,2,3,4,4,5,7,8,10,11,29,28,28,30,35,36,39,55,64,68,75,78,84,91,99,104,112
13-9,GA,9,-83.74905525,34.64624278,0,0,0,0,0,0,0,0,0,0,0,0,0,0,0,0,0,0,0,0,0,0,0,0,0,0,0,0,0,0,0,0,0,0,0,0,0,0,0,0,0,0,0,0,0,0,0,0,0,0,0,0,0,0,0,0,0,0,0,0,0,0,0,1,1,1,1,1,1,3,3,3,3,3,4,4,9,10,11,11,11,11,11,14,14,15
13-10,GA,10,-82.74286107,33.78290391,0,0,0,0,0,0,0,0,0,0,0,0,0,0,0,0,0,0,0,0,0,0,0,0,0,0,0,0,0,0,0,0,0,0,0,0,0,0,0,0,0,0,0,0,0,0,0,0,0,0,0,0,0,0,0,0,0,0,0,0,0,0,0,1,1,1,1,1,1,2,2,2,3,3,3,4,5,5,5,6,6,6,6,8,8,10
13-11,GA,11,-84.5761255,33.94243204,0,0,0,0,0,0,0,0,0,0,0,0,0,0,0,0,0,0,0,0,0,0,0,0,0,0,0,0,0,0,0,0,0,0,0,0,0,0,0,0,0,0,0,0,0,1,1,3,4,7,8,8,15,19,22,25,28,37,47,50,67,79,86,101,115,144,181,222,245,279,293,329,381,428,456,515,550,588,629,662,696,714,782,895,924,990
13-12,GA,12,-82.72574721,32.12009104,0,0,0,0,0,0,0,0,0,0,0,0,0,0,0,0,0,0,0,0,0,0,0,0,0,0,0,0,0,0,0,0,0,0,0,0,0,0,0,0,0,0,0,0,0,0,0,0,0,0,0,0,0,0,0,0,0,0,0,0,0,0,0,0,0,0,0,1,1,1,1,1,1,1,1,1,1,1,2,2,2,2,2,3,3,3
13-13,GA,13,-84.77026156,33.70291126,0,0,0,0,0,0,0,0,0,0,0,0,0,0,0,0,0,0,0,0,0,0,0,0,0,0,0,0,0,0,0,0,0,0,0,0,0,0,0,0,0,0,0,0,0,0,0,0,0,0,0,0,0,0,0,0,0,0,1,4,4,7,11,17,18,27,35,37,39,50,55,60,71,80,86,102,111,122,127,142,147,153,167,189,197,202
13-14,GA,14,-84.96093476,34.80987459,0,0,0,0,0,0,0,0,0,0,0,0,0,0,0,0,0,0,0,0,0,0,0,0,0,0,0,0,0,0,0,0,0,0,0,0,0,0,0,0,0,0,0,0,0,0,0,0,0,0,0,0,0,0,0,0,1,1,1,1,2,2,2,4,5,6,6,8,7,10,10,15,15,16,16,17,21,21,20,24,24,24,26,29,31,33
13-9999,GA,9999,0.0,0.0,0,0,0,0,0,0,0,0,0,0,0,0,0,0,0,0,0,0,0,0,0,0,0,0,0,0,0,0,0,0,0,0,0,0,0,0,0,0,0,0,0,0,0,0,0,0,0,0,0,0,0,0,0,0,0,0,0,5,28,37,36,45,81,146,166,217,230,262,164,165,516,778,507,245,278,320,489,857,1020,1246,1397,1218,1219,287,263,144
15-1,HI,1,-157.9712182,21.45803166,0,0,0,0,0,0,0,0,0,0,0,0,0,0,0,0,0,0,0,0,0,0,0,0,0,0,0,0,0,0,0,0,0,0,0,0,0,0,0,0,0,0,0,0,0,1,1,1,2,2,2,2,2,3,5,6,10,10,28,28,41,41,58,58,68,76,108,108,123,139,157,182,237,266,281,292,312,312,334,334,343,350,352,358,369,369
15-2,HI,2,-156.5689097,20.86399628,0,0,0,0,0,0,0,0,0,0,0,0,0,0,0,0,0,0,0,0,0,0,0,0,0,0,0,0,0,0,0,0,0,0,0,0,0,0,0,0,0,0,0,0,0,0,0,0,0,0,0,0,0,1,1,2,3,3,5,5,9,9,9,9,13,14,16,16,20,25,25,26,36,38,43,44,48,48,57,57,66,84,86,88,92,92
15-9999,HI,9999,0.0,0.0,0,0,0,0,0,0,0,0,0,0,0,0,0,0,0,0,0,0,0,0,0,0,0,0,0,0,0,0,0,0,0,0,0,0,0,0,0,0,0,0,0,0,0,0,0,0,0,0,0,0,0,0,0,0,0,0,0,10,0,0,0,0,20,21,8,6,4,4,8,13,15,18,11,8,7,9,7,7,3,3,4,3,3,3,1,1
16-1,ID,1,-116.7847688,44.45275475,0,0,0,0,0,0,0,0,0,0,0,0,0,0,0,0,0,0,0,0,0,0,0,0,0,0,0,0,0,0,0,0,0,0,0,0,0,0,0,0,0,0,0,0,0,0,0,0,0,0,0,0,0,0,0,0,0,0,0,0,0,0,0,0,0,0,0,0,0,0,0,0,1,1,1,1,1,1,1,1,1,1,1,1,1,1
16-2,ID,2,-114.66853809999999,42.35440512,0,0,0,0,0,0,0,0,0,0,0,0,0,0,0,0,0,0,0,0,0,0,0,0,0,0,0,0,0,0,0,0,0,0,0,0,0,0,0,0,0,0,0,0,0,0,0,0,0,0,0,0,0,0,0,0,0,1,1,1,1,1,1,1,1,3,2,2,3,5,7,31,32,33,37,37,53,53,55,70,73,75,79,79,79,99
16-9999,ID,9999,0.0,0.0,0,0,0,0,0,0,0,0,0,0,0,0,0,0,0,0,0,0,0,0,0,0,0,0,0,0,0,0,0,0,0,0,0,0,0,0,0,0,0,0,0,0,0,0,0,0,0,0,0,0,0,1,0,0,0,0,0,0,0,0,0,0,0,0,0,0,0,0,0,0,0,9,0,0,0,0,0,0,0,0,0,0,0,0,0,0
17-1,IL,1,-87.97862712,41.44619267,0,0,0,0,0,0,0,0,0,0,0,0,0,0,0,0,0,0,0,0,0,0,0,0,0,0,0,0,0,0,0,0,0,0,0,0,0,0,0,0,0,0,0,0,0,0,0,0,0,0,0,0,0,0,1,2,3,9,9,12,21,24,28,40,40,104,127,182,223,228,322,384,455,582,648,697,697,914,914,1077,1126,1228,1283,1350,1433,1494
17-2,IL,2,-87.86205334,41.13746989,0,0,0,0,0,0,0,0,0,0,0,0,0,0,0,0,0,0,0,0,0,0,0,0,0,0,0,0,0,0,0,0,0,0,0,0,0,0,0,0,0,0,0,0,0,0,0,0,0,0,0,0,0,0,0,0,0,1,1,2,2,3,4,6,6,17,27,33,33,42,51,55,58,68,76,85,85,145,145,167,185,204,210,220,226,252
17-4,IL,4,-87.81658794,41.84144849,0,0,1,1,1,1,1,1,1,2,2,2,2,2,2,2,2,2,2,2,2,2,2,2,2,2,2,2,2,2,2,2,2,2,2,2,2,2,2,3,4,4,4,5,5,6,7,7,11,22,27,40,50,50,62,107,178,278,278,548,805,922,1194,1418,1418,2239,2613,3445,3727,4496,5152,5575,6111,7439,8034,8728,8728,10520,10520,12472,13417,14585,15474,16323,17306,18087
17-6,IL,6,-88.08642662,41.85116968,0,0,0,0,0,0,0,0,0,0,0,0,0,0,0,0,0,0,0,0,0,0,0,0,0,0,0,0,0,0,0,0,0,0,0,0,0,0,0,0,0,0,0,0,0,0,0,0,0,0,0,0,1,1,1,26,45,54,54,65,79,95,103,131,131,199,202,274,320,356,392,448,500,590,656,715,715,875,875,1008,1048,1162,1223,1312,1386,1463
17-10,IL,10,-88.00367925,42.3224907,0,0,0,0,0,0,0,0,0,0,0,0,0,0,0,0,0,0,0,0,0,0,0,0,0,0,0,0,0,0,0,0,0,0,0,0,0,0,0,0,0,0,0,0,0,0,0,0,0,1,1,2,3,3,4,7,18,37,37,63,69,96,111,139,139,230,241,300,343,389,477,540,608,683,742,815,815,1041,1041,1230,1331,1445,1516,1621,1711,1767
17-12,IL,12,-88.92994027000002,37.73033511,0,0,0,0,0,0,0,0,0,0,0,0,0,0,0,0,0,0,0,0,0,0,0,0,0,0,0,0,0,0,0,0,0,0,0,0,0,0,0,0,0,0,0,0,0,0,0,0,0,0,0,0,0,0,0,0,0,1,1,1,1,1,0,0,0,1,1,1,1,1,1,1,2,3,3,3,3,9,9,10,10,10,10,10,12,12
17-13,IL,13,-89.65872023,39.75836914,0,0,0,0,0,0,0,0,0,0,0,0,0,0,0,0,0,0,0,0,0,0,0,0,0,0,0,0,0,0,0,0,0,0,0,0,0,0,0,0,0,0,0,0,0,0,0,0,0,0,0,0,0,2,2,4,3,4,4,4,4,4,5,5,5,7,8,9,12,14,17,18,20,25,29,31,31,33,33,42,43,43,44,50,50,54
17-14,IL,14,-88.45248227,42.32451172,0,0,0,0,0,0,0,0,0,0,0,0,0,0,0,0,0,0,0,0,0,0,0,0,0,0,0,0,0,0,0,0,0,0,0,0,0,0,0,0,0,0,0,0,0,0,0,0,0,1,2,2,2,2,2,2,4,6,6,11,12,12,14,19,19,45,47,52,52,63,69,81,102,122,133,144,144,180,180,206,220,235,245,257,264,279
17-15,IL,15,-89.40982703,38.35309213,0,0,0,0,0,0,0,0,0,0,0,0,0,0,0,0,0,0,0,0,0,0,0,0,0,0,0,0,0,0,0,0,0,0,0,0,0,0,0,0,0,0,0,0,0,0,0,0,0,0,0,0,0,0,0,0,0,1,1,1,1,1,1,1,1,1,1,1,1,1,1,1,1,1,1,2,2,2,2,2,2,2,2,2,3,4
17-16,IL,16,-89.16085327,42.33641854,0,0,0,0,0,0,0,0,0,0,0,0,0,0,0,0,0,0,0,0,0,0,0,0,0,0,0,0,0,0,0,0,0,0,0,0,0,0,0,0,0,0,0,0,0,0,0,0,0,0,0,0,0,0,0,1,1,1,1,4,4,5,5,7,7,8,9,12,13,15,18,24,28,36,42,49,49,63,63,77,80,94,99,101,112,121
17-17,IL,17,-89.91556058,41.75509713,0,0,0,0,0,0,0,0,0,0,0,0,0,0,0,0,0,0,0,0,0,0,0,0,0,0,0,0,0,0,0,0,0,0,0,0,0,0,0,0,0,0,0,0,0,0,0,0,0,0,0,0,0,0,0,1,1,1,1,1,1,1,1,1,1,2,2,3,4,5,5,6,9,15,18,18,18,21,21,24,25,26,28,30,29,30
17-18,IL,18,-89.20973757,40.78579374,0,0,0,0,0,0,0,0,0,0,0,0,0,0,0,0,0,0,0,0,0,0,0,0,0,0,0,0,0,0,0,0,0,0,0,0,0,0,0,0,0,0,0,0,0,0,0,0,0,0,0,0,1,1,1,1,1,2,2,2,2,2,3,3,3,3,3,4,3,3,3,3,4,6,6,6,6,7,7,7,7,7,9,10,11,11
17-9999,IL,9999,0.0,0.0,0,0,0,0,0,0,0,0,0,0,0,0,0,0,0,0,0,0,0,0,0,0,0,0,0,0,0,0,0,0,0,0,0,0,0,0,0,0,0,0,0,0,0,0,0,0,0,0,0,0,0,0,0,0,0,0,0,6,167,3,2,63,0,2,668,0,8,8,13,18,28,37,415,58,62,72,72,73,73,81,85,101,65,54,45,55
18-1,IN,1,-87.06848888,41.45986947,0,0,0,0,0,0,0,0,0,0,0,0,0,0,0,0,0,0,0,0,0,0,0,0,0,0,0,0,0,0,0,0,0,0,0,0,0,0,0,0,0,0,0,0,0,0,0,0,0,0,0,0,0,0,0,0,0,0,0,0,0,0,1,3,5,6,9,14,15,21,27,35,45,51,59,79,84,85,93,95,107,118,120,127,135,143
18-2,IN,2,-85.79328272,40.84704239,0,0,0,0,0,0,0,0,0,0,0,0,0,0,0,0,0,0,0,0,0,0,0,0,0,0,0,0,0,0,0,0,0,0,0,0,0,0,0,0,0,0,0,0,0,0,0,0,0,0,0,0,0,0,0,0,0,0,0,0,0,0,0,0,0,1,1,1,1,1,1,1,1,1,1,3,5,5,6,7,7,7,7,7,7,8
18-3,IN,3,-85.50791236,41.13863784,0,0,0,0,0,0,0,0,0,0,0,0,0,0,0,0,0,0,0,0,0,0,0,0,0,0,0,0,0,0,0,0,0,0,0,0,0,0,0,0,0,0,0,0,0,0,0,0,0,0,0,0,0,0,0,0,0,0,0,0,0,0,0,0,0,0,1,1,1,2,3,3,4,5,6,8,8,8,8,10,11,12,13,14,14,15
18-4,IN,4,-86.86492015,40.74911165,0,0,0,0,0,0,0,0,0,0,0,0,0,0,0,0,0,0,0,0,0,0,0,0,0,0,0,0,0,0,0,0,0,0,0,0,0,0,0,0,0,0,0,0,0,0,0,0,0,0,0,0,0,0,0,0,0,0,0,0,0,0,0,0,0,0,1,1,2,2,2,3,3,3,3,3,3,3,3,3,3,3,4,5,5,5
18-5,IN,5,-86.05234925,40.31123252,0,0,0,0,0,0,0,0,0,0,0,0,0,0,0,0,0,0,0,0,0,0,0,0,0,0,0,0,0,0,0,0,0,0,0,0,0,0,0,0,0,0,0,0,0,0,0,0,0,0,0,0,0,0,0,0,0,0,0,0,1,1,2,2,2,2,2,4,4,4,5,5,5,6,6,6,8,9,9,9,9,9,10,10,10,10
18-6,IN,6,-85.01044989,39.8633444,0,0,0,0,0,0,0,0,0,0,0,0,0,0,0,0,0,0,0,0,0,0,0,0,0,0,0,0,0,0,0,0,0,0,0,0,0,0,0,0,0,0,0,0,0,0,0,0,0,0,0,0,0,0,0,0,0,1,1,1,1,1,0,0,1,1,1,1,1,2,3,3,6,6,8,10,13,16,16,16,17,17,19,19,20,21
18-7,IN,7,-86.13826325,39.78163624,0,0,0,0,0,0,0,0,0,0,0,0,0,0,0,0,0,0,0,0,0,0,0,0,0,0,0,0,0,0,0,0,0,0,0,0,0,0,0,0,0,0,0,0,1,1,1,1,1,1,2,2,3,6,7,9,11,19,25,46,82,82,161,226,293,484,584,676,804,964,1117,1304,1429,1570,1760,1956,2141,2290,2415,2600,2742,2887,3012,3063,3204,3320
18-8,IN,8,-87.2716085,38.08922676,0,0,0,0,0,0,0,0,0,0,0,0,0,0,0,0,0,0,0,0,0,0,0,0,0,0,0,0,0,0,0,0,0,0,0,0,0,0,0,0,0,0,0,0,0,0,0,0,0,0,0,0,0,0,0,0,0,0,0,0,0,0,1,0,3,3,6,8,8,8,8,8,10,12,13,19,23,26,30,33,34,36,38,39,41,51
18-9,IN,9,-86.1049363,38.60219804,0,0,0,0,0,0,0,0,0,0,0,0,0,0,0,0,0,0,0,0,0,0,0,0,0,0,0,0,0,0,0,0,0,0,0,0,0,0,0,0,0,0,0,0,0,0,0,0,0,0,0,0,0,0,0,0,0,0,0,0,1,1,2,2,3,4,4,5,6,6,9,12,14,16,18,18,20,21,23,23,23,25,26,26,27,28
18-9999,IN,9999,0.0,0.0,0,0,0,0,0,0,0,0,0,0,0,0,0,0,0,0,0,0,0,0,0,0,0,0,0,0,0,0,0,0,0,0,0,0,0,0,0,0,0,0,0,0,0,0,0,0,0,0,0,0,0,0,0,0,0,0,0,0,0,0,0,56,0,0,0,0,0,0,0,0,0,0,0,0,0,20,0,0,0,0,0,0,0,0,0,0
19-1,IA,1,-93.26087602,43.37750768,0,0,0,0,0,0,0,0,0,0,0,0,0,0,0,0,0,0,0,0,0,0,0,0,0,0,0,0,0,0,0,0,0,0,0,0,0,0,0,0,0,0,0,0,0,0,0,0,0,0,0,0,0,0,0,0,0,0,0,0,0,0,0,0,0,0,0,0,0,0,0,0,0,0,0,0,0,1,1,1,1,1,1,1,1,1
19-2,IA,2,-91.71725711,41.33577126,0,0,0,0,0,0,0,0,0,0,0,0,0,0,0,0,0,0,0,0,0,0,0,0,0,0,0,0,0,0,0,0,0,0,0,0,0,0,0,0,0,0,0,0,0,0,0,0,0,0,0,0,0,0,0,0,1,1,1,2,3,3,4,6,8,11,11,13,18,24,34,36,43,47,49,52,57,62,65,70,79,81,89,95,101,106
19-3,IA,3,-93.56007641,41.33559454,0,0,0,0,0,0,0,0,0,0,0,0,0,0,0,0,0,0,0,0,0,0,0,0,0,0,0,0,0,0,0,0,0,0,0,0,0,0,0,0,0,0,0,0,0,0,0,0,0,0,0,0,0,0,0,0,0,0,0,0,0,0,1,1,1,1,1,1,1,3,4,6,8,9,10,11,12,13,13,15,15,16,14,15,16,17
19-4,IA,4,-93.73515113,42.73305373,0,0,0,0,0,0,0,0,0,0,0,0,0,0,0,0,0,0,0,0,0,0,0,0,0,0,0,0,0,0,0,0,0,0,0,0,0,0,0,0,0,0,0,0,0,0,0,0,0,0,0,0,0,0,0,0,0,0,0,0,0,0,0,0,0,1,1,1,1,1,1,1,1,1,1,1,1,1,1,1,1,1,1,1,1,1
19-9999,IA,9999,0.0,0.0,0,0,0,0,0,0,0,0,0,0,0,0,0,0,0,0,0,0,0,0,0,0,0,0,0,0,0,0,0,0,0,0,0,0,0,0,0,0,0,0,0,0,0,0,0,0,0,0,0,0,0,0,0,0,0,0,0,0,0,0,0,0,2,0,0,0,0,0,0,2,0,0,0,0,0,0,0,0,0,0,0,0,0,0,0,0
20-1,KS,1,-96.20350509,38.95471985,0,0,0,0,0,0,0,0,0,0,0,0,0,0,0,0,0,0,0,0,0,0,0,0,0,0,0,0,0,0,0,0,0,0,0,0,0,0,0,0,0,0,0,0,0,0,0,0,0,0,0,0,0,0,0,0,0,0,0,0,0,0,0,0,0,0,0,0,0,0,0,0,0,0,1,1,1,1,7,7,1,1,1,1,1,1
20-2,KS,2,-95.74006277,37.8865336,0,0,0,0,0,0,0,0,0,0,0,0,0,0,0,0,0,0,0,0,0,0,0,0,0,0,0,0,0,0,0,0,0,0,0,0,0,0,0,0,0,0,0,0,0,0,0,0,0,0,0,0,0,0,0,0,0,0,0,0,0,0,1,1,1,1,1,1,1,2,3,3,3,3,3,3,3,3,3,3,3,3,3,3,4,4
20-3,KS,3,-94.76378225,39.11727348,0,0,0,0,0,0,0,0,0,0,0,0,0,0,0,0,0,0,0,0,0,0,0,0,0,0,0,0,0,0,0,0,0,0,0,0,0,0,0,0,0,0,0,0,0,0,0,0,0,0,0,1,1,1,1,4,4,8,9,13,14,16,22,27,34,43,53,55,67,79,93,106,137,149,158,186,195,245,272,272,315,332,337,345,363,379
20-4,KS,4,-97.47721621,37.23682549,0,0,0,0,0,0,0,0,0,0,0,0,0,0,0,0,0,0,0,0,0,0,0,0,0,0,0,0,0,0,0,0,0,0,0,0,0,0,0,0,0,0,0,0,0,0,0,0,0,0,0,0,0,0,0,0,0,0,0,0,0,0,0,0,1,1,1,1,1,1,1,1,2,2,2,2,2,2,2,2,2,2,2,2,2,3
21-1,KY,1,-87.67989953,37.52168356,0,0,0,0,0,0,0,0,0,0,0,0,0,0,0,0,0,0,0,0,0,0,0,0,0,0,0,0,0,0,0,0,0,0,0,0,0,0,0,0,0,0,0,0,0,0,0,0,0,0,0,0,0,0,0,0,0,0,0,0,0,0,1,1,1,1,1,2,2,2,2,2,2,3,3,3,3,3,3,7,7,8,8,7,9,11
21-2,KY,2,-85.17407732,37.75599461,0,0,0,0,0,0,0,0,0,0,0,0,0,0,0,0,0,0,0,0,0,0,0,0,0,0,0,0,0,0,0,0,0,0,0,0,0,0,0,0,0,0,0,0,0,0,0,0,0,0,0,0,0,0,0,0,0,0,0,0,0,0,0,0,0,0,0,1,1,1,1,1,1,2,2,2,2,2,3,3,3,3,3,3,3,3
21-3,KY,3,-85.65931031,38.18664655,0,0,0,0,0,0,0,0,0,0,0,0,0,0,0,0,0,0,0,0,0,0,0,0,0,0,0,0,0,0,0,0,0,0,0,0,0,0,0,0,0,0,0,0,0,0,0,1,1,1,2,2,4,4,6,7,8,8,25,25,25,33,33,35,35,35,103,97,116,206,206,228,228,299,304,304,319,319,380,380,380,495,550,531,573,600
21-4,KY,4,-85.33775972,38.61056487,0,0,0,0,0,0,0,0,0,0,0,0,0,0,0,0,0,0,0,0,0,0,0,0,0,0,0,0,0,0,0,0,0,0,0,0,0,0,0,0,0,0,0,0,0,0,0,0,0,0,0,0,0,0,0,0,0,0,0,0,0,0,0,0,0,0,0,0,0,0,0,0,0,0,0,0,0,0,0,0,0,2,2,1,1,1
21-5,KY,5,-84.14541217,36.75700531,0,0,0,0,0,0,0,0,0,0,0,0,0,0,0,0,0,0,0,0,0,0,0,0,0,0,0,0,0,0,0,0,0,0,0,0,0,0,0,0,0,0,0,0,0,0,0,0,0,0,0,0,0,0,0,0,0,0,0,0,0,0,0,0,0,0,0,0,0,0,0,0,0,0,0,0,0,0,1,1,1,4,4,5,5,7
21-6,KY,6,-84.7417556,38.04178222,0,0,0,0,0,0,0,0,0,0,0,0,0,0,0,0,0,0,0,0,0,0,0,0,0,0,0,0,0,0,0,0,0,0,0,0,0,0,0,0,0,0,0,0,0,0,0,0,0,0,0,0,0,0,0,0,0,0,0,0,0,0,0,0,0,0,0,3,3,5,5,5,5,8,9,9,8,8,9,9,9,17,17,16,16,20
21-9999,KY,9999,0.0,0.0,0,0,0,0,0,0,0,0,0,0,0,0,0,0,0,0,0,0,0,0,0,0,0,0,0,0,0,0,0,0,0,0,0,0,0,0,0,0,0,0,0,0,0,0,0,0,0,0,0,0,0,2,0,0,0,0,0,19,0,23,39,15,46,54,104,158,150,69,53,14,18,113,113,29,34,34,152,152,76,385,385,112,112,23,78,77
22-1,LA,1,-90.82626855,29.373437660000004,0,0,0,0,0,0,0,0,0,0,0,0,0,0,0,0,0,0,0,0,0,0,0,0,0,0,0,0,0,0,0,0,0,0,0,0,0,0,0,0,0,0,0,0,0,0,0,0,0,0,0,0,1,1,3,3,3,4,7,11,11,14,14,15,21,23,26,29,34,40,55,97,102,143,148,182,194,209,233,244,248,255,260,265,273,283
22-2,LA,2,-90.80212061,30.02531716,0,0,0,0,0,0,0,0,0,0,0,0,0,0,0,0,0,0,0,0,0,0,0,0,0,0,0,0,0,0,0,0,0,0,0,0,0,0,0,0,0,0,0,0,0,0,0,0,0,0,0,0,0,0,0,0,0,1,1,1,1,8,9,14,29,40,48,55,65,77,86,110,116,150,155,167,176,181,191,194,197,204,207,208,210,214
22-3,LA,3,-92.30292538,29.83517605,0,0,0,0,0,0,0,0,0,0,0,0,0,0,0,0,0,0,0,0,0,0,0,0,0,0,0,0,0,0,0,0,0,0,0,0,0,0,0,0,0,0,0,0,0,0,0,0,0,0,0,0,0,0,0,0,0,0,0,0,0,0,0,0,1,2,3,2,3,8,10,16,18,15,16,17,19,22,22,22,24,26,26,27,27,28
22-4,LA,4,-93.33121835,32.70847669,0,0,0,0,0,0,0,0,0,0,0,0,0,0,0,0,0,0,0,0,0,0,0,0,0,0,0,0,0,0,0,0,0,0,0,0,0,0,0,0,0,0,0,0,0,0,0,0,0,0,0,0,0,0,0,0,0,0,1,1,1,3,3,5,8,9,9,9,11,17,17,19,23,42,49,51,50,51,55,57,60,62,65,65,69,71
22-5,LA,5,-92.63789413,31.944493670000004,0,0,0,0,0,0,0,0,0,0,0,0,0,0,0,0,0,0,0,0,0,0,0,0,0,0,0,0,0,0,0,0,0,0,0,0,0,0,0,0,0,0,0,0,0,0,0,0,0,0,0,0,0,0,0,0,0,0,0,0,0,0,0,1,1,1,1,1,1,1,1,2,2,2,2,2,3,5,7,8,9,12,12,12,12,17
22-6,LA,6,-91.30989571,30.46058217,0,0,0,0,0,0,0,0,0,0,0,0,0,0,0,0,0,0,0,0,0,0,0,0,0,0,0,0,0,0,0,0,0,0,0,0,0,0,0,0,0,0,0,0,0,0,0,0,0,0,0,0,0,0,0,0,0,1,3,3,3,5,5,7,8,11,12,12,12,13,14,19,23,40,40,45,52,54,57,61,66,68,72,76,78,81
22-9999,LA,9999,0.0,0.0,0,0,0,0,0,0,0,0,0,0,0,0,0,0,0,0,0,0,0,0,0,0,0,0,0,0,0,0,0,0,0,0,0,0,0,0,0,0,0,0,0,0,0,0,0,0,0,0,0,0,0,0,4,0,0,0,0,48,7,9,50,11,12,11,13,16,9,8,14,22,28,38,40,31,31,48,49,49,51,54,54,54,56,56,56,56
23-1,ME,1,-70.71052375,43.47808377,0,0,0,0,0,0,0,0,0,0,0,0,0,0,0,0,0,0,0,0,0,0,0,0,0,0,0,0,0,0,0,0,0,0,0,0,0,0,0,0,0,0,0,0,0,0,0,0,0,0,0,0,0,0,0,1,2,2,5,8,8,12,16,23,27,33,38,47,53,59,59,74,89,95,101,108,115,121,132,137,143,144,151,152,156,164
23-2,ME,2,-67.62813524,45.01607142,0,0,0,0,0,0,0,0,0,0,0,0,0,0,0,0,0,0,0,0,0,0,0,0,0,0,0,0,0,0,0,0,0,0,0,0,0,0,0,0,0,0,0,0,0,0,0,0,0,0,0,0,0,0,0,0,0,0,0,0,0,0,0,0,0,0,0,0,0,0,0,0,1,1,1,1,1,1,1,1,1,1,1,1,2,2
23-9999,ME,9999,0.0,0.0,0,0,0,0,0,0,0,0,0,0,0,0,0,0,0,0,0,0,0,0,0,0,0,0,0,0,0,0,0,0,0,0,0,0,0,0,0,0,0,0,0,0,0,0,0,0,0,0,0,0,0,2,2,0,0,0,0,13,2,3,8,5,0,2,1,3,3,5,5,6,6,8,11,12,11,11,9,8,4,3,3,3,5,2,2,2
24-1,MD,1,-75.33200012,38.21274277,0,0,0,0,0,0,0,0,0,0,0,0,0,0,0,0,0,0,0,0,0,0,0,0,0,0,0,0,0,0,0,0,0,0,0,0,0,0,0,0,0,0,0,0,0,0,0,0,0,0,0,0,0,0,0,0,0,0,1,1,2,2,2,2,2,2,2,2,3,3,4,5,5,7,9,10,10,10,16,16,19,20,21,21,22,25
24-2,MD,2,-76.62911955,39.45784712,0,0,0,0,0,0,0,0,0,0,0,0,0,0,0,0,0,0,0,0,0,0,0,0,0,0,0,0,0,0,0,0,0,0,0,0,0,0,0,0,0,0,0,0,0,0,0,0,0,0,1,2,2,3,4,6,10,12,13,19,28,35,42,51,81,103,141,162,186,227,289,353,427,491,590,648,652,866,979,1072,1173,1257,1361,1377,1485,1516
24-4,MD,4,-76.8496441,38.83070039,0,0,0,0,0,0,0,0,0,0,0,0,0,0,0,0,0,0,0,0,0,0,0,0,0,0,0,0,0,0,0,0,0,0,0,0,0,0,0,0,0,0,0,0,0,0,0,0,3,3,4,6,7,7,10,14,20,23,31,36,40,47,63,76,101,148,196,247,294,341,403,473,563,653,785,916,1020,1310,1476,1716,1923,2035,2205,2356,2516,2722
24-5,MD,5,-76.6062928,38.30058422,0,0,0,0,0,0,0,0,0,0,0,0,0,0,0,0,0,0,0,0,0,0,0,0,0,0,0,0,0,0,0,0,0,0,0,0,0,0,0,0,0,0,0,0,0,0,0,0,0,0,0,0,0,0,0,0,0,0,0,0,1,1,2,2,4,4,8,9,9,15,19,27,30,34,40,41,46,62,65,71,73,82,95,98,99,98
24-6,MD,6,-77.82002295,39.60835778,0,0,0,0,0,0,0,0,0,0,0,0,0,0,0,0,0,0,0,0,0,0,0,0,0,0,0,0,0,0,0,0,0,0,0,0,0,0,0,0,0,0,0,0,0,0,0,0,0,0,0,0,0,0,0,0,0,0,0,0,1,2,2,4,4,5,6,6,7,11,15,17,27,29,34,37,44,57,60,66,72,75,93,96,106,109
24-7,MD,7,-76.61151012,39.30211911,0,0,0,0,0,0,0,0,0,0,0,0,0,0,0,0,0,0,0,0,0,0,0,0,0,0,0,0,0,0,0,0,0,0,0,0,0,0,0,0,0,0,0,0,0,0,0,0,0,0,0,0,0,1,2,2,4,8,11,15,24,31,41,53,72,88,112,129,152,187,221,265,313,343,394,435,459,571,638,689,756,812,873,962,1060,1160
24-8,MD,8,-77.02373735,39.56453592,0,0,0,0,0,0,0,0,0,0,0,0,0,0,0,0,0,0,0,0,0,0,0,0,0,0,0,0,0,0,0,0,0,0,0,0,0,0,0,0,0,0,0,0,0,0,0,0,0,0,0,1,1,1,1,2,1,2,4,3,4,5,5,5,7,9,10,82,82,92,96,105,129,134,142,150,159,186,203,214,214,236,250,259,262,283
24-9999,MD,9999,0.0,0.0,0,0,0,0,0,0,0,0,0,0,0,0,0,0,0,0,0,0,0,0,0,0,0,0,0,0,0,0,0,0,0,0,0,0,0,0,0,0,0,0,0,0,0,0,0,0,0,0,0,0,0,0,7,0,0,0,0,0,0,0,0,0,0,0,0,0,0,0,0,0,0,0,0,0,0,0,0,0,0,0,0,0,0,0,0,0
25-1,MA,1,-72.63235561,42.13440424,0,0,0,0,0,0,0,0,0,0,0,0,0,0,0,0,0,0,0,0,0,0,0,0,0,0,0,0,0,0,0,0,0,0,0,0,0,0,0,0,0,0,0,0,0,0,0,0,0,0,0,0,0,0,1,1,2,3,3,9,12,15,24,45,55,90,183,201,255,354,475,546,661,733,768,889,997,1081,1276,1394,1545,1647,1694,1798,1885,1985
25-2,MA,2,-71.90493363,42.35026951,0,0,0,0,0,0,0,0,0,0,0,0,0,0,0,0,0,0,0,0,0,0,0,0,0,0,0,0,0,0,0,0,0,0,0,0,0,0,0,0,0,0,0,0,0,0,0,0,1,1,1,2,2,2,6,8,10,14,19,24,37,42,73,129,166,219,291,337,390,433,563,667,825,915,978,1077,1172,1296,1461,1678,1822,2032,2128,2246,2350,2503
25-3,MA,3,-71.39049229,42.48607732,0,0,0,0,0,0,0,0,0,0,0,0,0,0,0,0,0,0,0,0,0,0,0,0,0,0,0,0,0,0,0,0,0,0,0,0,0,0,0,0,0,0,0,0,1,1,7,7,15,41,49,60,65,65,83,89,100,119,144,177,199,232,304,446,538,685,842,981,1141,1340,1582,1870,2202,2468,2632,2950,3187,3545,4045,4447,4872,5660,5983,6254,6681,7206
25-4,MA,4,-71.10872211,41.79228404,0,0,0,0,0,0,0,0,0,0,0,0,0,0,0,0,0,0,0,0,0,0,0,0,0,0,0,0,0,0,0,0,0,0,0,0,0,0,0,0,0,0,0,0,0,0,0,0,0,0,0,0,1,1,2,5,5,6,6,14,24,25,31,67,90,129,179,208,263,306,366,424,517,601,659,722,768,835,994,1086,1191,1327,1394,1435,1508,1605
25-6,MA,6,-70.94687179,42.6687626,0,0,0,0,0,0,0,0,0,0,0,0,0,0,0,0,0,0,0,0,0,0,0,0,0,0,0,0,0,0,0,0,0,0,0,0,0,0,0,0,0,0,0,0,0,0,0,0,0,1,2,2,5,5,8,8,14,19,29,41,60,73,118,177,247,350,472,570,653,784,885,1039,1238,1400,1506,1653,1841,2103,2336,2670,2896,3170,3413,3594,3894,4245
25-7,MA,7,-71.07850442,42.3279514,0,0,0,0,0,0,0,0,0,0,1,1,1,1,1,1,1,1,1,1,1,1,1,1,1,1,1,1,1,1,1,1,1,1,1,1,1,1,1,1,1,1,1,1,3,3,8,8,10,20,22,26,27,27,36,42,51,72,86,108,126,154,234,342,448,631,843,940,1115,1373,1624,1896,2183,2429,2658,2929,3245,3600,4041,4534,4926,5359,5579,5872,6279,6820
25-8,MA,8,-71.20530408,42.16073095,0,0,0,0,0,0,0,0,0,0,0,0,0,0,0,0,0,0,0,0,0,0,0,0,0,0,0,0,0,0,0,0,0,0,0,0,0,0,0,0,0,1,1,1,2,2,6,6,10,22,24,24,28,28,36,43,45,52,64,69,75,82,129,222,292,393,490,548,628,738,829,938,1045,1199,1271,1382,1592,1778,2007,2216,2395,2649,2838,2969,3122,3342
25-9,MA,9,-70.68763497,41.40674725,0,0,0,0,0,0,0,0,0,0,0,0,0,0,0,0,0,0,0,0,0,0,0,0,0,0,0,0,0,0,0,0,0,0,0,0,0,0,0,0,0,0,0,0,0,0,0,0,0,0,0,0,0,0,0,0,0,0,0,1,1,1,2,3,3,4,8,8,8,8,11,12,16,16,17,17,18,17,18,21,21,21,21,21,20,21
25-9999,MA,9999,0.0,0.0,0,0,0,0,0,0,0,0,0,0,0,0,0,0,0,0,0,0,0,0,0,0,0,0,0,0,0,0,0,0,0,0,0,0,0,0,0,0,0,0,0,0,0,0,0,0,0,0,0,0,0,0,0,0,0,0,0,13,19,20,24,53,85,159,267,303,356,460,489,333,251,270,213,274,215,246,229,223,203,129,225,373,447,506,572,638
26-1,MI,1,-86.19972234,46.19235734,0,0,0,0,0,0,0,0,0,0,0,0,0,0,0,0,0,0,0,0,0,0,0,0,0,0,0,0,0,0,0,0,0,0,0,0,0,0,0,0,0,0,0,0,0,0,0,0,0,0,0,0,0,0,0,0,0,0,0,0,0,0,0,0,0,0,0,0,0,1,0,0,0,0,0,0,0,1,1,1,2,2,3,3,3,3
26-2,MI,2,-85.9969107,42.95996803,0,0,0,0,0,0,0,0,0,0,0,0,0,0,0,0,0,0,0,0,0,0,0,0,0,0,0,0,0,0,0,0,0,0,0,0,0,0,0,0,0,0,0,0,0,0,0,0,0,0,0,0,0,0,1,1,1,1,1,2,6,11,15,16,18,21,23,25,28,31,31,35,37,39,44,44,52,55,59,61,64,66,69,67,74,82
26-3,MI,3,-85.54934641999999,43.03197710999999,0,0,0,0,0,0,0,0,0,0,0,0,0,0,0,0,0,0,0,0,0,0,0,0,0,0,0,0,0,0,0,0,0,0,0,0,0,0,0,0,0,0,0,0,0,0,0,0,0,0,0,3,3,3,5,5,5,7,12,21,22,28,31,36,41,45,53,72,96,108,119,125,136,153,165,177,187,207,233,250,270,287,311,325,354,385
26-4,MI,4,-85.57712739,44.33853602,0,0,0,0,0,0,0,0,0,0,0,0,0,0,0,0,0,0,0,0,0,0,0,0,0,0,0,0,0,0,0,0,0,0,0,0,0,0,0,0,0,0,0,0,0,0,0,0,0,0,0,0,0,0,0,0,0,0,0,1,1,1,1,1,1,1,1,1,2,2,2,3,4,4,5,5,7,7,7,7,7,7,7,7,7,7
26-5,MI,5,-84.0513121,43.33433923,0,0,0,0,0,0,0,0,0,0,0,0,0,0,0,0,0,0,0,0,0,0,0,0,0,0,0,0,0,0,0,0,0,0,0,0,0,0,0,0,0,0,0,0,0,0,0,0,0,0,0,0,0,0,0,0,0,0,0,1,2,2,8,9,10,14,19,24,36,51,71,82,90,103,118,139,153,186,205,240,254,274,293,302,313,349
26-6,MI,6,-86.01939087,42.25190228999999,0,0,0,0,0,0,0,0,0,0,0,0,0,0,0,0,0,0,0,0,0,0,0,0,0,0,0,0,0,0,0,0,0,0,0,0,0,0,0,0,0,0,0,0,0,0,0,0,0,0,0,0,0,0,0,0,0,0,0,0,0,0,0,2,2,3,4,4,4,7,10,12,12,12,14,16,17,18,18,20,21,21,21,22,26,26
26-7,MI,7,-83.83853204,42.253105,0,0,0,0,0,0,0,0,0,0,0,0,0,0,0,0,0,0,0,0,0,0,0,0,0,0,0,0,0,0,0,0,0,0,0,0,0,0,0,0,0,0,0,0,0,0,0,0,0,0,0,3,3,4,7,7,7,14,16,29,35,42,50,72,92,150,185,233,266,305,401,438,477,501,518,539,559,610,637,659,685,716,736,772,798,826
26-8,MI,8,-83.91297209,42.60302282,0,0,0,0,0,0,0,0,0,0,0,0,0,0,0,0,0,0,0,0,0,0,0,0,0,0,0,0,0,0,0,0,0,0,0,0,0,0,0,0,0,0,0,0,0,0,0,0,0,0,0,0,0,0,0,0,0,1,3,6,8,9,13,16,21,31,41,59,64,80,102,113,121,129,135,143,155,174,181,196,206,209,225,238,254,263
26-10,MI,10,-83.41897025,43.46606813,0,0,0,0,0,0,0,0,0,0,0,0,0,0,0,0,0,0,0,0,0,0,0,0,0,0,0,0,0,0,0,0,0,0,0,0,0,0,0,0,0,0,0,0,0,0,0,0,0,0,0,0,0,0,0,0,0,0,0,0,1,1,1,2,2,2,4,4,5,9,11,14,15,20,22,22,26,27,36,41,40,45,45,45,47,50
26-11,MI,11,-83.38595416,42.66090111,0,0,0,0,0,0,0,0,0,0,0,0,0,0,0,0,0,0,0,0,0,0,0,0,0,0,0,0,0,0,0,0,0,0,0,0,0,0,0,0,0,0,0,0,0,0,0,0,0,1,1,3,6,9,14,16,59,105,184,230,277,329,428,543,668,824,1018,1170,1365,1591,1910,2183,2540,2785,3035,3380,3736,4007,4247,4511,4802,4915,5073,5364,5576,5778
26-13,MI,13,-83.281255,42.28098405,0,0,0,0,0,0,0,0,0,0,0,0,0,0,0,0,0,0,0,0,0,0,0,0,0,0,0,0,0,0,0,0,0,0,0,0,0,0,0,0,0,0,0,0,0,0,0,0,0,1,1,2,6,8,14,14,23,44,67,102,477,638,876,1122,1389,1810,2316,2704,3195,3735,4470,5069,6096,6762,7518,8270,9045,9626,10093,10539,10951,11164,11648,12209,12544,12544
26-9999,MI,9999,0.0,0.0,0,0,0,0,0,0,0,0,0,0,0,0,0,0,0,0,0,0,0,0,0,0,0,0,0,0,0,0,0,0,0,0,0,0,0,0,0,0,0,0,0,0,0,0,0,0,0,0,0,0,0,0,0,0,0,0,0,0,0,0,0,0,0,0,0,0,0,0,0,0,0,0,0,0,0,0,0,0,0,0,0,0,21,23,36,36
27-1,MN,1,-91.78081305,43.98772283,0,0,0,0,0,0,0,0,0,0,0,0,0,0,0,0,0,0,0,0,0,0,0,0,0,0,0,0,0,0,0,0,0,0,0,0,0,0,0,0,0,0,0,0,0,0,0,0,0,0,0,0,0,0,0,0,0,0,0,0,0,0,0,2,4,4,4,4,5,10,10,11,11,13,14,14,16,19,20,26,26,30,30,30,51,51
27-2,MN,2,-92.23121312,44.28424356,0,0,0,0,0,0,0,0,0,0,0,0,0,0,0,0,0,0,0,0,0,0,0,0,0,0,0,0,0,0,0,0,0,0,0,0,0,0,0,0,0,0,0,0,0,0,0,0,0,0,0,0,0,0,0,0,0,0,0,1,1,1,1,3,4,4,4,4,6,6,6,6,6,6,6,6,6,6,6,6,6,6,6,7,7,7
27-3,MN,3,-93.47694895,45.00761521,0,0,0,0,0,0,0,0,0,0,0,0,0,0,0,0,0,0,0,0,0,0,0,0,0,0,0,0,0,0,0,0,0,0,0,0,0,0,0,0,0,0,0,0,0,0,0,0,0,0,1,1,6,6,22,24,28,32,45,52,57,89,103,111,128,141,152,171,190,204,218,235,242,252,267,280,310,344,375,415,464,557,557,558,651,651
27-4,MN,4,-92.88429635,45.03864533,0,0,0,0,0,0,0,0,0,0,0,0,0,0,0,0,0,0,0,0,0,0,0,0,0,0,0,0,0,0,0,0,0,0,0,0,0,0,0,0,0,0,0,0,0,0,0,0,0,0,0,0,0,0,2,2,3,3,3,4,7,10,10,13,15,22,25,27,34,39,44,46,51,54,62,65,68,70,72,73,77,80,80,84,88,88
27-6,MN,6,-93.96234781,45.17297924,0,0,0,0,0,0,0,0,0,0,0,0,0,0,0,0,0,0,0,0,0,0,0,0,0,0,0,0,0,0,0,0,0,0,0,0,0,0,0,0,0,0,0,0,0,0,0,0,0,0,0,1,1,1,1,1,2,2,2,3,3,3,3,3,5,5,5,6,6,6,6,7,7,8,9,9,12,12,12,14,16,17,17,19,21,21
27-7,MN,7,-95.86842453000001,44.71710183,0,0,0,0,0,0,0,0,0,0,0,0,0,0,0,0,0,0,0,0,0,0,0,0,0,0,0,0,0,0,0,0,0,0,0,0,0,0,0,0,0,0,0,0,0,0,0,0,0,0,0,0,0,0,0,0,0,0,0,0,0,0,0,0,0,0,0,0,0,0,1,1,1,1,1,1,1,2,2,2,2,3,3,3,3,3
27-8,MN,8,0.0,0.0,0,0,0,0,0,0,0,0,0,0,0,0,0,0,0,0,0,0,0,0,0,0,0,0,0,0,0,0,0,0,0,0,0,0,0,0,0,0,0,0,0,0,0,0,0,0,0,0,0,0,0,0,0,0,0,0,0,1,0,0,0,0,0,0,0,0,0,0,0,0,0,0,0,0,0,0,0,0,0,0,0,0,0,0,0,0
27-9999,MN,9999,0.0,0.0,0,0,0,0,0,0,0,0,0,0,0,0,0,0,0,0,0,0,0,0,0,0,0,0,0,0,0,0,0,0,0,0,0,0,0,0,0,0,0,0,0,0,0,0,0,0,0,0,0,0,0,4,0,0,0,0,0,0,0,0,0,1,0,0,0,0,0,0,0,0,0,0,0,2,7,6,6,4,2,1,4,5,5,35,2,2
28-1,MS,1,-89.03391385000002,33.08747908,0,0,0,0,0,0,0,0,0,0,0,0,0,0,0,0,0,0,0,0,0,0,0,0,0,0,0,0,0,0,0,0,0,0,0,0,0,0,0,0,0,0,0,0,0,0,0,0,0,0,0,0,0,0,0,0,0,1,1,1,2,2,2,3,3,3,4,4,4,7,9,9,11,11,12,15,17,16,17,17,18,19,20,20,22,24
28-2,MS,2,-90.39656148,32.77890365,0,0,0,0,0,0,0,0,0,0,0,0,0,0,0,0,0,0,0,0,0,0,0,0,0,0,0,0,0,0,0,0,0,0,0,0,0,0,0,0,0,0,0,0,0,0,0,0,0,0,0,0,0,0,0,0,0,1,1,1,1,1,3,3,3,4,4,5,5,9,9,11,13,19,31,32,32,38,47,55,58,63,64,64,65,72
28-3,MS,3,-91.31018819,31.160782250000004,0,0,0,0,0,0,0,0,0,0,0,0,0,0,0,0,0,0,0,0,0,0,0,0,0,0,0,0,0,0,0,0,0,0,0,0,0,0,0,0,0,0,0,0,0,0,0,0,0,0,0,0,0,0,0,0,0,1,1,1,3,3,4,5,8,9,11,12,12,14,16,17,22,25,30,30,32,33,37,40,42,45,49,49,51,53
28-4,MS,4,-88.69573913,31.64135687,0,0,0,0,0,0,0,0,0,0,0,0,0,0,0,0,0,0,0,0,0,0,0,0,0,0,0,0,0,0,0,0,0,0,0,0,0,0,0,0,0,0,0,0,0,0,0,0,0,0,0,0,0,0,0,0,0,0,0,0,0,0,0,0,0,0,0,0,0,0,0,1,1,2,5,5,5,5,6,7,8,8,9,9,9,10
28-9999,MS,9999,0.0,0.0,0,0,0,0,0,0,0,0,0,0,0,0,0,0,0,0,0,0,0,0,0,0,0,0,0,0,0,0,0,0,0,0,0,0,0,0,0,0,0,0,0,0,0,0,0,0,0,0,0,0,0,2,0,0,0,0,0,0,0,42,0,0,0,0,0,0,0,0,89,0,0,0,0,0,0,0,0,0,0,0,0,0,0,0,0,0
29-1,MO,1,-90.24349225,38.63555736,0,0,0,0,0,0,0,0,0,0,0,0,0,0,0,0,0,0,0,0,0,0,0,0,0,0,0,0,0,0,0,0,0,0,0,0,0,0,0,0,0,0,0,0,0,0,0,0,0,0,0,0,0,0,0,1,2,2,5,7,10,15,23,44,69,72,95,102,102,150,195,239,239,297,328,358,440,476,514,565,594,645,698,706,723,743
29-2,MO,2,-90.4458375,38.6377004,0,0,0,0,0,0,0,0,0,0,0,0,0,0,0,0,0,0,0,0,0,0,0,0,0,0,0,0,0,0,0,0,0,0,0,0,0,0,0,0,0,0,0,0,0,0,1,1,1,1,2,2,2,2,2,3,4,8,10,17,22,69,100,129,173,247,313,336,366,492,605,712,712,864,864,1033,1203,1203,1302,1498,1568,1633,1724,1851,1851,2026
29-3,MO,3,-91.16124662,38.76529479,0,0,0,0,0,0,0,0,0,0,0,0,0,0,0,0,0,0,0,0,0,0,0,0,0,0,0,0,0,0,0,0,0,0,0,0,0,0,0,0,0,0,0,0,0,0,0,0,0,0,0,0,0,0,0,0,0,0,0,0,0,0,0,0,0,0,0,2,2,5,6,7,7,7,7,9,11,13,13,13,13,13,17,17,17,17
29-4,MO,4,-92.876329,37.2813734,0,0,0,0,0,0,0,0,0,0,0,0,0,0,0,0,0,0,0,0,0,0,0,0,0,0,0,0,0,0,0,0,0,0,0,0,0,0,0,0,0,0,0,0,0,0,0,0,0,0,0,0,0,0,0,0,0,0,0,0,0,0,0,0,0,0,0,0,0,2,2,2,2,3,3,3,3,3,3,3,4,4,4,5,5,5
29-5,MO,5,-94.5786,39.0997,0,0,0,0,0,0,0,0,0,0,0,0,0,0,0,0,0,0,0,0,0,0,0,0,0,0,0,0,0,0,0,0,0,0,0,0,0,0,0,0,0,0,0,0,0,0,0,0,0,0,0,0,0,0,0,0,0,6,12,12,13,17,21,43,64,78,94,102,100,119,128,139,139,172,172,212,234,234,249,300,300,308,329,346,351,386
29-6,MO,6,-94.42328751,40.47945588,0,0,0,0,0,0,0,0,0,0,0,0,0,0,0,0,0,0,0,0,0,0,0,0,0,0,0,0,0,0,0,0,0,0,0,0,0,0,0,0,0,0,0,0,0,0,0,0,0,0,0,0,0,0,0,0,0,0,0,0,0,0,0,0,0,0,0,0,0,0,0,0,0,0,0,1,1,1,1,1,1,1,1,1,1,1
29-7,MO,7,-93.04075153,36.65465345,0,0,0,0,0,0,0,0,0,0,0,0,0,0,0,0,0,0,0,0,0,0,0,0,0,0,0,0,0,0,0,0,0,0,0,0,0,0,0,0,0,0,0,0,0,0,0,0,0,0,0,0,0,0,0,0,0,0,0,0,0,1,1,1,1,1,2,2,2,2,2,2,2,5,5,7,7,7,7,7,7,7,8,8,8,8
29-8,MO,8,-92.46914488,37.27029221,0,0,0,0,0,0,0,0,0,0,0,0,0,0,0,0,0,0,0,0,0,0,0,0,0,0,0,0,0,0,0,0,0,0,0,0,0,0,0,0,0,0,0,0,0,0,0,0,0,0,0,0,0,0,0,0,0,0,0,0,0,0,0,0,0,1,1,3,4,4,4,6,6,6,6,7,7,7,7,7,7,7,8,9,9,9
29-9999,MO,9999,0.0,0.0,0,0,0,0,0,0,0,0,0,0,0,0,0,0,0,0,0,0,0,0,0,0,0,0,0,0,0,0,0,0,0,0,0,0,0,0,0,0,0,0,0,0,0,0,0,0,0,0,0,0,0,1,0,0,0,0,0,2,7,0,0,4,6,0,0,0,0,0,0,0,0,0,0,3,3,1,1,1,0,0,0,0,0,1,0,0
30-0,MT,0,0.0,0.0,0,0,0,0,0,0,0,0,0,0,0,0,0,0,0,0,0,0,0,0,0,0,0,0,0,0,0,0,0,0,0,0,0,0,0,0,0,0,0,0,0,0,0,0,0,0,0,0,0,0,0,1,1,0,0,0,0,1,1,1,1,1,6,0,0,0,0,0,0,0,0,0,0,0,0,0,0,0,0,0,0,0,0,0,0,0
31-1,NE,1,-96.22019892,41.52815707,0,0,0,0,0,0,0,0,0,0,0,0,0,0,0,0,0,0,0,0,0,0,0,0,0,0,0,0,0,0,0,0,0,0,0,0,0,0,0,0,0,0,0,0,0,0,0,0,0,0,0,0,0,0,0,0,0,0,0,0,0,0,3,3,4,5,5,5,9,19,19,19,19,19,20,19,20,20,20,20,20,20,20,20,22,20
31-2,NE,2,-96.11156431999999,41.11314181,0,0,0,0,0,0,0,0,0,0,0,0,0,0,0,0,0,0,0,0,0,0,0,0,0,0,0,0,0,0,0,0,0,0,0,0,0,0,0,0,0,0,0,0,0,0,0,0,0,0,0,0,0,0,0,1,1,1,2,2,5,5,8,8,8,10,11,11,13,16,17,20,24,26,28,28,29,37,38,39,41,41,41,46,46,46
31-3,NE,3,-97.59710186,40.87272618,0,0,0,0,0,0,0,0,0,0,0,0,0,0,0,0,0,0,0,0,0,0,0,0,0,0,0,0,0,0,0,0,0,0,0,0,0,0,0,0,0,0,0,0,0,0,0,0,0,0,0,0,0,0,0,0,0,0,0,0,0,0,0,0,0,0,0,0,1,1,1,1,1,1,1,1,1,2,2,3,3,3,4,4,4,5
31-9999,NE,9999,0.0,0.0,0,0,0,0,0,0,0,0,0,0,0,0,0,0,0,0,0,0,0,0,0,0,0,0,0,0,0,0,0,0,0,0,0,0,0,0,0,0,0,0,0,0,0,0,0,0,0,0,0,0,0,0,0,0,0,0,0,0,4,0,0,0,0,0,0,2,0,4,2,3,3,2,1,1,1,1,1,0,0,0,0,23,23,18,19,23
32-2,NV,2,-119.7480219,39.15509045,0,0,0,0,0,0,0,0,0,0,0,0,0,0,0,0,0,0,0,0,0,0,0,0,0,0,0,0,0,0,0,0,0,0,0,0,0,0,0,0,0,0,0,0,0,0,0,0,0,0,0,0,0,0,1,1,1,1,2,2,2,3,2,2,2,2,5,5,5,5,5,5,5,10,10,11,11,13,14,15,16,16,22,23,25,25
32-4,NV,4,-114.899966,39.44157041,0,0,0,0,0,0,0,0,0,0,0,0,0,0,0,0,0,0,0,0,0,0,0,0,0,0,0,0,0,0,0,0,0,0,0,0,0,0,0,0,0,0,0,0,0,0,0,0,0,0,0,0,0,0,0,0,0,0,0,0,0,0,0,0,0,0,0,0,0,1,1,1,1,1,1,1,1,1,1,1,1,1,1,3,3,3
32-9999,NV,9999,0.0,0.0,0,0,0,0,0,0,0,0,0,0,0,0,0,0,0,0,0,0,0,0,0,0,0,0,0,0,0,0,0,0,0,0,0,0,0,0,0,0,0,0,0,0,0,0,0,0,0,0,0,0,0,0,0,0,0,0,0,11,18,10,36,89,15,15,4,16,93,269,132,102,148,148,16,34,25,33,33,0,57,146,96,23,0,0,5,2
33-1,NH,1,-71.02336013,43.291833,0,0,0,0,0,0,0,0,0,0,0,0,0,0,0,0,0,0,0,0,0,0,0,0,0,0,0,0,0,0,0,0,0,0,0,0,0,0,0,0,0,0,0,0,0,0,0,0,0,0,0,0,0,0,0,0,0,0,0,1,3,3,4,5,7,7,11,12,17,28,28,35,35,36,43,46,46,46,48,48,53,58,59,69,69,69
33-2,NH,2,-72.22203125,43.36094111,0,0,0,0,0,0,0,0,0,0,0,0,0,0,0,0,0,0,0,0,0,0,0,0,0,0,0,0,0,0,0,0,0,0,0,0,0,0,0,0,0,0,0,0,0,0,0,0,0,0,0,0,0,0,0,0,0,0,0,0,1,1,1,1,1,2,2,2,3,4,4,5,5,5,5,6,6,6,6,6,6,6,6,7,7,7
33-9999,NH,9999,0.0,0.0,0,0,0,0,0,0,0,0,0,0,0,0,0,0,0,0,0,0,0,0,0,0,0,0,0,0,0,0,0,0,0,0,0,0,0,0,0,0,0,0,0,0,0,0,0,0,0,0,0,0,0,0,0,0,0,0,0,5,5,0,0,23,0,0,0,4,0,0,56,0,0,0,0,0,4,1,1,1,32,32,0,1,1,1,0,0
34-1,NJ,1,-74.96388753,39.80343818,0,0,0,0,0,0,0,0,0,0,0,0,0,0,0,0,0,0,0,0,0,0,0,0,0,0,0,0,0,0,0,0,0,0,0,0,0,0,0,0,0,0,0,0,0,0,0,0,1,1,1,1,2,2,3,3,8,13,11,15,22,33,51,61,73,95,123,163,200,228,289,343,406,481,556,645,736,838,990,1072,1180,1270,1401,1477,1587,1734
34-2,NJ,2,-75.3469663,39.58719656,0,0,0,0,0,0,0,0,0,0,0,0,0,0,0,0,0,0,0,0,0,0,0,0,0,0,0,0,0,0,0,0,0,0,0,0,0,0,0,0,0,0,0,0,0,0,0,0,0,0,0,0,0,0,0,0,0,0,0,0,1,1,1,1,2,3,3,3,3,12,19,20,25,25,26,29,31,36,43,46,56,61,66,73,84,95
34-3,NJ,3,-74.28089251,39.8895449,0,0,0,0,0,0,0,0,0,0,0,0,0,0,0,0,0,0,0,0,0,0,0,0,0,0,0,0,0,0,0,0,0,0,0,0,0,0,0,0,0,0,0,0,0,0,0,0,0,0,0,1,1,1,3,4,8,33,49,62,102,144,180,222,389,484,624,759,874,1022,1209,1371,1685,2003,2177,2374,2641,2856,3093,3269,3403,3554,3593,3833,4016,4272
34-4,NJ,4,-74.22240686,40.26549699,0,0,0,0,0,0,0,0,0,0,0,0,0,0,0,0,0,0,0,0,0,0,0,0,0,0,0,0,0,0,0,0,0,0,0,0,0,0,0,0,0,0,0,0,0,0,0,0,2,4,5,8,8,8,14,22,32,43,53,92,158,238,288,313,501,634,781,870,1030,1140,1301,1458,1743,2065,2354,2545,2770,3038,3248,3496,3651,3785,3875,4003,4122,4299
34-5,NJ,5,-74.99556527,40.85951833,0,0,0,0,0,0,0,0,0,0,0,0,0,0,0,0,0,0,0,0,0,0,0,0,0,0,0,0,0,0,0,0,0,0,0,0,0,0,0,0,0,0,0,0,0,0,0,0,0,0,0,0,0,0,0,0,1,3,3,5,9,12,15,18,31,38,51,56,68,76,96,116,149,182,195,215,255,289,319,337,362,395,416,442,468,501
34-7,NJ,7,-74.30680092,40.65835409,0,0,0,0,0,0,0,0,0,0,0,0,0,0,0,0,0,0,0,0,0,0,0,0,0,0,0,0,0,0,0,0,0,0,0,0,0,0,0,0,0,0,0,0,0,0,0,0,1,1,1,1,1,3,8,15,26,29,43,81,124,189,246,262,432,519,742,896,1213,1418,1661,2010,2487,2916,3216,3685,4368,4831,5203,5575,5865,6180,6636,7265,7438,7904
34-10,NJ,10,-74.07515667,40.73766234,0,0,0,0,0,0,0,0,0,0,0,0,0,0,0,0,0,0,0,0,0,0,0,0,0,0,0,0,0,0,0,0,0,0,0,0,0,0,0,0,0,0,0,0,0,0,1,1,1,1,1,4,5,5,19,24,34,55,66,97,126,190,234,260,441,594,771,974,1314,1606,1910,2270,2835,3491,3924,4395,4949,5437,5879,6411,6851,7469,7879,8242,8511,9165
34-11,NJ,11,-74.29954144,41.03238628,0,0,0,0,0,0,0,0,0,0,0,0,0,0,0,0,0,0,0,0,0,0,0,0,0,0,0,0,0,0,0,0,0,0,0,0,0,0,0,0,0,0,0,0,0,0,0,0,1,1,1,2,2,2,8,10,18,38,49,67,95,141,216,255,399,484,608,831,1091,1294,1494,1750,2216,2856,3227,3756,4104,4372,4690,5017,5295,5590,5950,6438,6750,7317
34-12,NJ,12,-74.41426991,40.43629879,0,0,0,0,0,0,0,0,0,0,0,0,0,0,0,0,0,0,0,0,0,0,0,0,0,0,0,0,0,0,0,0,0,0,0,0,0,0,0,0,0,0,0,0,0,0,0,0,0,2,2,6,10,10,17,22,40,64,76,116,147,210,277,316,505,640,808,938,1123,1277,1493,1766,2125,2578,2950,3263,3717,4156,4628,5060,5406,5693,5987,6313,6576,6994
34-9999,NJ,9999,0.0,0.0,0,0,0,0,0,0,0,0,0,0,0,0,0,0,0,0,0,0,0,0,0,0,0,0,0,0,0,0,0,0,0,0,0,0,0,0,0,0,0,0,0,0,0,0,0,0,0,0,0,0,0,0,0,0,0,0,0,108,92,140,221,419,645,930,1478,1984,2478,3020,3847,3686,4512,4866,4808,3935,3821,3521,2207,1391,996,649,924,1274,1203,1702,1189,1048
35-1,NM,1,-105.8508949,34.64048375,0,0,0,0,0,0,0,0,0,0,0,0,0,0,0,0,0,0,0,0,0,0,0,0,0,0,0,0,0,0,0,0,0,0,0,0,0,0,0,0,0,0,0,0,0,0,0,0,0,0,0,0,0,0,0,0,0,0,0,0,0,0,0,0,0,0,0,0,0,3,3,3,3,3,6,6,7,7,7,8,9,10,10,10,12,12
35-2,NM,2,-106.81037330000001,34.71669834,0,0,0,0,0,0,0,0,0,0,0,0,0,0,0,0,0,0,0,0,0,0,0,0,0,0,0,0,0,0,0,0,0,0,0,0,0,0,0,0,0,0,0,0,0,0,0,0,0,0,0,0,0,0,0,0,0,0,0,0,0,0,0,0,0,0,1,2,2,5,5,5,5,5,7,7,7,7,8,11,14,18,18,20,21,21
35-3,NM,3,-105.6310198,36.58006022,0,0,0,0,0,0,0,0,0,0,0,0,0,0,0,0,0,0,0,0,0,0,0,0,0,0,0,0,0,0,0,0,0,0,0,0,0,0,0,0,0,0,0,0,0,0,0,0,0,0,0,0,0,0,0,1,1,1,2,3,3,3,3,3,3,3,8,9,9,11,11,12,13,13,13,13,14,14,14,15,15,15,15,15,15,15
35-9999,NM,9999,0.0,0.0,0,0,0,0,0,0,0,0,0,0,0,0,0,0,0,0,0,0,0,0,0,0,0,0,0,0,0,0,0,0,0,0,0,0,0,0,0,0,0,0,0,0,0,0,0,0,0,0,0,0,0,0,0,0,0,0,0,0,0,0,0,0,0,0,0,0,0,0,0,0,0,1,3,2,0,0,0,0,0,0,0,0,0,0,0,0
36-1,NY,1,-72.8012172,40.88320119,0,0,0,0,0,0,0,0,0,0,0,0,0,0,0,0,0,0,0,0,0,0,0,0,0,0,0,0,0,0,0,0,0,0,0,0,0,0,0,0,0,0,0,0,0,0,1,1,1,6,20,28,33,41,74,97,116,239,459,662,1034,1458,1880,2260,2735,3385,4138,5023,5791,6713,7605,8746,10154,11370,13129,14185,15561,17008,18803,20320,20321,20934,21643,22691,23523,24812
36-4,NY,4,-73.58941873,40.74066522,0,0,0,0,0,0,0,0,0,0,0,0,0,0,0,0,0,0,0,0,0,0,0,0,0,0,0,0,0,0,0,0,0,0,0,0,0,0,0,0,0,0,0,1,1,4,5,17,19,28,41,51,68,79,109,140,278,372,754,1234,1900,2442,2869,3285,3914,4657,5537,6445,7344,8544,9554,10587,12024,13346,14398,15616,16610,18548,20140,21512,22584,23553,24358,25250,26715,27772
36-10,NY,10,-73.97152637,40.7672726,0,0,0,0,0,0,0,0,0,0,0,0,0,0,0,0,0,0,0,0,0,0,0,0,0,0,0,0,0,0,0,0,0,0,0,0,0,0,0,0,1,1,1,4,11,11,12,19,25,55,95,154,269,269,463,814,1871,3954,5151,7530,9654,12305,14904,17856,21873,25573,29776,33768,37453,43119,47439,51809,57159,63306,67551,72181,76876,81803,87028,92384,98308,103208,106763,110465,118302,123146
36-17,NY,17,-73.75741653,41.16278376,0,0,0,0,0,0,0,0,0,0,0,0,0,0,0,0,0,0,0,0,0,0,0,0,0,0,0,0,0,0,0,0,0,0,0,0,0,0,0,0,0,1,10,18,19,57,83,98,98,121,148,158,172,178,220,380,538,798,1091,1387,1873,2894,3891,4691,5944,7187,7875,8519,9326,9967,10683,11567,12351,13081,13723,14294,14294,15887,17004,18077,18729,19313,19786,20191,20947,21828
36-18,NY,18,-73.74965532,41.42630093,0,0,0,0,0,0,0,0,0,0,0,0,0,0,0,0,0,0,0,0,0,0,0,0,0,0,0,0,0,0,0,0,0,0,0,0,0,0,0,0,0,0,0,0,0,0,0,0,0,0,0,0,0,0,2,2,2,5,12,31,31,31,82,84,94,111,131,144,167,167,207,216,252,283,314,345,402,427,456,487,494,507,507,634,634,634
36-19,NY,19,-74.26252104,41.89027881,0,0,0,0,0,0,0,0,0,0,0,0,0,0,0,0,0,0,0,0,0,0,0,0,0,0,0,0,0,0,0,0,0,0,0,0,0,0,0,0,0,0,0,0,0,0,1,1,1,2,4,5,5,5,7,8,9,9,9,18,18,18,35,65,78,98,133,146,190,207,222,240,263,290,358,382,398,462,462,530,589,655,716,716,745,845
36-20,NY,20,-74.05278291,42.81668777,0,0,0,0,0,0,0,0,0,0,0,0,0,0,0,0,0,0,0,0,0,0,0,0,0,0,0,0,0,0,0,0,0,0,0,0,0,0,0,0,0,0,0,0,0,0,0,0,0,0,0,1,1,1,4,5,14,14,14,32,32,32,44,55,62,66,72,76,80,85,93,101,110,117,128,138,145,149,167,191,194,199,204,235,237,245
36-21,NY,21,-73.43043448,43.31153794,0,0,0,0,0,0,0,0,0,0,0,0,0,0,0,0,0,0,0,0,0,0,0,0,0,0,0,0,0,0,0,0,0,0,0,0,0,0,0,0,0,0,0,0,0,0,0,0,0,0,0,0,0,0,0,0,1,1,1,1,1,1,3,4,4,6,9,9,9,9,11,12,15,16,18,19,19,20,25,26,31,34,37,40,42,46
36-22,NY,22,-76.14635194,43.42778894,0,0,0,0,0,0,0,0,0,0,0,0,0,0,0,0,0,0,0,0,0,0,0,0,0,0,0,0,0,0,0,0,0,0,0,0,0,0,0,0,0,0,0,0,0,0,0,0,0,0,0,0,0,0,0,0,0,0,0,0,0,2,2,2,4,4,9,10,15,15,20,23,28,28,32,34,34,34,36,36,37,42,42,42,42,44
36-23,NY,23,-77.10369919,42.63505484,0,0,0,0,0,0,0,0,0,0,0,0,0,0,0,0,0,0,0,0,0,0,0,0,0,0,0,0,0,0,0,0,0,0,0,0,0,0,0,0,0,0,0,0,0,0,0,0,0,0,0,0,0,0,0,0,0,0,0,0,0,0,0,0,0,0,0,0,0,0,0,1,1,1,1,1,1,1,1,2,2,2,4,6,6,7
36-24,NY,24,-77.02976528,43.15494365,0,0,0,0,0,0,0,0,0,0,0,0,0,0,0,0,0,0,0,0,0,0,0,0,0,0,0,0,0,0,0,0,0,0,0,0,0,0,0,0,0,0,0,0,0,0,0,0,0,0,0,0,0,0,0,0,0,0,1,3,3,3,6,7,8,11,12,12,15,15,24,27,30,30,32,34,35,39,39,41,42,42,42,48,48,49
36-25,NY,25,-77.69322942,43.14638895,0,0,0,0,0,0,0,0,0,0,0,0,0,0,0,0,0,0,0,0,0,0,0,0,0,0,0,0,0,0,0,0,0,0,0,0,0,0,0,0,0,0,0,0,0,0,0,0,0,0,2,1,2,2,11,14,19,30,36,46,68,81,106,118,148,166,202,219,246,257,349,420,464,512,548,574,596,651,698,742,767,798,823,850,884,932
36-27,NY,27,-78.22199579,42.70145109,0,0,0,0,0,0,0,0,0,0,0,0,0,0,0,0,0,0,0,0,0,0,0,0,0,0,0,0,0,0,0,0,0,0,0,0,0,0,0,0,0,0,0,0,0,0,0,0,0,0,0,0,0,0,0,1,1,2,2,2,2,2,4,4,7,7,7,8,8,8,10,14,15,18,22,23,23,27,29,30,31,31,31,32,42,42
36-9999,NY,9999,0.0,0.0,0,0,0,0,0,0,0,0,0,0,0,0,0,0,0,0,0,0,0,0,0,0,0,0,0,0,0,0,0,0,0,0,0,0,0,0,0,0,0,0,0,0,0,0,0,0,0,0,0,0,0,0,25,0,0,0,0,18,449,0,23,107,0,0,0,0,0,0,0,0,0,0,0,0,0,0,0,0,0,0,0,0,0,0,0,0
37-1,NC,1,-77.917978,35.70625477,0,0,0,0,0,0,0,0,0,0,0,0,0,0,0,0,0,0,0,0,0,0,0,0,0,0,0,0,0,0,0,0,0,0,0,0,0,0,0,0,0,0,0,0,0,0,0,0,0,0,0,0,0,0,1,1,1,1,2,2,3,4,4,6,7,7,7,10,13,13,15,17,21,28,28,29,36,38,42,47,58,64,70,74,79,83
37-2,NC,2,-77.98422508,35.96575634,0,0,0,0,0,0,0,0,0,0,0,0,0,0,0,0,0,0,0,0,0,0,0,0,0,0,0,0,0,0,0,0,0,0,0,0,0,0,0,0,0,0,0,0,0,0,0,0,0,0,0,0,0,0,0,0,0,0,0,0,1,1,4,4,4,4,4,4,4,9,11,11,16,18,21,21,24,25,27,29,32,33,36,39,42,45
37-3,NC,3,-76.17055253,35.87147226,0,0,0,0,0,0,0,0,0,0,0,0,0,0,0,0,0,0,0,0,0,0,0,0,0,0,0,0,0,0,0,0,0,0,0,0,0,0,0,0,0,0,0,0,0,0,0,0,0,0,0,0,0,0,0,0,0,0,0,0,0,0,0,0,0,0,0,0,0,0,0,0,0,0,0,0,0,0,0,0,0,0,0,2,3,4
37-4,NC,4,-78.65249174,35.78879266,0,0,0,0,0,0,0,0,0,0,0,0,0,0,0,0,0,0,0,0,0,0,0,0,0,0,0,0,0,0,0,0,0,0,0,0,0,0,0,0,0,1,1,1,1,1,1,1,6,6,7,8,11,14,15,15,22,25,32,32,52,52,66,73,100,123,123,146,166,193,213,251,275,283,304,314,351,365,385,391,424,470,476,501,537,556
37-5,NC,5,-80.66239436,36.16222629,0,0,0,0,0,0,0,0,0,0,0,0,0,0,0,0,0,0,0,0,0,0,0,0,0,0,0,0,0,0,0,0,0,0,0,0,0,0,0,0,0,0,0,0,0,0,0,0,0,0,0,0,0,0,0,0,0,0,0,0,0,0,0,0,0,0,1,1,1,3,3,4,6,6,9,9,9,9,9,10,10,14,14,14,11,11
37-6,NC,6,-79.77504841,36.39593137,0,0,0,0,0,0,0,0,0,0,0,0,0,0,0,0,0,0,0,0,0,0,0,0,0,0,0,0,0,0,0,0,0,0,0,0,0,0,0,0,0,0,0,0,0,0,0,0,0,0,0,0,0,0,0,0,0,0,0,0,0,0,0,0,0,0,0,0,0,2,2,2,3,5,6,6,8,8,9,10,14,14,14,16,18,18
37-7,NC,7,-78.00027268,35.36438125,0,0,0,0,0,0,0,0,0,0,0,0,0,0,0,0,0,0,0,0,0,0,0,0,0,0,0,0,0,0,0,0,0,0,0,0,0,0,0,0,0,0,0,0,0,0,0,0,0,0,0,1,1,1,1,1,1,1,1,1,1,1,2,3,3,3,3,3,4,5,5,7,11,12,15,23,32,34,47,52,69,69,72,78,87,103
37-8,NC,8,-80.25093221,35.31647813,0,0,0,0,0,0,0,0,0,0,0,0,0,0,0,0,0,0,0,0,0,0,0,0,0,0,0,0,0,0,0,0,0,0,0,0,0,0,0,0,0,0,0,0,0,0,0,0,0,0,0,0,0,0,0,0,0,0,0,0,0,0,0,0,0,0,3,5,5,5,5,5,7,7,7,8,8,8,10,11,14,16,17,17,17,19
37-9,NC,9,-80.52955873,34.98960527,0,0,0,0,0,0,0,0,0,0,0,0,0,0,0,0,0,0,0,0,0,0,0,0,0,0,0,0,0,0,0,0,0,0,0,0,0,0,0,0,0,0,0,0,0,0,0,0,0,0,0,0,0,0,0,0,1,2,6,6,12,13,18,23,27,34,34,38,38,41,47,55,60,67,67,75,83,87,93,100,101,101,104,110,115,129
37-10,NC,10,-81.92112099,35.40114178,0,0,0,0,0,0,0,0,0,0,0,0,0,0,0,0,0,0,0,0,0,0,0,0,0,0,0,0,0,0,0,0,0,0,0,0,0,0,0,0,0,0,0,0,0,0,0,0,0,0,0,0,0,0,0,0,0,0,0,0,0,0,0,0,0,0,0,0,2,5,5,9,12,12,15,21,21,25,31,31,37,37,40,45,47,58
37-11,NC,11,-82.79638423,35.20383864,0,0,0,0,0,0,0,0,0,0,0,0,0,0,0,0,0,0,0,0,0,0,0,0,0,0,0,0,0,0,0,0,0,0,0,0,0,0,0,0,0,0,0,0,0,0,0,0,0,0,0,0,0,0,0,0,0,0,0,0,0,1,1,2,2,3,3,3,3,5,5,5,5,5,5,5,6,6,6,6,6,6,6,6,6,6
37-12,NC,12,-80.8317671,35.24469268,0,0,0,0,0,0,0,0,0,0,0,0,0,0,0,0,0,0,0,0,0,0,0,0,0,0,0,0,0,0,0,0,0,0,0,0,0,0,0,0,0,0,0,0,0,0,0,0,0,0,2,1,2,4,7,11,14,30,43,77,77,97,142,170,204,259,299,336,382,420,444,533,601,650,664,741,810,848,861,906,935,954,970,993,1015,1098
37-13,NC,13,-80.8743128,35.80950511,0,0,0,0,0,0,0,0,0,0,0,0,0,0,0,0,0,0,0,0,0,0,0,0,0,0,0,0,0,0,0,0,0,0,0,0,0,0,0,0,0,0,0,0,0,0,0,0,0,0,0,0,0,0,1,1,1,2,2,2,6,8,9,11,13,15,18,21,25,25,25,36,36,42,44,52,54,57,60,63,71,71,71,71,72,77
39-1,OH,1,-84.16557457,39.42581994,0,0,0,0,0,0,0,0,0,0,0,0,0,0,0,0,0,0,0,0,0,0,0,0,0,0,0,0,0,0,0,0,0,0,0,0,0,0,0,0,0,0,0,0,0,0,0,0,0,0,0,0,0,0,0,0,0,0,2,2,3,5,7,8,10,11,16,20,20,21,23,26,31,35,36,37,45,46,53,72,74,75,76,78,85,89
39-2,OH,2,-82.98907345,38.80270163,0,0,0,0,0,0,0,0,0,0,0,0,0,0,0,0,0,0,0,0,0,0,0,0,0,0,0,0,0,0,0,0,0,0,0,0,0,0,0,0,0,0,0,0,0,0,0,0,0,0,0,0,0,0,0,0,0,0,0,0,0,0,0,0,0,0,0,0,0,0,0,0,0,0,0,1,1,1,2,3,4,4,4,4,4,5
39-4,OH,4,-83.37239023,40.30016061,0,0,0,0,0,0,0,0,0,0,0,0,0,0,0,0,0,0,0,0,0,0,0,0,0,0,0,0,0,0,0,0,0,0,0,0,0,0,0,0,0,0,0,0,0,0,0,0,0,0,0,0,0,0,0,0,0,0,1,1,1,1,2,3,3,3,3,3,4,4,4,4,4,7,8,8,8,8,9,10,10,10,11,11,11,11
39-5,OH,5,-83.30734173,40.84339621,0,0,0,0,0,0,0,0,0,0,0,0,0,0,0,0,0,0,0,0,0,0,0,0,0,0,0,0,0,0,0,0,0,0,0,0,0,0,0,0,0,0,0,0,0,0,0,0,0,0,0,0,0,0,0,0,0,0,0,0,0,0,0,0,1,1,1,1,1,2,2,2,2,5,5,5,5,5,8,9,10,11,12,13,14,14
39-6,OH,6,-81.49121382,39.456905709999994,0,0,0,0,0,0,0,0,0,0,0,0,0,0,0,0,0,0,0,0,0,0,0,0,0,0,0,0,0,0,0,0,0,0,0,0,0,0,0,0,0,0,0,0,0,0,0,0,0,0,0,0,0,0,0,0,0,0,0,0,1,1,1,1,1,2,2,3,3,3,3,4,4,6,8,15,27,30,34,35,36,39,41,44,47,53
39-7,OH,7,-81.47226262,40.44214695,0,0,0,0,0,0,0,0,0,0,0,0,0,0,0,0,0,0,0,0,0,0,0,0,0,0,0,0,0,0,0,0,0,0,0,0,0,0,0,0,0,0,0,0,0,0,0,0,0,0,0,0,0,1,1,1,1,1,1,1,2,2,3,3,3,3,5,5,7,7,14,16,18,19,20,23,23,26,26,26,26,27,28,28,28,29
39-8,OH,8,-84.64787018,39.7420247,0,0,0,0,0,0,0,0,0,0,0,0,0,0,0,0,0,0,0,0,0,0,0,0,0,0,0,0,0,0,0,0,0,0,0,0,0,0,0,0,0,0,0,0,0,0,0,0,0,0,0,0,0,0,0,0,0,0,0,0,0,0,0,0,0,0,0,0,1,1,1,1,1,4,5,5,7,8,9,10,11,15,16,17,20,20
39-9,OH,9,-83.0940185,41.53781826,0,0,0,0,0,0,0,0,0,0,0,0,0,0,0,0,0,0,0,0,0,0,0,0,0,0,0,0,0,0,0,0,0,0,0,0,0,0,0,0,0,0,0,0,0,0,0,0,0,0,0,0,0,0,0,0,0,0,0,0,0,0,0,0,0,0,1,1,2,2,4,5,6,5,5,5,5,6,8,9,10,10,11,11,12,17
39-10,OH,10,-84.29050975000001,39.75394919,0,0,0,0,0,0,0,0,0,0,0,0,0,0,0,0,0,0,0,0,0,0,0,0,0,0,0,0,0,0,0,0,0,0,0,0,0,0,0,0,0,0,0,0,0,0,0,0,0,0,0,0,0,0,0,0,1,1,1,1,5,7,10,14,14,19,20,25,31,37,41,49,57,69,84,109,132,147,156,161,175,198,201,205,211,213
39-11,OH,11,-81.65918339,41.424119,0,0,0,0,0,0,0,0,0,0,0,0,0,0,0,0,0,0,0,0,0,0,0,0,0,0,0,0,0,0,0,0,0,0,0,0,0,0,0,0,0,0,0,0,0,0,0,0,3,3,3,6,11,11,24,31,38,53,69,92,125,149,167,206,259,330,370,440,493,527,589,663,780,781,826,871,911,960,1014,1052,1113,1152,1197,1239,1281,1331
39-12,OH,12,-82.5379961,40.77180308,0,0,0,0,0,0,0,0,0,0,0,0,0,0,0,0,0,0,0,0,0,0,0,0,0,0,0,0,0,0,0,0,0,0,0,0,0,0,0,0,0,0,0,0,0,0,0,0,0,0,0,0,0,0,0,0,0,1,1,1,1,1,4,4,4,4,5,5,5,6,8,8,8,14,17,19,20,25,27,28,34,36,43,43,44,48
39-13,OH,13,-80.76109643,41.31735028,0,0,0,0,0,0,0,0,0,0,0,0,0,0,0,0,0,0,0,0,0,0,0,0,0,0,0,0,0,0,0,0,0,0,0,0,0,0,0,0,0,0,0,0,0,0,0,0,0,0,1,1,2,2,2,2,2,2,3,3,3,3,4,9,12,17,27,36,42,50,58,63,72,90,89,102,110,126,132,149,155,168,174,187,199,203
39-14,OH,14,-81.23676539,41.69710807,0,0,0,0,0,0,0,0,0,0,0,0,0,0,0,0,0,0,0,0,0,0,0,0,0,0,0,0,0,0,0,0,0,0,0,0,0,0,0,0,0,0,0,0,0,0,0,0,0,0,0,0,0,0,0,1,2,2,3,4,6,8,11,14,19,27,30,35,43,44,48,62,65,76,79,87,92,99,106,108,112,114,117,121,124,127
39-15,OH,15,-83.0243386,39.64170392,0,0,0,0,0,0,0,0,0,0,0,0,0,0,0,0,0,0,0,0,0,0,0,0,0,0,0,0,0,0,0,0,0,0,0,0,0,0,0,0,0,0,0,0,0,0,0,0,0,0,0,0,0,0,0,0,0,0,0,0,0,0,0,1,2,2,4,4,5,12,12,11,13,20,29,29,31,35,39,44,51,58,83,97,172,196
39-16,OH,16,-81.88844833,40.82925852,0,0,0,0,0,0,0,0,0,0,0,0,0,0,0,0,0,0,0,0,0,0,0,0,0,0,0,0,0,0,0,0,0,0,0,0,0,0,0,0,0,0,0,0,0,0,0,0,0,0,0,0,0,0,0,0,0,0,0,0,0,0,0,1,2,3,4,4,7,9,11,11,13,25,26,26,29,30,30,37,40,50,54,54,56,66
39-9999,OH,9999,0.0,0.0,0,0,0,0,0,0,0,0,0,0,0,0,0,0,0,0,0,0,0,0,0,0,0,0,0,0,0,0,0,0,0,0,0,0,0,0,0,0,0,0,0,0,0,0,0,0,0,0,0,0,0,0,0,0,0,0,0,0,0,0,0,0,0,0,0,0,0,0,0,0,0,0,0,0,0,0,0,0,0,0,0,2,0,0,0,0
40-1,OK,1,-95.90514104,36.71380786,0,0,0,0,0,0,0,0,0,0,0,0,0,0,0,0,0,0,0,0,0,0,0,0,0,0,0,0,0,0,0,0,0,0,0,0,0,0,0,0,0,0,0,0,0,0,0,0,0,0,0,0,0,0,0,0,0,1,1,1,2,2,2,3,5,9,14,18,20,21,23,24,28,33,35,39,43,45,54,57,83,104,114,118,118,124
40-2,OK,2,-94.75463785,35.49447108,0,0,0,0,0,0,0,0,0,0,0,0,0,0,0,0,0,0,0,0,0,0,0,0,0,0,0,0,0,0,0,0,0,0,0,0,0,0,0,0,0,0,0,0,0,0,0,0,0,0,0,0,0,0,0,0,0,0,0,0,0,0,0,0,1,1,2,2,2,2,2,4,4,4,4,7,10,10,10,10,9,9,11,11,10,10
40-3,OK,3,-99.26283045,36.42316318,0,0,0,0,0,0,0,0,0,0,0,0,0,0,0,0,0,0,0,0,0,0,0,0,0,0,0,0,0,0,0,0,0,0,0,0,0,0,0,0,0,0,0,0,0,0,0,0,0,0,0,0,0,0,0,0,0,0,0,0,0,0,0,0,0,0,0,0,0,0,0,1,1,1,1,1,1,1,1,1,1,1,1,1,1,1
40-4,OK,4,-98.92426619,34.37288446,0,0,0,0,0,0,0,0,0,0,0,0,0,0,0,0,0,0,0,0,0,0,0,0,0,0,0,0,0,0,0,0,0,0,0,0,0,0,0,0,0,0,0,0,0,0,0,0,0,0,0,0,0,0,0,0,0,0,0,0,0,0,0,0,0,0,0,0,0,0,0,0,0,1,1,1,1,1,1,1,1,1,1,1,1,1
40-5,OK,5,-96.61686741000001,35.16478725,0,0,0,0,0,0,0,0,0,0,0,0,0,0,0,0,0,0,0,0,0,0,0,0,0,0,0,0,0,0,0,0,0,0,0,0,0,0,0,0,0,0,0,0,0,0,0,0,0,0,0,0,0,0,0,0,0,0,0,0,0,0,0,0,0,0,0,1,1,1,1,1,1,2,2,3,3,4,4,6,6,7,7,7,7,7
41-1,OR,1,-123.3086963,45.23330449,0,0,0,0,0,0,0,0,0,0,0,0,0,0,0,0,0,0,0,0,0,0,0,0,0,0,0,0,0,0,0,0,0,0,0,0,0,0,0,0,0,0,0,0,0,0,0,0,0,0,0,0,0,0,1,1,2,2,4,4,6,6,6,7,7,11,13,13,14,16,17,18,23,23,26,26,25,25,29,29,28,30,30,32,32,33
41-2,OR,2,-121.1670954,45.16292781,0,0,0,0,0,0,0,0,0,0,0,0,0,0,0,0,0,0,0,0,0,0,0,0,0,0,0,0,0,0,0,0,0,0,0,0,0,0,0,0,0,0,0,0,0,0,0,0,0,0,0,0,0,0,0,0,0,0,0,0,0,0,0,0,1,2,2,3,5,7,7,7,7,7,7,7,7,7,7,7,7,10,10,10,10,10
41-3,OR,3,-122.4169351,45.54747959,0,0,0,0,0,0,0,0,0,0,0,0,0,0,0,0,0,0,0,0,0,0,0,0,0,0,0,0,0,0,0,0,0,0,0,0,0,0,0,0,0,0,0,0,0,0,0,0,0,1,1,1,1,1,1,3,3,7,12,18,19,21,25,33,45,67,81,91,100,116,134,160,175,175,233,233,243,258,302,302,317,374,398,420,430,448
41-4,OR,4,-122.5373154,44.488994940000005,0,0,0,0,0,0,0,0,0,0,0,0,0,0,0,0,0,0,0,0,0,0,0,0,0,0,0,0,0,0,0,0,0,0,0,0,0,0,0,0,0,0,0,0,0,0,0,0,0,0,2,8,9,9,10,15,15,17,18,19,19,20,21,25,26,28,32,36,36,37,37,37,37,37,43,43,44,45,49,49,49,52,52,52,53,54
41-5,OR,5,-123.71206600000001,45.46248721,0,0,0,0,0,0,0,0,0,0,0,0,0,0,0,0,0,0,0,0,0,0,0,0,0,0,0,0,0,0,0,0,0,0,0,0,0,0,0,0,0,0,0,0,0,0,0,0,0,0,0,0,0,0,0,0,0,0,0,0,0,0,0,0,1,1,1,2,3,3,3,3,3,3,3,3,3,3,4,4,4,4,4,5,5,5
41-9999,OR,9999,0.0,0.0,0,0,0,0,0,0,0,0,0,0,0,0,0,0,0,0,0,0,0,0,0,0,0,0,0,0,0,0,0,0,0,0,0,0,0,0,0,0,0,0,0,0,0,0,0,0,0,0,0,0,0,0,0,0,0,0,0,0,0,0,0,0,0,0,0,0,0,0,0,0,0,0,0,0,0,0,0,0,0,0,0,1,0,0,0,0
42-1,PA,1,-75.10836643,40.33682119,0,0,0,0,0,0,0,0,0,0,0,0,0,0,0,0,0,0,0,0,0,0,0,0,0,0,0,0,0,0,0,0,0,0,0,0,0,0,0,0,0,0,0,0,0,0,0,0,0,2,2,3,3,3,5,8,9,12,24,28,34,43,69,86,110,144,152,216,249,288,319,373,450,517,580,634,713,816,931,1022,1107,1170,1229,1273,1399,1490
42-2,PA,2,-75.1379271,40.00338507,0,0,0,0,0,0,0,0,0,0,0,0,0,0,0,0,0,0,0,0,0,0,0,0,0,0,0,0,0,0,0,0,0,0,0,0,0,0,0,0,0,0,0,0,0,0,0,0,1,1,1,3,4,4,10,19,34,44,67,85,96,175,252,342,475,637,803,890,1072,1315,1675,2100,2430,3008,3189,3728,4272,4777,5029,5521,6022,6386,6813,7130,7441,8045
42-4,PA,4,-75.36652296,40.21053671,0,0,0,0,0,0,0,0,0,0,0,0,0,0,0,0,0,0,0,0,0,0,0,0,0,0,0,0,0,0,0,0,0,0,0,0,0,0,0,0,0,0,0,0,0,0,4,5,8,9,13,18,20,20,30,34,42,55,68,77,110,136,159,219,313,374,411,488,540,570,649,735,875,982,1111,1230,1359,1521,1693,1889,2053,2164,2285,2354,2475,2544
42-5,PA,5,-75.40243663,39.91680171,0,0,0,0,0,0,0,0,0,0,0,0,0,0,0,0,0,0,0,0,0,0,0,0,0,0,0,0,0,0,0,0,0,0,0,0,0,0,0,0,0,0,0,0,1,1,1,1,1,1,1,6,6,6,7,9,14,14,23,33,43,54,84,101,156,185,226,276,303,338,390,470,542,616,708,822,898,1034,1222,1377,1510,1594,1750,1851,1935,2055
42-6,PA,6,-75.74768357,39.97291773,0,0,0,0,0,0,0,0,0,0,0,0,0,0,0,0,0,0,0,0,0,0,0,0,0,0,0,0,0,0,0,0,0,0,0,0,0,0,0,0,0,0,0,0,0,0,0,0,0,0,0,1,2,2,2,6,9,10,17,19,23,40,40,54,84,107,116,137,146,159,183,210,226,250,269,307,335,373,425,485,532,562,593,636,675,722
42-7,PA,7,-75.30471829,40.75182733,0,0,0,0,0,0,0,0,0,0,0,0,0,0,0,0,0,0,0,0,0,0,0,0,0,0,0,0,0,0,0,0,0,0,0,0,0,0,0,0,0,0,0,0,0,0,0,0,0,0,1,1,1,1,1,1,1,5,10,17,21,23,33,44,56,79,94,126,184,245,312,378,466,588,636,716,774,857,949,994,1039,1082,1130,1176,1251,1296
42-8,PA,8,-75.29956506,41.64938475,0,0,0,0,0,0,0,0,0,0,0,0,0,0,0,0,0,0,0,0,0,0,0,0,0,0,0,0,0,0,0,0,0,0,0,0,0,0,0,0,0,0,0,0,1,1,1,1,1,1,1,1,1,1,1,1,1,1,1,1,2,3,4,4,6,6,6,7,10,10,14,17,23,28,33,35,40,47,49,53,57,63,67,70,75,77
42-9,PA,9,-76.2150785,40.704973380000006,0,0,0,0,0,0,0,0,0,0,0,0,0,0,0,0,0,0,0,0,0,0,0,0,0,0,0,0,0,0,0,0,0,0,0,0,0,0,0,0,0,0,0,0,0,0,0,0,0,0,0,0,0,0,0,0,0,0,0,0,1,3,5,7,9,13,16,21,30,38,47,54,63,77,90,103,119,136,149,164,179,188,192,200,212,236
42-10,PA,10,-76.73040131,39.9210089,0,0,0,0,0,0,0,0,0,0,0,0,0,0,0,0,0,0,0,0,0,0,0,0,0,0,0,0,0,0,0,0,0,0,0,0,0,0,0,0,0,0,0,0,0,0,0,0,0,0,0,0,0,0,0,0,2,2,6,9,10,10,18,20,21,30,37,43,54,66,79,102,121,144,171,189,218,233,250,283,293,307,331,371,381,393
42-11,PA,11,-76.24770128,40.03904563,0,0,0,0,0,0,0,0,0,0,0,0,0,0,0,0,0,0,0,0,0,0,0,0,0,0,0,0,0,0,0,0,0,0,0,0,0,0,0,0,0,0,0,0,0,0,0,0,0,0,0,0,0,0,0,0,1,2,2,4,6,5,10,12,21,33,45,67,97,123,157,203,232,291,371,408,490,561,596,648,698,772,828,865,914,970
42-12,PA,12,-76.01074915,41.51955538,0,0,0,0,0,0,0,0,0,0,0,0,0,0,0,0,0,0,0,0,0,0,0,0,0,0,0,0,0,0,0,0,0,0,0,0,0,0,0,0,0,0,0,0,0,0,0,0,0,0,0,0,0,0,0,0,0,0,0,0,0,0,0,0,0,0,0,0,0,0,0,1,2,5,5,5,5,5,6,6,8,9,12,11,13,14
42-13,PA,13,-79.02699593,39.97172723,0,0,0,0,0,0,0,0,0,0,0,0,0,0,0,0,0,0,0,0,0,0,0,0,0,0,0,0,0,0,0,0,0,0,0,0,0,0,0,0,0,0,0,0,0,0,0,0,0,0,0,0,0,0,0,0,0,0,0,0,0,0,1,2,2,2,2,2,2,2,3,3,3,3,4,6,7,7,7,10,10,12,13,13,14,14
42-14,PA,14,-79.46615476000001,40.3137798,0,0,0,0,0,0,0,0,0,0,0,0,0,0,0,0,0,0,0,0,0,0,0,0,0,0,0,0,0,0,0,0,0,0,0,0,0,0,0,0,0,0,0,0,0,0,0,0,0,0,0,0,0,0,0,0,0,2,4,4,4,6,11,16,24,30,41,47,55,61,72,84,110,135,147,157,177,183,190,202,218,223,228,231,237,240
42-15,PA,15,-79.26969577,41.81304978,0,0,0,0,0,0,0,0,0,0,0,0,0,0,0,0,0,0,0,0,0,0,0,0,0,0,0,0,0,0,0,0,0,0,0,0,0,0,0,0,0,0,0,0,0,0,0,0,0,0,0,0,0,0,0,0,0,0,0,0,0,0,0,1,1,1,1,1,1,1,1,1,1,1,1,1,1,1,1,1,1,1,1,1,1,1
42-16,PA,16,-80.25816981,41.30248872,0,0,0,0,0,0,0,0,0,0,0,0,0,0,0,0,0,0,0,0,0,0,0,0,0,0,0,0,0,0,0,0,0,0,0,0,0,0,0,0,0,0,0,0,0,0,0,0,0,0,0,0,0,0,0,0,0,0,0,0,1,1,2,2,3,4,6,7,7,8,8,9,10,14,18,18,26,27,30,36,38,40,43,44,47,50
42-17,PA,17,-80.34921611,40.6825484,0,0,0,0,0,0,0,0,0,0,0,0,0,0,0,0,0,0,0,0,0,0,0,0,0,0,0,0,0,0,0,0,0,0,0,0,0,0,0,0,0,0,0,0,0,0,0,0,0,0,0,0,0,0,0,1,2,2,3,3,3,3,3,7,13,14,22,28,44,52,54,55,65,69,84,96,116,128,129,139,143,145,153,156,158,168
42-18,PA,18,-79.98167747,40.46809875,0,0,0,0,0,0,0,0,0,0,0,0,0,0,0,0,0,0,0,0,0,0,0,0,0,0,0,0,0,0,0,0,0,0,0,0,0,0,0,0,0,0,0,0,0,0,0,0,0,0,0,0,2,2,6,10,13,18,28,31,40,48,58,88,133,158,219,265,290,325,356,419,476,552,605,642,689,720,759,788,836,857,876,893,904,925
44-1,RI,1,-71.26569799,41.5642026,0,0,0,0,0,0,0,0,0,0,0,0,0,0,0,0,0,0,0,0,0,0,0,0,0,0,0,0,0,0,0,0,0,0,0,0,0,0,0,0,0,0,0,0,0,0,0,0,0,0,0,0,0,0,0,0,0,0,0,8,8,9,9,9,12,12,12,19,19,23,23,33,33,33,39,42,52,56,56,56,74,74,74,74,93,94
44-2,RI,2,-71.61435303,41.45961631,0,0,0,0,0,0,0,0,0,0,0,0,0,0,0,0,0,0,0,0,0,0,0,0,0,0,0,0,0,0,0,0,0,0,0,0,0,0,0,0,0,0,0,0,0,0,0,0,0,0,0,0,0,0,0,0,0,0,0,8,9,9,9,9,14,14,14,23,23,28,25,34,34,34,48,53,70,120,120,120,140,140,140,140,152,162
44-9999,RI,9999,0.0,0.0,0,0,0,0,0,0,0,0,0,0,0,0,0,0,0,0,0,0,0,0,0,0,0,0,0,0,0,0,0,0,0,0,0,0,0,0,0,0,0,0,0,0,0,0,0,0,0,0,0,0,0,9,0,0,0,0,0,0,10,12,8,5,23,31,33,71,107,57,171,184,160,80,146,241,238,332,353,274,551,408,649,965,965,1551,756,902
45-1,SC,1,-79.94654523,33.20222596,0,0,0,0,0,0,0,0,0,0,0,0,0,0,0,0,0,0,0,0,0,0,0,0,0,0,0,0,0,0,0,0,0,0,0,0,0,0,0,0,0,0,0,0,0,0,0,0,0,0,0,0,0,0,0,0,0,0,1,1,2,4,4,5,5,10,13,14,14,15,18,33,42,45,46,52,55,55,61,67,67,83,90,98,101,116
45-2,SC,2,-80.90267209,34.01791263,0,0,0,0,0,0,0,0,0,0,0,0,0,0,0,0,0,0,0,0,0,0,0,0,0,0,0,0,0,0,0,0,0,0,0,0,0,0,0,0,0,0,0,0,0,0,0,0,0,0,0,0,0,0,0,1,4,8,22,27,29,43,45,59,59,65,81,95,135,148,176,200,224,242,298,311,340,340,417,452,479,494,494,535,548,579
45-3,SC,3,-81.72713237,34.00795823,0,0,0,0,0,0,0,0,0,0,0,0,0,0,0,0,0,0,0,0,0,0,0,0,0,0,0,0,0,0,0,0,0,0,0,0,0,0,0,0,0,0,0,0,0,0,0,0,0,0,0,0,0,0,0,0,0,1,1,1,1,1,1,1,1,1,1,1,1,1,1,2,2,4,4,4,5,5,7,7,7,6,6,7,8,9
45-4,SC,4,-81.99225984,34.92960077,0,0,0,0,0,0,0,0,0,0,0,0,0,0,0,0,0,0,0,0,0,0,0,0,0,0,0,0,0,0,0,0,0,0,0,0,0,0,0,0,0,0,0,0,0,0,0,1,1,1,1,1,1,1,1,1,1,1,1,2,2,3,4,9,9,16,21,25,30,37,45,50,60,72,75,88,120,120,139,150,170,174,174,190,191,199
45-5,SC,5,-81.18085944,34.97281497,0,0,0,0,0,0,0,0,0,0,0,0,0,0,0,0,0,0,0,0,0,0,0,0,0,0,0,0,0,0,0,0,0,0,0,0,0,0,0,0,0,0,0,0,0,0,0,0,0,0,0,0,0,0,0,1,1,1,1,2,4,7,11,18,18,19,31,36,43,56,66,66,73,81,85,95,108,108,120,125,127,134,134,138,138,149
45-6,SC,6,-79.72767442,33.62190129,0,0,0,0,0,0,0,0,0,0,0,0,0,0,0,0,0,0,0,0,0,0,0,0,0,0,0,0,0,0,0,0,0,0,0,0,0,0,0,0,0,0,0,0,0,0,0,0,0,0,0,0,0,0,0,0,0,0,0,0,0,0,0,1,1,1,2,2,2,2,3,6,6,9,10,11,12,12,14,15,15,15,15,16,18,18
45-7,SC,7,-79.67561152,34.59905577,0,0,0,0,0,0,0,0,0,0,0,0,0,0,0,0,0,0,0,0,0,0,0,0,0,0,0,0,0,0,0,0,0,0,0,0,0,0,0,0,0,0,0,0,0,0,0,0,0,0,0,0,0,0,0,0,0,0,0,1,1,0,1,1,1,1,1,2,2,2,2,3,3,3,3,6,8,8,10,11,13,14,15,15,15,19
47-1,TN,1,-82.4945472,36.29472368,0,0,0,0,0,0,0,0,0,0,0,0,0,0,0,0,0,0,0,0,0,0,0,0,0,0,0,0,0,0,0,0,0,0,0,0,0,0,0,0,0,0,0,0,0,0,0,0,0,0,0,0,0,0,0,0,0,0,2,2,2,6,7,7,9,10,14,14,14,14,21,20,20,22,23,24,27,30,32,37,37,42,42,44,44,45
47-2,TN,2,-84.31145275,35.73939663,0,0,0,0,0,0,0,0,0,0,0,0,0,0,0,0,0,0,0,0,0,0,0,0,0,0,0,0,0,0,0,0,0,0,0,0,0,0,0,0,0,0,0,0,0,0,0,0,0,0,0,0,0,0,0,0,0,0,0,0,1,1,2,3,6,6,6,8,8,8,8,9,12,13,13,13,15,15,15,16,16,16,16,17,17,18
47-3,TN,3,-83.83651902,36.28590426,0,0,0,0,0,0,0,0,0,0,0,0,0,0,0,0,0,0,0,0,0,0,0,0,0,0,0,0,0,0,0,0,0,0,0,0,0,0,0,0,0,0,0,0,0,0,0,0,0,0,0,0,0,0,0,0,0,0,0,0,0,0,0,0,0,0,1,1,1,1,1,1,1,1,1,1,1,2,1,3,3,3,3,3,3,3
47-4,TN,4,-85.77969117,35.6728299,0,0,0,0,0,0,0,0,0,0,0,0,0,0,0,0,0,0,0,0,0,0,0,0,0,0,0,0,0,0,0,0,0,0,0,0,0,0,0,0,0,0,0,0,0,0,0,0,0,0,0,0,0,0,0,0,0,0,0,0,0,0,0,0,0,0,0,0,0,1,1,1,1,1,1,1,2,2,3,3,4,4,4,4,4,4
47-5,TN,5,-87.35891709,36.14669837,0,0,0,0,0,0,0,0,0,0,0,0,0,0,0,0,0,0,0,0,0,0,0,0,0,0,0,0,0,0,0,0,0,0,0,0,0,0,0,0,0,0,0,0,0,0,0,0,0,0,0,0,0,0,0,0,0,0,1,3,4,5,5,5,7,9,11,11,11,17,18,20,21,22,23,24,27,26,28,29,30,30,30,33,33,37
47-6,TN,6,-86.29775884,36.15496772,0,0,0,0,0,0,0,0,0,0,0,0,0,0,0,0,0,0,0,0,0,0,0,0,0,0,0,0,0,0,0,0,0,0,0,0,0,0,0,0,0,0,0,0,0,0,0,0,0,0,0,0,0,0,0,0,0,0,1,3,2,6,7,10,13,20,20,27,27,39,45,62,71,82,93,97,113,117,123,129,135,135,143,145,145,155
47-7,TN,7,-86.89281867,35.89099229,0,0,0,0,0,0,0,0,0,0,0,0,0,0,0,0,0,0,0,0,0,0,0,0,0,0,0,0,0,0,0,0,0,0,0,0,0,0,0,0,0,0,0,1,1,1,1,1,1,5,8,9,10,10,18,21,24,30,35,47,48,53,64,66,70,91,95,101,101,131,148,199,221,239,258,260,278,287,288,299,312,318,318,322,322,321
47-8,TN,8,-88.71990865,36.29896232,0,0,0,0,0,0,0,0,0,0,0,0,0,0,0,0,0,0,0,0,0,0,0,0,0,0,0,0,0,0,0,0,0,0,0,0,0,0,0,0,0,0,0,0,0,0,0,0,0,0,0,0,0,0,0,0,0,0,0,0,0,1,0,0,0,0,1,1,1,1,1,1,1,1,5,5,5,5,5,5,5,5,6,6,6,6
47-9,TN,9,-89.89692423,35.1864775,0,0,0,0,0,0,0,0,0,0,0,0,0,0,0,0,0,0,0,0,0,0,0,0,0,0,0,0,0,0,0,0,0,0,0,0,0,0,0,0,0,0,0,0,0,0,1,1,1,1,2,2,2,2,2,3,4,10,4,42,66,93,135,170,198,223,275,362,396,428,496,638,640,689,736,766,835,912,1006,1083,1147,1215,1331,1359,1359,1508
47-9999,TN,9999,0.0,0.0,0,0,0,0,0,0,0,0,0,0,0,0,0,0,0,0,0,0,0,0,0,0,0,0,0,0,0,0,0,0,0,0,0,0,0,0,0,0,0,0,0,0,0,0,0,0,0,0,0,0,0,0,0,0,0,0,0,22,43,0,0,54,38,81,112,172,161,190,197,307,442,6,54,63,86,69,59,31,38,22,19,12,46,136,136,197
48-1,TX,1,-95.38236367999998,32.78722382,0,0,0,0,0,0,0,0,0,0,0,0,0,0,0,0,0,0,0,0,0,0,0,0,0,0,0,0,0,0,0,0,0,0,0,0,0,0,0,0,0,0,0,0,0,0,0,0,0,0,0,0,0,0,0,0,0,0,0,0,0,0,0,0,0,0,0,0,0,1,1,1,1,1,2,3,4,4,4,5,5,5,5,6,6,6
48-3,TX,3,-96.57264368,33.18820114,0,0,0,0,0,0,0,0,0,0,0,0,0,0,0,0,0,0,0,0,0,0,0,0,0,0,0,0,0,0,0,0,0,0,0,0,0,0,0,0,0,0,0,0,0,0,0,1,3,3,3,5,6,7,8,8,11,18,27,27,38,38,45,53,66,87,118,134,134,160,184,207,227,256,287,306,306,343,378,406,425,453,472,472,477,505
48-4,TX,4,-94.96797273,33.21339719,0,0,0,0,0,0,0,0,0,0,0,0,0,0,0,0,0,0,0,0,0,0,0,0,0,0,0,0,0,0,0,0,0,0,0,0,0,0,0,0,0,0,0,0,0,0,0,0,0,0,0,0,0,0,0,0,0,0,0,0,0,0,0,0,0,0,0,0,0,0,0,0,1,1,1,1,2,2,4,6,6,6,6,7,8,8
48-5,TX,5,-95.83766468999998,32.56483801,0,0,0,0,0,0,0,0,0,0,0,0,0,0,0,0,0,0,0,0,0,0,0,0,0,0,0,0,0,0,0,0,0,0,0,0,0,0,0,0,0,0,0,0,0,0,0,0,0,0,0,0,0,0,0,0,0,1,1,1,1,1,1,1,1,1,1,1,2,2,2,3,3,4,4,5,7,7,7,10,10,10,10,10,10,11
48-6,TX,6,-96.47428766,32.04620681,0,0,0,0,0,0,0,0,0,0,0,0,0,0,0,0,0,0,0,0,0,0,0,0,0,0,0,0,0,0,0,0,0,0,0,0,0,0,0,0,0,0,0,0,0,0,0,0,0,0,0,0,0,0,0,0,0,0,0,0,0,0,0,0,0,1,1,1,3,3,4,4,5,5,6,4,4,4,10,11,12,12,12,16,16,18
48-8,TX,8,-95.57440968,30.73872995,0,0,0,0,0,0,0,0,0,0,0,0,0,0,0,0,0,0,0,0,0,0,0,0,0,0,0,0,0,0,0,0,0,0,0,0,0,0,0,0,0,0,0,0,0,0,0,0,0,0,0,0,0,0,0,0,0,0,0,0,1,1,1,1,3,2,3,3,3,3,5,7,5,8,10,10,15,15,15,15,17,17,21,38,38,58
48-10,TX,10,-96.40946246,30.21498498,0,0,0,0,0,0,0,0,0,0,0,0,0,0,0,0,0,0,0,0,0,0,0,0,0,0,0,0,0,0,0,0,0,0,0,0,0,0,0,0,0,0,0,0,0,0,0,0,0,0,0,0,0,0,0,0,0,0,0,0,0,0,0,0,0,3,6,6,8,9,17,17,17,17,17,19,21,24,28,34,36,37,37,37,44,46
48-11,TX,11,-100.462443,31.40464436,0,0,0,0,0,0,0,0,0,0,0,0,0,0,0,0,0,0,0,0,0,0,0,0,0,0,0,0,0,0,0,0,0,0,0,0,0,0,0,0,0,0,0,0,0,0,0,0,0,0,0,0,0,0,0,0,0,0,0,0,0,0,1,3,2,2,3,5,6,9,9,10,17,20,21,24,24,25,32,33,35,35,39,39,40,40
48-12,TX,12,-97.80500621,32.77757172,0,0,0,0,0,0,0,0,0,0,0,0,0,0,0,0,0,0,0,0,0,0,0,0,0,0,0,0,0,0,0,0,0,0,0,0,0,0,0,0,0,0,0,0,0,0,0,0,0,0,0,0,0,0,0,0,0,0,0,0,0,1,1,1,2,2,4,4,4,4,4,4,5,6,6,6,6,6,9,11,13,13,14,15,16,17
48-13,TX,13,-97.65460265,33.21570665,0,0,0,0,0,0,0,0,0,0,0,0,0,0,0,0,0,0,0,0,0,0,0,0,0,0,0,0,0,0,0,0,0,0,0,0,0,0,0,0,0,0,0,0,0,0,0,0,0,0,0,0,0,0,0,0,0,0,0,0,0,0,0,0,0,0,0,0,1,1,1,3,3,3,3,3,3,3,3,4,5,5,5,5,5,7
48-14,TX,14,-94.16434171,29.883277700000004,0,0,0,0,0,0,0,0,0,0,0,0,0,0,0,0,0,0,0,0,0,0,0,0,0,0,0,0,0,0,0,0,0,0,0,0,0,0,0,0,0,0,0,0,0,0,0,0,0,0,0,0,0,0,0,0,1,1,1,1,3,6,6,6,7,8,12,16,18,18,27,31,40,40,58,59,78,78,87,94,100,100,127,134,140,143
48-15,TX,15,-98.1246786,28.35101362,0,0,0,0,0,0,0,0,0,0,0,0,0,0,0,0,0,0,0,0,0,0,0,0,0,0,0,0,0,0,0,0,0,0,0,0,0,0,0,0,0,0,0,0,0,0,0,0,0,0,0,0,0,0,0,0,0,0,0,0,0,0,0,0,0,0,0,0,0,1,1,3,3,3,3,3,3,3,3,3,3,3,3,3,3,3
48-16,TX,16,-106.2363275,31.76980765,0,0,0,0,0,0,0,0,0,0,0,0,0,0,0,0,0,0,0,0,0,0,0,0,0,0,0,0,0,0,0,0,0,0,0,0,0,0,0,0,0,0,0,0,0,0,0,0,0,0,0,0,1,1,2,3,3,6,6,7,7,9,10,16,28,28,38,42,40,53,57,75,85,103,113,132,132,153,192,225,252,269,292,300,346,393
48-17,TX,17,-96.51272246,31.02539637,0,0,0,0,0,0,0,0,0,0,0,0,0,0,0,0,0,0,0,0,0,0,0,0,0,0,0,0,0,0,0,0,0,0,0,0,0,0,0,0,0,0,0,0,0,0,0,0,0,0,0,0,0,0,0,0,0,0,0,0,0,1,1,1,1,1,2,2,2,2,2,2,2,2,2,2,2,2,2,2,2,2,2,2,2,2
48-19,TX,19,-98.68790885,33.17659707,0,0,0,0,0,0,0,0,0,0,0,0,0,0,0,0,0,0,0,0,0,0,0,0,0,0,0,0,0,0,0,0,0,0,0,0,0,0,0,0,0,0,0,0,0,0,0,0,0,0,0,0,0,0,0,0,0,0,0,0,0,0,0,1,1,1,1,1,1,1,3,3,3,3,3,3,3,3,3,3,3,3,3,3,3,4
48-21,TX,21,-99.34930144,30.06040006,0,0,0,0,0,0,0,0,0,0,0,0,0,0,0,0,0,0,0,0,0,0,0,0,0,0,0,0,0,0,0,0,0,0,0,0,0,0,0,0,0,0,0,0,0,0,0,0,0,0,0,0,0,0,0,0,0,0,0,0,0,0,0,0,0,0,0,0,0,1,1,1,2,2,2,2,2,2,2,2,2,2,2,2,3,4
48-22,TX,22,-95.77219463,29.52704478,0,0,0,0,0,0,0,0,0,0,0,0,0,0,0,0,0,0,0,0,0,0,0,0,0,0,0,0,0,0,0,0,0,0,0,0,0,0,0,0,0,0,0,1,1,3,6,6,6,6,6,9,9,9,9,9,12,19,24,29,29,29,46,46,86,101,101,119,119,163,163,194,221,255,268,318,318,417,437,485,518,536,543,543,627,627
48-23,TX,23,-103.0485163,31.85008651,0,0,0,0,0,0,0,0,0,0,0,0,0,0,0,0,0,0,0,0,0,0,0,0,0,0,0,0,0,0,0,0,0,0,0,0,0,0,0,0,0,0,0,0,0,0,0,0,0,0,0,0,0,0,0,0,0,0,0,0,0,0,0,0,0,0,0,0,0,0,0,0,0,0,0,0,0,0,0,1,1,1,1,1,1,2
48-25,TX,25,-98.24206613,31.19531316,0,0,0,0,0,0,0,0,0,0,0,0,0,0,0,0,0,0,0,0,0,0,0,0,0,0,0,0,0,0,0,0,0,0,0,0,0,0,0,0,0,0,0,0,0,0,0,0,0,0,0,0,0,0,0,0,0,0,0,0,0,0,0,0,0,0,0,0,0,0,0,0,1,1,1,2,2,2,2,3,2,2,2,2,3,2
48-26,TX,26,-97.11691153,33.20521901,0,0,0,0,0,0,0,0,0,0,0,0,0,0,0,0,0,0,0,0,0,0,0,0,0,0,0,0,0,0,0,0,0,0,0,0,0,0,0,0,0,0,0,0,0,0,0,0,0,0,0,0,0,0,1,1,5,9,15,24,30,30,38,51,83,137,148,165,165,206,206,254,273,273,304,337,366,366,426,426,454,474,507,507,521,547
48-27,TX,27,-96.22319248,29.27765923,0,0,0,0,0,0,0,0,0,0,0,0,0,0,0,0,0,0,0,0,0,0,0,0,0,0,0,0,0,0,0,0,0,0,0,0,0,0,0,0,0,0,0,0,0,0,0,0,0,0,0,0,0,0,0,0,0,0,0,1,1,1,1,3,3,3,3,3,6,6,7,9,9,9,9,13,17,18,18,24,24,26,27,28,28,32
48-28,TX,28,-99.16987152,27.00156391,0,0,0,0,0,0,0,0,0,0,0,0,0,0,0,0,0,0,0,0,0,0,0,0,0,0,0,0,0,0,0,0,0,0,0,0,0,0,0,0,0,0,0,0,0,0,0,0,0,0,0,0,0,0,0,0,0,0,0,0,0,0,0,0,0,0,0,0,0,0,0,0,0,0,0,1,1,1,3,3,3,3,3,3,3,4
48-29,TX,29,-95.39339521,29.85864939,0,0,0,0,0,0,0,0,0,0,0,0,0,0,0,0,0,0,0,0,0,0,0,0,0,0,0,0,0,0,0,0,0,0,0,0,0,0,0,0,0,0,0,2,3,5,5,6,6,7,9,9,11,11,13,16,23,30,55,68,74,78,134,185,203,229,445,526,563,680,847,955,1106,1284,1395,1809,2146,2341,3047,3261,3561,3629,3744,3907,4097,4306
48-30,TX,30,-96.7779605,32.76670599,0,0,0,0,0,0,0,0,0,0,0,0,0,0,0,0,0,0,0,0,0,0,0,0,0,0,0,0,0,0,0,0,0,0,0,0,0,0,0,0,0,0,0,0,0,0,0,0,0,2,3,8,9,11,19,28,39,59,74,95,131,155,169,247,303,367,439,488,549,631,731,831,921,1105,1112,1155,1261,1324,1432,1537,1644,1723,1788,1877,1986,2066
48-31,TX,31,-97.6004854,30.64655664,0,0,0,0,0,0,0,0,0,0,0,0,0,0,0,0,0,0,0,0,0,0,0,0,0,0,0,0,0,0,0,0,0,0,0,0,0,0,0,0,0,0,0,0,0,0,0,0,0,0,0,0,0,0,0,0,4,8,8,9,9,14,14,22,27,34,34,37,37,42,50,63,71,71,77,77,81,87,97,103,110,113,117,119,124,128
48-33,TX,33,-97.29101614,32.77143818,0,0,0,0,0,0,0,0,0,0,0,0,0,0,0,0,0,0,0,0,0,0,0,0,0,0,0,0,0,0,0,0,0,0,0,0,0,0,0,0,0,0,0,0,0,0,0,0,0,1,1,3,3,4,5,6,8,19,29,42,47,57,71,90,100,114,128,139,238,273,288,325,383,404,418,452,517,588,637,705,705,787,876,929,990,1093
48-34,TX,34,-97.61535848000001,26.47411727,0,0,0,0,0,0,0,0,0,0,0,0,0,0,0,0,0,0,0,0,0,0,0,0,0,0,0,0,0,0,0,0,0,0,0,0,0,0,0,0,0,0,0,0,0,0,0,0,0,0,0,0,0,0,0,0,0,0,0,0,0,0,0,0,0,1,1,1,2,2,2,3,3,5,5,5,5,7,5,5,5,5,5,5,5,7
48-35,TX,35,-98.52019748,29.44928723,0,0,0,0,0,0,0,0,0,0,0,0,0,0,0,0,0,0,0,0,0,0,0,0,0,0,0,0,0,0,0,0,0,0,0,0,0,0,0,0,0,0,0,0,0,0,0,0,0,0,0,1,2,2,3,4,11,29,29,39,46,57,69,69,84,113,125,140,157,168,207,229,254,342,384,410,456,503,554,615,665,723,772,794,815,890
48-36,TX,36,-94.37690895,30.77031716,0,0,0,0,0,0,0,0,0,0,0,0,0,0,0,0,0,0,0,0,0,0,0,0,0,0,0,0,0,0,0,0,0,0,0,0,0,0,0,0,0,0,0,0,0,0,0,0,0,0,0,0,0,0,0,0,0,0,0,0,0,0,0,0,0,0,0,0,0,1,1,0,2,2,2,2,2,2,4,4,4,4,4,4,4,5
48-9999,TX,9999,0.0,0.0,0,0,0,0,0,0,0,0,0,0,0,0,0,0,0,0,0,0,0,0,0,0,0,0,0,0,0,0,0,0,0,0,0,0,0,0,0,0,0,0,0,0,0,0,0,0,0,0,0,0,0,0,0,0,0,0,0,3,3,43,0,0,0,0,0,0,0,0,0,0,0,0,0,0,0,0,0,0,0,0,0,0,0,0,0,0
49-1,UT,1,-111.9145117,41.27116049,0,0,0,0,0,0,0,0,0,0,0,0,0,0,0,0,0,0,0,0,0,0,0,0,0,0,0,0,0,0,0,0,0,0,0,0,0,0,0,0,0,0,0,0,0,0,0,0,1,1,1,1,1,0,2,4,0,0,0,0,0,8,9,10,14,20,29,37,39,41,41,53,58,63,67,71,75,77,77,90,93,96,103,105,107,108
49-2,UT,2,-113.504698,37.28003525,0,0,0,0,0,0,0,0,0,0,0,0,0,0,0,0,0,0,0,0,0,0,0,0,0,0,0,0,0,0,0,0,0,0,0,0,0,0,0,0,0,0,0,0,0,0,0,0,0,0,0,0,0,0,0,0,0,0,0,0,0,5,5,5,8,9,13,8,15,14,14,18,23,25,27,31,31,31,32,41,41,42,43,45,47,47
49-3,UT,3,-111.16914189999999,40.33110236,0,0,0,0,0,0,0,0,0,0,0,0,0,0,0,0,0,0,0,0,0,0,0,0,0,0,0,0,0,0,0,0,0,0,0,0,0,0,0,0,0,0,0,0,0,0,0,0,0,0,0,0,0,0,1,2,2,3,4,7,8,11,15,15,20,28,36,39,44,50,50,61,69,70,78,79,80,82,82,96,98,103,103,102,102,103
49-4,UT,4,-111.92160109999999,40.66616532,0,0,0,0,0,0,0,0,0,0,0,0,0,0,0,0,0,0,0,0,0,0,0,0,0,0,0,0,0,0,0,0,0,0,0,0,0,0,0,0,0,0,0,0,0,0,0,0,0,0,0,1,1,14,16,20,22,29,44,57,80,109,124,151,178,218,276,321,360,396,396,476,541,650,741,777,807,858,858,1011,1071,1126,1157,1187,1285,1377
49-9999,UT,9999,0.0,0.0,0,0,0,0,0,0,0,0,0,0,0,0,0,0,0,0,0,0,0,0,0,0,0,0,0,0,0,0,0,0,0,0,0,0,0,0,0,0,0,0,0,0,0,0,0,0,0,0,0,0,0,2,2,0,0,0,0,0,0,0,0,0,0,0,0,0,0,0,0,0,0,0,0,0,2,0,0,0,0,0,0,4,0,0,0,0
50-0,VT,0,0.0,0.0,0,0,0,0,0,0,0,0,0,0,0,0,0,0,0,0,0,0,0,0,0,0,0,0,0,0,0,0,0,0,0,0,0,0,0,0,0,0,0,0,0,0,0,0,0,0,0,0,0,0,0,0,0,0,0,0,0,9,11,0,0,0,0,2,8,6,7,7,28,11,14,5,6,11,13,21,3,33,8,59,11,7,8,39,15,15
51-1,VA,1,-77.4922454,38.2977863,0,0,0,0,0,0,0,0,0,0,0,0,0,0,0,0,0,0,0,0,0,0,0,0,0,0,0,0,0,0,0,0,0,0,0,0,0,0,0,0,0,0,0,0,0,0,0,0,0,0,0,0,0,0,0,0,0,0,0,0,0,0,0,1,1,1,1,1,1,1,1,2,4,7,7,7,8,8,10,10,11,12,13,14,15,15
51-2,VA,2,-76.70905141,37.28131268,0,0,0,0,0,0,0,0,0,0,0,0,0,0,0,0,0,0,0,0,0,0,0,0,0,0,0,0,0,0,0,0,0,0,0,0,0,0,0,0,0,0,0,0,0,0,0,0,0,0,0,0,0,0,0,1,1,1,4,4,5,5,5,5,5,5,6,7,7,8,9,9,9,10,12,13,14,16,16,17,17,17,20,20,19,19
51-3,VA,3,-76.35971629,36.85914825,0,0,0,0,0,0,0,0,0,0,0,0,0,0,0,0,0,0,0,0,0,0,0,0,0,0,0,0,0,0,0,0,0,0,0,0,0,0,0,0,0,0,0,0,0,0,0,0,0,0,0,0,0,0,0,0,0,0,0,0,0,0,0,0,0,3,4,4,4,12,13,16,17,26,26,27,36,41,44,48,49,51,54,59,59,62
51-4,VA,4,-76.63603554,36.70155394,0,0,0,0,0,0,0,0,0,0,0,0,0,0,0,0,0,0,0,0,0,0,0,0,0,0,0,0,0,0,0,0,0,0,0,0,0,0,0,0,0,0,0,0,0,0,0,0,0,0,0,0,0,0,0,0,0,1,1,1,1,1,1,1,1,1,1,1,3,4,5,6,10,20,22,28,30,31,31,35,40,48,51,57,59,65
51-5,VA,5,-79.40395668,36.58022376,0,0,0,0,0,0,0,0,0,0,0,0,0,0,0,0,0,0,0,0,0,0,0,0,0,0,0,0,0,0,0,0,0,0,0,0,0,0,0,0,0,0,0,0,0,0,0,0,0,0,0,0,0,0,0,0,0,0,0,0,1,1,1,2,2,4,4,5,4,4,4,7,9,12,12,13,15,15,19,20,20,20,21,22,22,22
51-6,VA,6,-78.90293905,38.06451466,0,0,0,0,0,0,0,0,0,0,0,0,0,0,0,0,0,0,0,0,0,0,0,0,0,0,0,0,0,0,0,0,0,0,0,0,0,0,0,0,0,0,0,0,0,0,0,0,0,0,0,0,0,0,0,0,0,0,0,0,0,0,0,0,0,0,0,0,0,2,2,2,3,2,2,3,3,2,3,5,5,5,6,6,6,6
51-7,VA,7,-77.655399,38.18574462,0,0,0,0,0,0,0,0,0,0,0,0,0,0,0,0,0,0,0,0,0,0,0,0,0,0,0,0,0,0,0,0,0,0,0,0,0,0,0,0,0,0,0,0,0,0,0,0,1,1,1,1,1,1,1,1,1,1,1,1,2,2,2,3,3,3,3,3,6,7,8,9,11,18,24,26,29,31,36,43,47,50,51,56,60,62
51-8,VA,8,0.0,0.0,0,0,0,0,0,0,0,0,0,0,0,0,0,0,0,0,0,0,0,0,0,0,0,0,0,0,0,0,0,0,0,0,0,0,0,0,0,0,0,0,0,0,0,0,0,0,0,0,0,0,0,0,0,0,0,0,0,0,0,0,0,0,0,0,0,0,0,0,0,0,0,0,0,0,0,0,0,0,0,0,0,2,2,2,0,0
51-9,VA,9,-80.06219455,37.2836193,0,0,0,0,0,0,0,0,0,0,0,0,0,0,0,0,0,0,0,0,0,0,0,0,0,0,0,0,0,0,0,0,0,0,0,0,0,0,0,0,0,0,0,0,0,0,0,0,0,0,0,0,0,0,0,0,0,0,0,0,0,0,0,0,0,0,0,0,0,0,0,1,1,1,1,1,1,1,1,1,1,1,1,3,3,4
51-10,VA,10,-78.17325058,39.17054517,0,0,0,0,0,0,0,0,0,0,0,0,0,0,0,0,0,0,0,0,0,0,0,0,0,0,0,0,0,0,0,0,0,0,0,0,0,0,0,0,0,0,0,0,0,0,0,0,0,0,0,0,0,0,0,0,0,0,0,0,0,0,0,0,0,0,0,1,3,3,5,5,9,10,11,13,14,15,16,16,19,19,20,20,21,21
51-11,VA,11,0.0,0.0,0,0,0,0,0,0,0,0,0,0,0,0,0,0,0,0,0,0,0,0,0,0,0,0,0,0,0,0,0,0,0,0,0,0,0,0,0,0,0,0,0,0,0,0,0,0,0,0,0,0,0,0,0,0,0,0,0,0,0,0,0,0,0,1,1,0,0,0,1,1,0,0,0,0,0,0,0,0,0,1,1,1,1,1,0,0
51-9999,VA,9999,0.0,0.0,0,0,0,0,0,0,0,0,0,0,0,0,0,0,0,0,0,0,0,0,0,0,0,0,0,0,0,0,0,0,0,0,0,0,0,0,0,0,0,0,0,0,0,0,0,0,0,0,0,0,0,1,0,0,0,0,0,1,0,0,0,0,0,0,0,0,0,0,0,0,0,0,0,0,3,0,0,0,0,0,0,0,0,0,0,0
53-1,WA,1,-121.7490018,48.82227976,0,0,0,0,0,0,0,0,0,0,0,0,0,0,0,0,0,0,0,0,0,0,0,0,0,0,0,0,0,0,0,0,0,0,0,0,0,0,0,0,0,0,0,0,0,0,0,0,0,1,1,1,2,2,3,6,7,7,10,14,14,48,48,64,86,92,102,116,116,139,139,175,182,199,224,228,238,238,243,250,261,263,264,264,269,273
53-3,WA,3,-123.4250831,46.2918004,0,0,0,0,0,0,0,0,0,0,0,0,0,0,0,0,0,0,0,0,0,0,0,0,0,0,0,0,0,0,0,0,0,0,0,0,0,0,0,0,0,0,0,0,0,0,0,0,0,0,0,0,0,0,0,0,0,0,0,0,0,0,0,0,0,0,0,0,0,0,0,0,1,1,1,2,2,2,2,2,2,2,2,2,2,2
53-4,WA,4,-120.7380126,46.45738486,0,0,0,0,0,0,0,0,0,0,0,0,0,0,0,0,0,0,0,0,0,0,0,0,0,0,0,0,0,0,0,0,0,0,0,0,0,0,0,0,0,0,0,0,0,0,0,0,0,0,0,2,4,4,4,5,7,7,10,13,16,16,25,47,61,66,82,140,147,161,161,224,240,289,326,363,380,400,433,447,511,535,538,614,635,674
53-5,WA,5,-117.5241763,46.90022523,0,0,0,0,0,0,0,0,0,0,0,0,0,0,0,0,0,0,0,0,0,0,0,0,0,0,0,0,0,0,0,0,0,0,0,0,0,0,0,0,0,0,0,0,0,0,0,0,0,0,0,0,0,0,0,0,0,0,0,0,1,2,2,2,3,5,6,6,8,8,10,11,11,11,11,12,12,12,12,12,12,12,12,12,12,13
53-6,WA,6,-123.1863685,47.35007586,0,0,0,0,0,0,0,0,0,0,0,0,0,0,0,0,0,0,0,0,0,0,0,0,0,0,0,0,0,0,0,0,0,0,0,0,0,0,0,0,0,0,0,0,0,0,0,0,0,0,0,0,0,0,0,0,1,1,1,1,1,1,1,2,2,2,2,2,2,5,6,11,13,13,14,15,16,17,17,18,18,19,19,19,19,20
53-8,WA,8,-122.1405958,47.03892768,0,0,0,0,0,0,0,0,0,0,0,0,0,0,0,0,0,0,0,0,0,0,0,0,0,0,0,0,0,0,0,0,0,0,0,0,0,0,0,0,0,0,0,0,0,1,4,4,4,14,17,19,26,26,38,45,56,75,83,95,107,126,138,155,186,231,231,317,317,377,377,498,571,620,688,717,760,795,838,875,922,931,969,969,1000,1022
53-10,WA,10,-122.8290656,46.9291895,0,0,0,0,0,0,0,0,0,0,0,0,0,0,0,0,0,0,0,0,0,0,0,0,0,0,0,0,0,0,0,0,0,0,0,0,0,0,0,0,0,0,0,0,0,0,0,0,0,1,1,1,3,3,4,5,6,6,8,9,11,11,11,14,24,24,27,33,36,48,48,51,58,64,67,67,74,74,77,81,81,81,81,81,82,86
53-9999,WA,9999,0.0,0.0,0,0,0,0,0,0,0,0,0,0,0,0,0,0,0,0,0,0,0,0,0,0,0,0,0,0,0,0,0,0,0,0,0,0,0,0,0,0,0,0,0,0,0,0,0,0,0,0,5,0,36,65,39,0,0,0,0,151,130,146,164,145,112,51,69,67,0,125,274,274,303,344,501,483,533,648,677,915,838,908,848,732,619,484,383,272
54-1,WV,1,-81.5162836,39.20967886,0,0,0,0,0,0,0,0,0,0,0,0,0,0,0,0,0,0,0,0,0,0,0,0,0,0,0,0,0,0,0,0,0,0,0,0,0,0,0,0,0,0,0,0,0,0,0,0,0,0,0,0,0,0,0,0,0,0,0,0,0,0,0,1,1,2,2,2,2,2,2,3,5,7,10,11,13,14,14,18,18,18,18,21,22,25
54-2,WV,2,-81.37473928,39.02775007,0,0,0,0,0,0,0,0,0,0,0,0,0,0,0,0,0,0,0,0,0,0,0,0,0,0,0,0,0,0,0,0,0,0,0,0,0,0,0,0,0,0,0,0,0,0,0,0,0,0,0,0,0,0,0,0,0,0,0,0,0,0,0,0,0,0,0,0,1,1,1,1,1,1,1,1,1,1,1,2,2,2,2,2,2,2
54-3,WV,3,-81.54511071,37.612327,0,0,0,0,0,0,0,0,0,0,0,0,0,0,0,0,0,0,0,0,0,0,0,0,0,0,0,0,0,0,0,0,0,0,0,0,0,0,0,0,0,0,0,0,0,0,0,0,0,0,0,0,0,0,0,0,0,0,0,0,0,0,0,0,0,0,0,0,0,0,0,0,0,0,0,0,1,1,1,1,1,1,1,1,1,1
54-9999,WV,9999,0.0,0.0,0,0,0,0,0,0,0,0,0,0,0,0,0,0,0,0,0,0,0,0,0,0,0,0,0,0,0,0,0,0,0,0,0,0,0,0,0,0,0,0,0,0,0,0,0,0,0,0,0,0,0,0,0,0,0,0,0,0,0,0,0,0,0,0,0,0,0,0,0,0,0,0,0,0,0,0,0,21,0,0,0,0,0,0,0,0
55-1,WI,1,-88.54163073,42.66858202,0,0,0,0,0,0,0,0,0,0,0,0,0,0,0,0,0,0,0,0,0,0,0,0,0,0,0,0,0,0,0,0,0,0,0,0,0,0,0,0,0,0,0,0,0,0,0,0,0,0,0,0,0,0,0,0,1,2,3,3,3,3,4,5,5,5,6,6,6,6,12,15,15,15,20,20,21,21,28,35,35,37,38,45,49,71
55-2,WI,2,-89.94966132,43.42574087,0,0,0,0,0,0,0,0,0,0,0,0,0,0,0,0,0,0,0,0,0,0,0,0,0,0,0,0,0,0,0,0,0,0,0,0,0,0,0,0,0,0,0,0,0,0,0,0,0,0,0,0,0,0,0,0,0,1,2,2,2,3,4,6,7,8,11,12,13,13,14,16,18,18,18,18,20,20,21,25,25,26,26,28,31,31
55-3,WI,3,-91.35893614,44.30360275,0,0,0,0,0,0,0,0,0,0,0,0,0,0,0,0,0,0,0,0,0,0,0,0,0,0,0,0,0,0,0,0,0,0,0,0,0,0,0,0,0,0,0,0,0,0,0,0,0,0,0,0,0,0,0,0,0,0,0,0,0,0,0,0,0,0,0,0,0,0,0,1,1,1,1,1,1,1,1,1,1,1,1,1,1,1
55-4,WI,4,-87.96733172,43.00486062,0,0,0,0,0,0,0,0,0,0,0,0,0,0,0,0,0,0,0,0,0,0,0,0,0,0,0,0,0,0,0,0,0,0,0,0,0,0,0,0,0,0,0,0,0,0,0,0,0,0,0,2,6,6,13,24,47,62,95,126,182,204,243,325,347,411,541,606,617,710,780,869,1023,1023,1190,1256,1323,1416,1484,1575,1653,1710,1743,1795,1870,1947
55-5,WI,5,-88.30431188,43.01833055,0,0,0,0,0,0,0,0,0,0,0,0,0,0,0,0,0,0,0,0,0,0,0,0,0,0,0,0,0,0,0,0,0,0,0,0,0,0,0,0,0,0,0,0,0,0,0,0,0,0,1,1,3,3,3,4,5,12,15,20,30,31,31,42,56,61,72,83,93,101,107,120,141,141,154,160,166,166,184,193,201,209,218,224,238,245
55-6,WI,6,-88.64477096,44.06886922,0,0,0,0,0,0,0,0,0,0,0,0,0,0,0,0,0,0,0,0,0,0,0,0,0,0,0,0,0,0,0,0,0,0,0,0,0,0,0,0,0,0,0,0,0,0,0,0,0,0,0,0,1,1,3,3,5,5,5,5,5,5,5,5,6,6,7,8,10,11,19,24,24,24,20,24,24,24,25,25,25,27,27,29,31,32
55-7,WI,7,-90.04158336,44.45537896,0,0,0,0,0,0,0,0,0,0,0,0,0,0,0,0,0,0,0,0,0,0,0,0,0,0,0,0,0,0,0,0,0,0,0,0,0,0,0,0,0,0,0,0,0,0,0,0,0,0,0,0,0,0,1,1,1,1,1,1,1,1,1,1,1,2,2,2,2,2,2,2,2,2,2,2,2,2,2,2,2,2,2,2,2,2
55-8,WI,8,-88.96534501,44.47068056,0,0,0,0,0,0,0,0,0,0,0,0,0,0,0,0,0,0,0,0,0,0,0,0,0,0,0,0,0,0,0,0,0,0,0,0,0,0,0,0,0,0,0,0,0,0,0,0,0,0,0,0,0,0,0,0,0,0,0,0,0,0,0,0,1,1,1,1,1,1,2,2,2,2,2,2,2,2,3,3,3,4,4,4,4,4
55-9999,WI,9999,0.0,0.0,0,0,0,0,0,0,0,0,0,0,0,0,0,0,0,0,0,0,0,0,0,0,0,0,0,0,0,0,0,0,0,0,0,0,0,0,0,0,0,0,0,0,0,0,0,0,0,0,0,0,0,0,0,0,0,0,0,0,0,0,0,0,0,0,0,61,0,0,0,0,0,0,0,0,0,0,0,0,0,0,0,0,0,1,1,0
66-98,GU,98,144.7937,13.4443,0,0,0,0,0,0,0,0,0,0,0,0,0,0,0,0,0,0,0,0,0,0,0,0,0,0,0,0,0,0,0,0,0,0,0,0,0,0,0,0,0,0,0,0,0,0,0,0,0,0,0,0,0,0,3,3,5,12,14,15,27,29,32,37,45,51,55,56,58,69,77,82,84,93,112,113,121,121,128,130,133,133,133,133,135,135
72-98,PR,98,-66.5901,18.2208,0,0,0,0,0,0,0,0,0,0,0,0,0,0,0,0,0,0,0,0,0,0,0,0,0,0,0,0,0,0,0,0,0,0,0,0,0,0,0,0,0,0,0,0,0,0,0,0,0,0,0,0,0,0,5,5,5,5,14,21,23,31,39,51,64,79,100,127,174,239,286,316,316,452,475,513,573,620,683,725,788,897,903,923,974,1043
78-98,VI,98,-64.8963,18.3358,0,0,0,0,0,0,0,0,0,0,0,0,0,0,0,0,0,0,0,0,0,0,0,0,0,0,0,0,0,0,0,0,0,0,0,0,0,0,0,0,0,0,0,0,0,0,0,0,0,0,0,0,0,0,1,2,2,3,3,6,6,7,17,17,17,19,22,23,30,30,30,30,37,40,42,43,43,45,45,50,51,51,51,51,51,51
9999-9999,-,9999,0.0,0.0,0,0,0,0,0,0,0,0,0,0,0,0,0,0,0,0,0,0,0,0,0,0,0,0,0,0,0,0,0,0,0,0,0,0,0,0,0,0,0,0,0,0,0,0,0,0,0,0,0,0,0,0,0,0,20,21,21,22,23,23,30,28,28,28,28,28,103,103,103,103,103,103,103,103,103,103,103,103,103,103,103,103,103,103,103,103
