Key,Name,States,Longitude,Latitude,1/22/20,1/23/20,1/24/20,1/25/20,1/26/20,1/27/20,1/28/20,1/29/20,1/30/20,1/31/20,2/1/20,2/2/20,2/3/20,2/4/20,2/5/20,2/6/20,2/7/20,2/8/20,2/9/20,2/10/20,2/11/20,2/12/20,2/13/20,2/14/20,2/15/20,2/16/20,2/17/20,2/18/20,2/19/20,2/20/20,2/21/20,2/22/20,2/23/20,2/24/20,2/25/20,2/26/20,2/27/20,2/28/20,2/29/20,3/1/20,3/2/20,3/3/20,3/4/20,3/5/20,3/6/20,3/7/20,3/8/20,3/9/20,3/10/20,3/11/20,3/12/20,3/13/20,3/14/20,3/15/20,3/16/20,3/17/20,3/18/20,3/19/20,3/20/20,3/21/20,3/22/20,3/23/20,3/24/20,3/25/20,3/26/20,3/27/20,3/28/20,3/29/20,3/30/20,3/31/20,4/1/20,4/2/20,4/3/20,4/4/20,4/5/20,4/6/20,4/7/20,4/8/20,4/9/20,4/10/20,4/11/20,4/12/20,4/13/20,4/14/20,4/15/20,4/16/20,4/17/20,4/18/20,4/19/20,4/20/20,4/21/20,4/22/20,4/23/20,4/24/20,4/25/20,4/26/20,4/27/20,4/28/20,4/29/20,4/30/20,5/1/20,5/2/20,5/3/20,5/4/20,5/5/20,5/6/20,5/7/20,5/8/20,5/9/20,5/10/20,5/11/20,5/12/20,5/13/20,5/14/20,5/15/20,5/16/20,5/17/20,5/18/20,5/19/20,5/20/20,5/21/20,5/22/20,5/23/20,5/24/20,5/25/20,5/26/20,5/27/20,5/28/20,5/29/20,5/30/20,5/31/20,6/1/20,6/2/20,6/3/20,6/4/20,6/5/20,6/6/20,6/7/20,6/8/20,6/9/20,6/10/20,6/11/20,6/12/20,6/13/20,6/14/20
104,Albany-Schenectady, NY,-73.89873,42.78854,0,0,0,0,0,0,0,0,0,0,0,0,0,0,0,0,0,0,0,0,0,0,0,0,0,0,0,0,0,0,0,0,0,0,0,0,0,0,0,0,0,0,0,0,0,0,0,0,0,0,0,0,0,0,0,0,0,0,0,0,0,0,0,1,1,1,2,3,4,4,4,5,10,14,22,26,28,29,34,34,37,37,43,45,51,51,51,60,61,63,65,68,78,84,84,85,96,96,96,101,113,113,118,136,136,140,140,140,149,149,149,161,162,166,206,210,210,210,219,219,219,219,234,237,237,237,237,237,237,242,242,280,280,280,280,287,287,290,290,290,290,290,305,305,305
106,Albuquerque-Santa Fe-Las Vegas, NM,-106.69459,35.21780,0,0,0,0,0,0,0,0,0,0,0,0,0,0,0,0,0,0,0,0,0,0,0,0,0,0,0,0,0,0,0,0,0,0,0,0,0,0,0,0,0,0,0,0,0,0,0,0,0,0,0,0,0,0,0,0,0,0,0,0,0,0,0,0,0,0,0,1,1,3,4,5,9,9,9,9,10,10,13,14,16,19,19,19,21,21,23,29,30,30,30,35,39,41,43,44,44,46,48,48,51,55,60,60,63,66,67,68,69,70,72,75,79,81,83,84,86,88,88,88,92,95,95,99,99,99,100,102,105,105,105,105,106,106,107,108,108,109,109,110,111,111,111,112,114
107,Altoona-Huntingdon, PA,-78.05122,40.43322,0,0,0,0,0,0,0,0,0,0,0,0,0,0,0,0,0,0,0,0,0,0,0,0,0,0,0,0,0,0,0,0,0,0,0,0,0,0,0,0,0,0,0,0,0,0,0,0,0,0,0,0,0,0,0,0,0,0,0,0,0,0,0,0,0,0,0,0,0,0,0,0,0,0,0,0,0,0,0,0,0,0,0,0,0,0,0,0,0,0,0,0,0,0,0,0,0,0,0,0,0,0,0,0,0,0,0,0,0,0,0,0,0,0,0,0,0,1,1,2,2,2,2,2,2,2,3,3,3,3,3,3,3,4,4,5,5,5,5,5,5,5,5,5,5
108,Amarillo-Pampa-Borger, TX,-101.84051,35.33651,0,0,0,0,0,0,0,0,0,0,0,0,0,0,0,0,0,0,0,0,0,0,0,0,0,0,0,0,0,0,0,0,0,0,0,0,0,0,0,0,0,0,0,0,0,0,0,0,0,0,0,0,0,0,0,0,0,0,0,0,0,0,1,1,1,1,1,1,1,1,1,1,1,1,2,3,3,3,3,3,5,5,5,5,5,5,5,6,6,7,8,8,9,9,10,10,10,10,10,12,12,13,13,13,13,16,19,19,19,19,19,21,22,26,28,28,28,28,30,31,31,31,31,35,35,35,35,36,36,37,39,39,39,40,40,41,41,41,41,42,42,46,47,47,47
118,Appleton-Oshkosh-Neenah, WI,-88.52441,44.21628,0,0,0,0,0,0,0,0,0,0,0,0,0,0,0,0,0,0,0,0,0,0,0,0,0,0,0,0,0,0,0,0,0,0,0,0,0,0,0,0,0,0,0,0,0,0,0,0,0,0,0,0,0,0,0,0,0,0,0,0,0,0,0,0,0,0,0,0,0,0,0,0,0,0,1,2,2,2,3,3,3,3,3,3,3,3,3,3,3,3,3,3,3,3,3,3,3,3,3,3,3,3,3,3,3,3,3,3,3,4,4,4,4,6,6,6,6,7,7,7,7,7,8,9,9,9,12,12,13,15,16,16,16,16,16,16,16,16,16,16,18,18,19,19,19
120,Asheville-Marion-Brevard, NC,-82.49820,35.45093,0,0,0,0,0,0,0,0,0,0,0,0,0,0,0,0,0,0,0,0,0,0,0,0,0,0,0,0,0,0,0,0,0,0,0,0,0,0,0,0,0,0,0,0,0,0,0,0,0,0,0,0,0,0,0,0,0,0,0,0,0,0,0,0,0,0,0,1,1,1,1,1,2,2,2,3,4,4,4,6,7,7,7,9,10,11,14,14,14,14,16,16,18,18,18,18,18,21,24,26,27,27,27,27,27,28,29,30,32,32,33,33,35,40,41,43,43,43,43,49,49,50,51,54,58,58,67,72,70,70,70,71,76,78,79,79,81,82,82,84,84,84,84,84,84
122,Atlanta--Athens-Clarke County--Sandy Springs, GA-AL,-84.34415,33.79877,0,0,0,0,0,0,0,0,0,0,0,0,0,0,0,0,0,0,0,0,0,0,0,0,0,0,0,0,0,0,0,0,0,0,0,0,0,0,0,0,0,0,0,0,0,0,0,0,0,0,1,1,1,1,1,1,1,1,5,7,8,8,8,9,9,9,41,49,54,71,84,101,113,127,134,145,174,190,197,215,224,225,241,279,290,319,344,359,366,409,424,443,455,471,473,482,526,549,579,604,632,635,642,670,700,724,739,765,768,769,786,824,837,855,886,893,895,919,933,942,1007,1029,1033,1034,1049,1087,1116,1145,1153,1164,1193,1221,1228,1245,1262,1276,1277,1278,1292,1350,1372,1406,1446,1465,1470
142,Birmingham-Hoover-Talladega, AL,-86.84666,33.51826,0,0,0,0,0,0,0,0,0,0,0,0,0,0,0,0,0,0,0,0,0,0,0,0,0,0,0,0,0,0,0,0,0,0,0,0,0,0,0,0,0,0,0,0,0,0,0,0,0,0,0,0,0,0,0,0,0,0,0,0,0,0,0,0,0,0,0,0,0,2,8,8,11,15,15,16,18,19,20,20,21,21,22,25,26,31,34,34,33,33,34,40,42,43,43,45,48,54,57,61,64,64,64,64,65,73,77,81,82,82,83,85,87,93,95,97,99,99,104,109,111,114,114,114,117,123,124,127,130,130,133,135,135,135,135,138,139,140,145,148,150,154,155,155,155
144,Bloomington-Bedford, IN,-86.50885,38.98609,0,0,0,0,0,0,0,0,0,0,0,0,0,0,0,0,0,0,0,0,0,0,0,0,0,0,0,0,0,0,0,0,0,0,0,0,0,0,0,0,0,0,0,0,0,0,0,0,0,0,0,0,0,0,0,0,0,0,0,0,0,0,0,0,0,0,0,0,0,0,1,1,4,5,5,5,5,7,7,8,8,9,9,9,12,12,13,14,14,14,15,15,16,16,16,19,19,19,22,22,22,22,22,23,23,24,25,25,25,26,26,26,27,27,28,31,31,31,32,32,32,32,33,33,33,35,35,36,36,37,37,37,37,37,37,38,40,40,40,42,42,43,43,43,43
145,Bloomington-Pontiac, IL,-88.80776,40.54356,0,0,0,0,0,0,0,0,0,0,0,0,0,0,0,0,0,0,0,0,0,0,0,0,0,0,0,0,0,0,0,0,0,0,0,0,0,0,0,0,0,0,0,0,0,0,0,0,0,0,0,0,0,0,0,0,0,0,0,0,0,1,1,1,1,1,1,1,1,2,2,2,2,2,2,2,2,2,2,2,2,2,2,2,2,3,3,3,3,3,4,4,4,4,4,4,4,4,4,4,4,4,4,4,4,4,4,4,4,4,4,4,4,4,5,5,7,7,7,7,11,11,11,12,12,12,15,15,15,15,15,15,15,15,15,15,15,15,15,15,15,15,15,15,15
146,Bloomsburg-Berwick-Sunbury, PA,-76.48517,41.01694,0,0,0,0,0,0,0,0,0,0,0,0,0,0,0,0,0,0,0,0,0,0,0,0,0,0,0,0,0,0,0,0,0,0,0,0,0,0,0,0,0,0,0,0,0,0,0,0,0,0,0,0,0,0,0,0,0,0,0,0,0,0,0,0,0,0,0,0,0,1,1,1,1,1,1,1,2,2,3,3,3,4,4,4,4,4,4,5,7,8,9,9,8,8,8,8,8,9,15,14,14,14,14,14,18,18,23,22,30,30,30,30,30,33,37,37,37,32,33,33,33,33,34,35,36,36,36,36,36,36,36,36,36,36,36,36,37,37,37,37,38,39,40,40,40
147,Boise City-Mountain Home-Ontario, ID-OR,-116.35346,43.50251,0,0,0,0,0,0,0,0,0,0,0,0,0,0,0,0,0,0,0,0,0,0,0,0,0,0,0,0,0,0,0,0,0,0,0,0,0,0,0,0,0,0,0,0,0,0,0,0,0,0,0,0,0,0,0,0,0,0,0,0,0,0,0,0,1,1,1,2,3,4,4,4,4,4,4,4,7,7,9,10,11,12,12,15,15,15,15,15,16,16,19,20,22,22,24,24,24,25,25,25,26,27,27,27,28,29,29,29,29,29,32,31,31,32,32,32,32,32,32,33,33,33,33,33,33,33,32,32,32,32,32,32,32,32,32,32,32,32,33,33,33,33,33,33,33
148,Boston-Worcester-Providence, MA-RI-NH-CT,-71.23965,42.34300,0,0,0,0,0,0,0,0,0,0,0,0,0,0,0,0,0,0,0,0,0,0,0,0,0,0,0,0,0,0,0,0,0,0,0,0,0,0,0,0,0,0,0,0,0,0,0,0,0,0,0,0,0,0,0,0,0,0,1,1,2,3,3,7,15,22,29,32,41,63,88,112,143,157,169,191,260,322,322,322,539,597,597,595,897,897,1020,1155,1422,1422,1648,1653,1647,1646,2324,2365,2573,2716,2952,3140,3282,3407,3548,3625,3730,3930,4077,4218,4350,4479,4597,4625,4782,4984,5087,5185,5266,5329,5400,5519,5634,5709,5780,5844,5885,5936,6000,6083,6217,6262,6337,6497,6558,6626,6683,6717,6772,6797,6828,6879,6935,6976,7025,7061,7107
150,Bowling Green-Glasgow, KY,-86.37690,37.10830,0,0,0,0,0,0,0,0,0,0,0,0,0,0,0,0,0,0,0,0,0,0,0,0,0,0,0,0,0,0,0,0,0,0,0,0,0,0,0,0,0,0,0,0,0,0,0,0,0,0,0,0,0,0,0,0,0,0,0,0,0,0,0,0,0,0,0,0,0,0,0,0,0,0,0,0,0,0,0,0,0,0,0,1,1,1,1,2,2,2,3,3,3,3,3,3,3,3,3,3,4,5,5,5,5,5,13,14,14,14,15,15,15,15,15,15,15,15,20,20,22,23,23,23,23,24,24,26,32,33,33,33,33,35,36,36,36,36,36,38,38,39,39,39,39
154,Brownsville-Harlingen-Raymondville, TX,-97.48995,26.16623,0,0,0,0,0,0,0,0,0,0,0,0,0,0,0,0,0,0,0,0,0,0,0,0,0,0,0,0,0,0,0,0,0,0,0,0,0,0,0,0,0,0,0,0,0,0,0,0,0,0,0,0,0,0,0,0,0,0,0,0,0,0,0,0,0,0,0,0,0,0,0,0,0,0,1,1,2,2,2,4,4,4,4,4,4,4,5,6,7,7,8,10,13,15,15,15,15,15,17,18,19,19,19,19,19,19,20,21,23,23,23,24,26,26,27,28,28,28,30,31,33,33,33,34,34,34,34,34,36,37,37,37,38,38,41,41,41,41,41,41,42,45,47,47,47
160,Buffalo-Cheektowaga-Olean, NY,-78.73225,42.80946,0,0,0,0,0,0,0,0,0,0,0,0,0,0,0,0,0,0,0,0,0,0,0,0,0,0,0,0,0,0,0,0,0,0,0,0,0,0,0,0,0,0,0,0,0,0,0,0,0,0,0,0,0,0,0,0,0,0,0,0,0,0,0,1,2,5,6,7,7,8,11,12,19,22,27,30,40,46,55,57,57,61,71,78,110,116,116,124,144,150,178,178,206,219,219,228,228,228,268,287,291,291,291,311,336,351,351,374,399,399,399,401,444,444,455,470,470,470,501,501,501,501,539,539,539,539,567,567,579,579,579,589,589,589,619,624,624,635,635,635,655,655,670,670,670
161,Burlington-Fort Madison-Keokuk, IA-IL-MO,-91.25288,40.72158,0,0,0,0,0,0,0,0,0,0,0,0,0,0,0,0,0,0,0,0,0,0,0,0,0,0,0,0,0,0,0,0,0,0,0,0,0,0,0,0,0,0,0,0,0,0,0,0,0,0,0,0,0,0,0,0,0,0,0,0,0,0,0,0,0,0,0,0,0,0,0,0,0,0,0,0,0,0,0,0,0,0,0,0,0,0,0,0,0,0,0,0,0,0,0,1,1,1,1,1,1,1,1,1,1,1,1,1,1,1,1,1,1,1,1,1,1,1,1,1,1,1,1,1,1,1,1,1,1,1,1,1,2,2,2,2,3,3,3,3,4,4,4,4,4
162,Burlington-South Burlington-Barre, VT,-73.05419,44.50268,0,0,0,0,0,0,0,0,0,0,0,0,0,0,0,0,0,0,0,0,0,0,0,0,0,0,0,0,0,0,0,0,0,0,0,0,0,0,0,0,0,0,0,0,0,0,0,0,0,0,0,0,0,0,0,0,0,0,1,1,1,1,4,4,4,4,4,4,4,4,4,4,4,4,4,4,4,4,18,18,19,20,21,22,22,25,26,27,27,28,30,30,33,34,36,36,37,37,37,38,39,40,42,42,42,42,43,43,43,43,43,43,43,43,43,43,44,44,44,44,44,44,44,44,44,44,44,45,45,45,45,45,45,45,45,45,45,45,45,45,45,45,45,45,45
163,Cape Coral-Fort Myers-Naples, FL,-81.66412,26.44733,0,0,0,0,0,0,0,0,0,0,0,0,0,0,0,0,0,0,0,0,0,0,0,0,0,0,0,0,0,0,0,0,0,0,0,0,0,0,0,0,0,0,0,0,0,0,1,1,1,1,1,1,1,2,2,2,1,1,1,2,2,2,2,3,3,4,5,6,7,9,9,12,13,13,13,14,17,17,18,17,20,20,23,23,27,30,33,33,35,38,40,40,48,53,53,54,54,58,61,65,66,67,70,72,79,86,86,94,97,97,102,107,110,119,122,128,127,138,141,141,141,146,149,149,151,151,157,162,164,168,168,169,177,179,184,186,191,191,192,200,202,206,206,211,212
164,Cape Girardeau-Sikeston, MO-IL,-89.59235,37.13181,0,0,0,0,0,0,0,0,0,0,0,0,0,0,0,0,0,0,0,0,0,0,0,0,0,0,0,0,0,0,0,0,0,0,0,0,0,0,0,0,0,0,0,0,0,0,0,0,0,0,0,0,0,0,0,0,0,0,0,0,0,0,0,0,0,0,0,0,0,0,0,0,0,0,0,0,0,1,1,1,1,1,1,1,1,1,1,2,2,2,2,2,2,2,2,2,2,3,3,3,3,3,3,3,3,3,4,6,6,6,7,7,7,7,7,8,8,9,9,10,10,10,10,10,10,10,10,11,11,12,12,12,12,12,12,14,14,14,14,14,14,14,13,13,13
168,Cedar Rapids-Iowa City, IA,-91.61294,41.97769,0,0,0,0,0,0,0,0,0,0,0,0,0,0,0,0,0,0,0,0,0,0,0,0,0,0,0,0,0,0,0,0,0,0,0,0,0,0,0,0,0,0,0,0,0,0,0,0,0,0,0,0,0,0,0,0,0,0,0,0,0,0,0,0,0,0,0,1,3,3,4,6,6,6,9,11,11,13,13,15,15,22,23,26,29,30,31,34,34,36,37,38,38,42,43,46,47,49,54,57,59,61,61,61,67,69,70,72,73,73,74,77,79,81,85,86,86,86,89,89,89,91,91,91,91,92,93,93,93,94,95,97,97,97,97,96,96,98,98,98,98,98,98,98,98
170,Charleston-Huntington-Ashland, WV-OH-KY,-81.83944,38.48340,0,0,0,0,0,0,0,0,0,0,0,0,0,0,0,0,0,0,0,0,0,0,0,0,0,0,0,0,0,0,0,0,0,0,0,0,0,0,0,0,0,0,0,0,0,0,0,0,0,0,0,0,0,0,0,0,0,0,0,0,0,0,1,1,1,1,1,1,1,1,1,1,3,3,3,3,4,4,4,4,4,4,5,5,5,5,5,5,5,5,5,6,21,22,22,24,24,27,27,30,34,36,36,36,36,37,37,37,37,38,38,40,40,42,46,46,46,47,47,49,50,50,50,50,50,50,50,50,50,50,50,50,51,51,52,52,52,52,52,52,53,53,53,53,53
172,Charlotte-Concord, NC-SC,-80.74335,35.28856,0,0,0,0,0,0,0,0,0,0,0,0,0,0,0,0,0,0,0,0,0,0,0,0,0,0,0,0,0,0,0,0,0,0,0,0,0,0,0,0,0,0,0,0,0,0,0,0,0,0,0,0,0,0,0,0,0,0,0,0,0,0,0,1,2,2,3,4,3,4,4,7,7,9,9,12,13,19,21,21,24,24,25,35,42,49,57,58,64,78,81,84,89,91,95,97,103,105,106,113,115,118,120,123,133,139,140,140,145,146,149,150,151,153,154,154,157,157,157,163,163,167,168,168,168,168,177,184,199,199,202,205,208,212,219,223,227,230,231,235,241,241,242,243,246
174,Chattanooga-Cleveland-Dalton, TN-GA,-84.96909,34.96312,0,0,0,0,0,0,0,0,0,0,0,0,0,0,0,0,0,0,0,0,0,0,0,0,0,0,0,0,0,0,0,0,0,0,0,0,0,0,0,0,0,0,0,0,0,0,0,0,0,0,0,0,0,0,0,0,0,0,0,0,0,0,0,1,1,1,2,2,4,6,5,8,10,13,13,14,16,18,19,19,19,19,19,21,21,23,23,23,24,26,26,28,31,31,31,31,33,33,35,35,36,36,36,39,40,42,43,44,44,45,49,51,50,50,51,52,52,53,53,53,53,53,55,55,56,57,57,57,57,58,58,58,59,59,62,63,63,63,65,65,67,67,71,71,72
176,Chicago-Naperville, IL-IN-WI,-87.87110,41.83701,0,0,0,0,0,0,0,0,0,0,0,0,0,0,0,0,0,0,0,0,0,0,0,0,0,0,0,0,0,0,0,0,0,0,0,0,0,0,0,0,0,0,0,0,0,0,0,0,0,0,0,0,0,0,0,1,1,3,3,4,5,10,10,17,25,33,47,64,71,99,139,160,206,241,271,303,373,451,520,590,670,713,788,860,934,1058,1112,1235,1265,1319,1438,1531,1653,1755,1826,1884,1924,2069,2155,2288,2393,2493,2546,2581,2743,2877,3011,3140,3242,3299,3351,3479,3657,3788,3908,3979,4021,4078,4213,4360,4448,4558,4630,4689,4712,4747,4897,4993,5085,5142,5198,5221,5337,5419,5527,5586,5646,5687,5709,5795,5860,5942,6011,6035,6056
178,Cincinnati-Wilmington-Maysville, OH-KY-IN,-84.56504,39.16889,0,0,0,0,0,0,0,0,0,0,0,0,0,0,0,0,0,0,0,0,0,0,0,0,0,0,0,0,0,0,0,0,0,0,0,0,0,0,0,0,0,0,0,0,0,0,0,0,0,0,0,0,0,0,0,0,0,0,0,0,0,0,0,0,1,2,4,4,6,7,8,11,17,18,20,26,37,40,41,42,45,45,49,56,59,66,69,73,77,83,90,101,104,108,111,114,115,124,137,140,144,149,152,153,165,181,184,191,191,193,193,204,208,213,219,222,224,226,237,242,252,257,264,264,264,265,270,282,298,302,304,310,316,326,331,335,335,335,336,337,338,348,349,350,351
184,Cleveland-Akron-Canton, OH,-81.58059,41.23100,0,0,0,0,0,0,0,0,0,0,0,0,0,0,0,0,0,0,0,0,0,0,0,0,0,0,0,0,0,0,0,0,0,0,0,0,0,0,0,0,0,0,0,0,0,0,0,0,0,0,0,0,0,0,0,0,0,0,1,1,2,3,4,5,5,6,11,13,18,22,27,32,35,37,42,48,57,65,75,75,88,92,99,119,135,148,162,173,179,195,221,243,252,270,279,283,294,316,338,364,374,386,396,405,428,449,466,479,490,491,494,523,534,561,574,586,596,606,621,652,675,690,722,724,732,737,748,766,774,777,778,800,817,824,842,849,853,856,873,880,898,906,910,927,928
185,Cleveland-Indianola, MS,-90.80250,33.74821,0,0,0,0,0,0,0,0,0,0,0,0,0,0,0,0,0,0,0,0,0,0,0,0,0,0,0,0,0,0,0,0,0,0,0,0,0,0,0,0,0,0,0,0,0,0,0,0,0,0,0,0,0,0,0,0,0,0,0,0,0,0,0,0,0,0,1,1,1,2,2,2,2,2,3,3,3,3,4,4,4,4,4,6,7,7,7,7,7,8,8,8,9,9,9,9,9,9,9,9,9,9,9,10,11,11,11,11,11,12,12,12,12,13,13,13,13,13,13,13,13,13,13,13,14,14,14,14,14,14,14,14,14,14,14,14,14,14,14,15,15,15,15,16,16
190,Columbia-Moberly-Mexico, MO,-92.15230,39.06653,0,0,0,0,0,0,0,0,0,0,0,0,0,0,0,0,0,0,0,0,0,0,0,0,0,0,0,0,0,0,0,0,0,0,0,0,0,0,0,0,0,0,0,0,0,0,0,0,0,0,0,0,0,0,0,0,1,1,1,1,1,1,1,1,1,1,1,1,1,1,1,1,1,1,1,1,1,1,1,1,1,1,1,1,1,1,1,1,1,1,1,1,1,1,1,1,1,1,1,1,1,1,1,1,1,1,1,1,1,1,1,1,1,1,1,1,1,1,1,1,1,1,1,1,1,1,1,1,1,1,1,1,1,2,2,2,2,2,2,2,2,2,3,3,3
192,Columbia-Orangeburg-Newberry, SC,-81.00180,34.04551,0,0,0,0,0,0,0,0,0,0,0,0,0,0,0,0,0,0,0,0,0,0,0,0,0,0,0,0,0,0,0,0,0,0,0,0,0,0,0,0,0,0,0,0,0,0,0,0,0,0,0,0,0,0,1,1,1,1,1,1,1,2,2,2,2,4,5,5,5,6,7,7,9,12,12,13,15,15,21,21,22,22,22,26,29,31,33,33,33,34,34,35,41,43,45,46,46,48,59,63,65,70,73,75,80,83,90,90,95,95,102,104,105,109,110,110,111,112,113,116,117,117,118,121,122,124,131,132,134,134,134,137,137,137,137,142,142,143,147,149,150,152,155,156,156
194,Columbus-Auburn-Opelika, GA-AL,-85.08805,32.56790,0,0,0,0,0,0,0,0,0,0,0,0,0,0,0,0,0,0,0,0,0,0,0,0,0,0,0,0,0,0,0,0,0,0,0,0,0,0,0,0,0,0,0,0,0,0,0,0,0,0,0,0,0,0,0,0,0,0,0,0,0,0,0,0,0,0,0,2,2,2,2,2,3,3,3,3,6,7,8,11,14,14,14,17,18,18,20,22,22,23,27,28,29,30,30,32,32,35,39,40,40,39,39,39,40,45,46,46,46,46,48,49,49,49,51,51,52,53,53,55,56,56,56,56,56,56,57,58,58,59,59,62,63,63,66,66,66,66,67,67,69,71,71,72,72
198,Columbus-Marion-Zanesville, OH,-82.98572,39.98602,0,0,0,0,0,0,0,0,0,0,0,0,0,0,0,0,0,0,0,0,0,0,0,0,0,0,0,0,0,0,0,0,0,0,0,0,0,0,0,0,0,0,0,0,0,0,0,0,0,0,0,0,0,0,0,0,0,0,0,0,0,2,2,2,2,2,2,3,3,4,7,9,10,11,14,15,19,19,22,22,23,23,25,28,30,37,40,45,47,54,56,65,69,72,74,77,83,90,113,116,120,122,123,128,141,156,164,165,171,176,183,200,212,214,222,235,236,248,272,285,291,302,319,326,335,339,345,359,366,372,374,384,397,411,415,418,420,423,425,429,441,449,456,461,461
200,Columbus-West Point, MS,-88.57629,33.54575,0,0,0,0,0,0,0,0,0,0,0,0,0,0,0,0,0,0,0,0,0,0,0,0,0,0,0,0,0,0,0,0,0,0,0,0,0,0,0,0,0,0,0,0,0,0,0,0,0,0,0,0,0,0,0,0,0,0,0,0,0,0,0,0,0,0,0,0,0,0,0,0,0,0,0,0,0,0,0,0,0,0,0,0,0,0,2,2,2,2,2,3,3,4,4,4,4,4,4,4,4,4,5,5,5,6,6,6,6,6,6,6,7,7,7,7,8,9,9,9,10,10,10,10,10,10,11,13,13,13,13,13,13,13,13,13,13,13,13,13,14,14,14,15,15
204,Corpus Christi-Kingsville-Alice, TX,-97.58223,27.65830,0,0,0,0,0,0,0,0,0,0,0,0,0,0,0,0,0,0,0,0,0,0,0,0,0,0,0,0,0,0,0,0,0,0,0,0,0,0,0,0,0,0,0,0,0,0,0,0,0,0,0,0,0,0,0,0,0,0,0,0,0,0,0,0,0,0,0,0,0,0,0,0,0,0,0,0,0,0,0,0,0,0,0,1,1,1,1,1,1,1,2,2,2,2,2,3,4,4,4,4,4,4,4,4,4,4,4,4,4,4,4,4,4,4,4,4,4,4,4,4,4,4,4,4,4,4,4,4,4,4,4,4,4,4,4,4,4,4,4,4,4,4,4,4,4
206,Dallas-Fort Worth, TX-OK,-96.94367,32.81399,0,0,0,0,0,0,0,0,0,0,0,0,0,0,0,0,0,0,0,0,0,0,0,0,0,0,0,0,0,0,0,0,0,0,0,0,0,0,0,0,0,0,0,0,0,0,0,0,0,0,0,0,0,0,0,0,2,3,3,3,4,6,7,8,10,10,13,15,16,20,24,30,35,41,44,47,53,56,61,67,76,83,87,103,107,120,130,140,141,142,149,155,166,176,185,188,192,205,214,235,238,248,251,259,268,281,291,306,324,331,336,338,351,363,374,386,393,396,411,419,438,442,445,465,466,469,479,492,493,502,514,514,533,540,542,563,566,570,573,584,604,610,614,618,622
209,Davenport-Moline, IA-IL,-90.85129,41.49998,0,0,0,0,0,0,0,0,0,0,0,0,0,0,0,0,0,0,0,0,0,0,0,0,0,0,0,0,0,0,0,0,0,0,0,0,0,0,0,0,0,0,0,0,0,0,0,0,0,0,0,0,0,0,0,0,0,0,0,0,0,0,0,0,0,0,0,0,0,0,0,0,0,1,2,2,2,2,4,5,5,5,5,6,8,8,9,10,11,11,12,15,16,17,18,19,21,23,24,30,33,33,33,33,36,39,40,42,44,47,48,50,53,54,56,59,60,60,63,65,66,67,70,71,71,72,75,75,76,76,76,76,76,76,76,77,77,77,77,79,79,82,83,83,83
212,Dayton-Springfield-Kettering, OH,-84.28094,39.99343,0,0,0,0,0,0,0,0,0,0,0,0,0,0,0,0,0,0,0,0,0,0,0,0,0,0,0,0,0,0,0,0,0,0,0,0,0,0,0,0,0,0,0,0,0,0,0,0,0,0,0,0,0,0,0,0,0,0,1,1,0,0,0,1,2,4,4,5,6,9,9,12,12,14,17,19,21,24,26,26,30,30,33,40,42,43,43,43,43,44,45,47,52,50,51,53,53,54,59,59,59,59,59,59,60,60,60,60,61,62,62,63,65,67,68,69,69,69,71,71,72,73,74,75,75,75,79,82,83,82,82,83,85,85,85,86,87,87,88,90,90,90,90,90,90
216,Denver-Aurora, CO,-104.71621,39.80570,0,0,0,0,0,0,0,0,0,0,0,0,0,0,0,0,0,0,0,0,0,0,0,0,0,0,0,0,0,0,0,0,0,0,0,0,0,0,0,0,0,0,0,0,0,0,0,0,0,0,0,0,0,0,0,1,1,1,1,1,2,2,2,10,9,16,21,23,22,36,41,58,68,78,89,95,95,133,133,180,198,211,225,241,263,273,284,303,311,333,364,383,421,507,514,516,536,563,590,599,639,645,654,659,707,722,745,760,766,770,783,803,853,878,934,974,994,1002,1030,1065,1073,1085,1089,1093,1093,1111,1150,1173,1186,1192,1193,1203,1212,1229,1246,1256,1260,1260,1273,1282,1300,1310,1310,1321,1322
217,DeRidder-Fort Polk South, LA,-93.28834,30.80186,0,0,0,0,0,0,0,0,0,0,0,0,0,0,0,0,0,0,0,0,0,0,0,0,0,0,0,0,0,0,0,0,0,0,0,0,0,0,0,0,0,0,0,0,0,0,0,0,0,0,0,0,0,0,0,0,0,0,0,0,0,0,0,0,0,0,0,0,0,0,0,0,0,0,0,0,0,1,1,1,1,1,1,2,2,3,3,3,3,3,3,3,3,3,5,5,5,5,5,5,5,5,5,5,5,6,6,6,6,6,6,6,6,6,6,6,6,6,6,6,6,6,6,7,7,7,7,7,7,7,7,7,7,7,7,7,7,7,7,7,8,9,9,9,9
218,Des Moines-Ames-West Des Moines, IA,-93.54864,41.66304,0,0,0,0,0,0,0,0,0,0,0,0,0,0,0,0,0,0,0,0,0,0,0,0,0,0,0,0,0,0,0,0,0,0,0,0,0,0,0,0,0,0,0,0,0,0,0,0,0,0,0,0,0,0,0,0,0,0,0,0,0,0,0,0,0,0,0,0,0,0,1,1,1,1,2,4,4,4,4,4,4,4,5,6,8,11,11,14,14,15,18,18,22,24,26,26,29,34,36,39,41,42,44,46,51,56,66,68,74,77,78,83,88,92,102,105,107,110,114,118,125,130,146,149,149,158,161,164,173,177,179,189,190,193,198,203,206,206,211,214,215,220,222,224,225
220,Detroit-Warren-Ann Arbor, MI,-83.27583,42.48139,0,0,0,0,0,0,0,0,0,0,0,0,0,0,0,0,0,0,0,0,0,0,0,0,0,0,0,0,0,0,0,0,0,0,0,0,0,0,0,0,0,0,0,0,0,0,0,0,0,0,1,1,1,1,1,1,2,2,3,6,11,17,29,49,67,98,121,144,199,274,346,424,481,541,624,735,849,958,1075,1269,1375,1466,1584,1738,1881,1955,2169,2242,2327,2396,2487,2723,2872,2962,3018,3176,3247,3398,3493,3596,3647,3789,3816,3879,3917,3977,4055,4099,4229,4249,4266,4343,4373,4431,4456,4502,4507,4523,4606,4639,4695,4710,4761,4761,4769,4783,4834,4856,4884,4932,4953,4967,4992,5009,5029,5078,5082,5085,5092,5100,5101,5119,5120,5140,5140
221,Dixon-Sterling, IL,-89.87707,41.75452,0,0,0,0,0,0,0,0,0,0,0,0,0,0,0,0,0,0,0,0,0,0,0,0,0,0,0,0,0,0,0,0,0,0,0,0,0,0,0,0,0,0,0,0,0,0,0,0,0,0,0,0,0,0,0,0,0,0,0,0,0,0,0,0,0,0,0,0,0,0,0,1,1,1,1,1,1,1,1,1,1,1,1,2,3,3,3,3,3,3,3,3,3,4,5,5,5,5,5,5,6,6,6,6,6,6,6,6,6,6,6,8,8,9,9,9,9,9,10,11,11,11,11,11,11,11,11,13,13,13,14,14,14,14,14,14,14,14,14,14,14,15,15,16,16
222,Dothan-Ozark, AL,-85.28319,31.25469,0,0,0,0,0,0,0,0,0,0,0,0,0,0,0,0,0,0,0,0,0,0,0,0,0,0,0,0,0,0,0,0,0,0,0,0,0,0,0,0,0,0,0,0,0,0,0,0,0,0,0,0,0,0,0,0,0,0,0,0,0,0,0,0,0,0,0,0,0,0,0,0,1,1,1,1,1,1,1,1,1,1,1,2,2,3,3,2,2,2,3,3,3,4,4,4,4,4,4,5,5,5,5,5,5,5,5,5,5,5,5,5,5,5,5,5,5,5,5,4,4,4,5,6,6,6,6,6,6,6,6,6,7,7,7,7,7,7,7,7,7,7,7,7,7
233,Edwards-Glenwood Springs, CO,-106.93453,39.55443,0,0,0,0,0,0,0,0,0,0,0,0,0,0,0,0,0,0,0,0,0,0,0,0,0,0,0,0,0,0,0,0,0,0,0,0,0,0,0,0,0,0,0,0,0,0,0,0,0,0,0,0,0,0,0,0,0,0,0,1,1,1,1,1,1,1,4,4,7,7,7,7,8,8,8,8,8,8,8,9,9,9,10,10,10,10,10,10,11,11,11,11,11,12,12,12,11,11,11,11,11,11,11,11,11,11,11,11,11,11,12,12,12,12,12,12,12,12,12,12,12,12,12,12,12,12,12,12,12,12,12,12,12,12,12,12,12,12,12,12,12,12,12,12,12
236,Elmira-Corning, NY,-77.35420,42.26287,0,0,0,0,0,0,0,0,0,0,0,0,0,0,0,0,0,0,0,0,0,0,0,0,0,0,0,0,0,0,0,0,0,0,0,0,0,0,0,0,0,0,0,0,0,0,0,0,0,0,0,0,0,0,0,0,0,0,0,0,0,0,0,0,0,0,0,0,0,0,0,0,0,0,1,4,5,7,7,7,7,11,12,17,17,19,19,22,24,28,28,28,34,34,34,34,36,36,36,36,38,38,38,38,38,38,38,38,40,40,40,40,40,40,40,40,40,40,42,42,42,42,42,42,42,42,42,42,42,42,42,42,42,42,42,43,43,43,43,43,43,43,43,43,43
238,El Paso-Las Cruces, TX-NM,-106.27010,31.80280,0,0,0,0,0,0,0,0,0,0,0,0,0,0,0,0,0,0,0,0,0,0,0,0,0,0,0,0,0,0,0,0,0,0,0,0,0,0,0,0,0,0,0,0,0,0,0,0,0,0,0,0,0,0,0,0,0,0,0,0,0,0,0,0,0,0,0,0,0,0,0,0,0,0,0,0,0,0,0,1,2,3,3,3,5,7,8,8,9,9,10,10,11,11,11,13,13,13,15,19,22,24,24,24,24,24,25,32,34,34,35,35,35,43,45,47,48,49,54,56,59,59,59,60,60,62,70,74,75,81,81,83,86,91,92,93,93,93,93,96,96,102,102,106,106
240,Erie-Meadville, PA,-80.03302,41.99254,0,0,0,0,0,0,0,0,0,0,0,0,0,0,0,0,0,0,0,0,0,0,0,0,0,0,0,0,0,0,0,0,0,0,0,0,0,0,0,0,0,0,0,0,0,0,0,0,0,0,0,0,0,0,0,0,0,0,0,0,0,0,0,0,0,0,0,0,0,0,0,0,0,0,0,0,0,0,0,0,0,0,0,0,0,0,0,0,0,0,0,0,0,0,0,0,2,2,2,2,2,2,2,2,2,2,2,2,2,2,2,2,2,3,3,3,3,4,4,4,4,4,4,4,4,4,4,4,4,4,4,4,4,5,5,5,5,5,6,7,7,7,7,7,7
244,Fargo-Wahpeton, ND-MN,-96.95165,46.90100,0,0,0,0,0,0,0,0,0,0,0,0,0,0,0,0,0,0,0,0,0,0,0,0,0,0,0,0,0,0,0,0,0,0,0,0,0,0,0,0,0,0,0,0,0,0,0,0,0,0,0,0,0,0,0,0,0,0,0,0,0,0,0,0,0,1,1,1,1,1,1,1,1,1,1,1,1,2,2,2,3,3,3,4,5,5,6,6,6,7,11,12,14,14,19,22,24,25,25,26,26,28,28,28,29,34,35,35,37,38,41,43,43,46,47,48,49,50,52,56,59,59,61,62,64,65,65,68,70,72,75,75,86,87,87,92,93,93,93,93,95,96,101,101,101
246,Fayetteville-Sanford-Lumberton, NC,-79.00527,35.08450,0,0,0,0,0,0,0,0,0,0,0,0,0,0,0,0,0,0,0,0,0,0,0,0,0,0,0,0,0,0,0,0,0,0,0,0,0,0,0,0,0,0,0,0,0,0,0,0,0,0,0,0,0,0,0,0,0,0,0,0,0,0,0,0,1,1,1,1,1,1,1,1,1,1,3,4,4,5,5,5,5,5,5,6,7,9,13,15,15,15,19,19,20,20,20,20,20,24,24,24,24,25,25,25,26,27,33,35,36,38,38,42,49,50,52,54,54,54,54,58,58,63,63,63,63,63,65,70,86,86,88,89,90,94,95,95,96,96,96,98,102,103,103,104,104
258,Fort Wayne-Huntington-Auburn, IN,-85.16418,41.17070,0,0,0,0,0,0,0,0,0,0,0,0,0,0,0,0,0,0,0,0,0,0,0,0,0,0,0,0,0,0,0,0,0,0,0,0,0,0,0,0,0,0,0,0,0,0,0,0,0,0,0,0,0,0,0,0,0,0,0,0,0,1,1,1,1,1,1,1,1,1,2,3,3,3,5,9,9,11,11,13,14,15,16,18,21,22,25,23,27,36,36,37,33,34,37,40,46,52,60,68,69,72,74,74,75,76,78,78,79,80,81,82,84,85,87,89,89,89,93,93,93,93,93,93,94,95,95,96,98,99,99,99,100,101,101,101,102,105,108,109,111,112,114,117,117
260,Fresno-Madera-Hanford, CA,-119.66924,36.71265,0,0,0,0,0,0,0,0,0,0,0,0,0,0,0,0,0,0,0,0,0,0,0,0,0,0,0,0,0,0,0,0,0,0,0,0,0,0,0,0,0,0,0,0,0,0,0,0,0,0,0,0,0,0,0,0,0,0,0,0,0,0,0,0,0,0,1,1,1,1,1,1,1,2,3,3,4,5,5,5,7,8,8,8,10,10,10,10,10,10,10,10,10,10,10,10,10,10,10,10,11,11,11,11,12,12,12,12,12,12,12,13,13,16,16,20,20,20,21,24,24,26,26,26,26,26,31,37,37,40,41,42,44,46,46,49,52,52,52,55,58,60,60,61,61
264,Gainesville-Lake City, FL,-82.42893,29.73501,0,0,0,0,0,0,0,0,0,0,0,0,0,0,0,0,0,0,0,0,0,0,0,0,0,0,0,0,0,0,0,0,0,0,0,0,0,0,0,0,0,0,0,0,0,0,0,0,0,0,0,0,0,0,0,0,0,0,0,0,0,0,0,0,0,0,0,0,0,0,0,0,0,0,0,0,0,0,0,0,0,0,0,0,0,0,0,0,0,0,1,1,1,1,1,2,2,4,4,7,7,7,7,7,7,7,7,7,7,7,7,7,7,7,8,9,9,9,9,9,9,9,9,9,9,9,9,9,9,10,10,10,10,11,11,11,11,11,11,11,11,12,13,13,13
266,Grand Rapids-Kentwood-Muskegon, MI,-85.76194,43.05819,0,0,0,0,0,0,0,0,0,0,0,0,0,0,0,0,0,0,0,0,0,0,0,0,0,0,0,0,0,0,0,0,0,0,0,0,0,0,0,0,0,0,0,0,0,0,0,0,0,0,0,0,0,0,0,0,0,0,0,0,1,1,1,1,2,4,4,4,4,4,5,5,5,5,8,10,13,15,17,22,23,24,24,27,29,29,37,40,43,45,50,51,54,60,63,64,66,68,69,70,75,76,83,84,86,90,91,95,97,97,95,99,102,106,113,115,117,118,123,129,131,135,140,142,145,150,158,165,168,172,174,178,184,185,189,201,203,206,208,209,209,214,216,219,221
267,Green Bay-Shawano, WI,-87.99413,44.45431,0,0,0,0,0,0,0,0,0,0,0,0,0,0,0,0,0,0,0,0,0,0,0,0,0,0,0,0,0,0,0,0,0,0,0,0,0,0,0,0,0,0,0,0,0,0,0,0,0,0,0,0,0,0,0,0,0,0,0,0,0,0,0,0,0,0,0,0,0,0,0,0,0,0,0,0,0,0,0,1,1,1,1,1,2,2,2,2,2,2,3,3,3,3,3,3,3,4,4,4,6,7,7,7,10,12,13,14,19,19,19,21,21,22,22,23,23,24,27,30,30,32,33,33,33,33,34,35,36,38,38,38,38,38,39,39,39,39,39,39,39,39,39,39,39
268,Greensboro--Winston-Salem--High Point, NC,-79.84855,36.03209,0,0,0,0,0,0,0,0,0,0,0,0,0,0,0,0,0,0,0,0,0,0,0,0,0,0,0,0,0,0,0,0,0,0,0,0,0,0,0,0,0,0,0,0,0,0,0,0,0,0,0,0,0,0,0,0,0,0,0,0,0,0,0,0,0,0,0,0,0,2,2,6,9,10,11,12,12,16,19,20,21,21,22,23,23,25,26,27,27,27,29,30,30,36,36,40,39,42,45,50,52,54,54,55,60,63,63,66,68,70,72,77,80,83,84,85,87,89,89,92,92,102,104,107,108,112,116,120,132,134,134,136,139,150,153,158,162,162,162,166,169,180,188,189,190
272,Greenville-Kinston-Washington, NC,-77.58867,35.31133,0,0,0,0,0,0,0,0,0,0,0,0,0,0,0,0,0,0,0,0,0,0,0,0,0,0,0,0,0,0,0,0,0,0,0,0,0,0,0,0,0,0,0,0,0,0,0,0,0,0,0,0,0,0,0,0,0,0,0,0,0,0,0,0,0,0,0,0,0,0,0,0,0,0,0,0,1,1,1,1,1,1,1,1,1,1,2,2,2,2,3,3,3,4,4,5,5,6,6,6,6,6,6,6,6,6,6,6,6,6,6,6,7,7,7,7,7,7,7,9,9,9,9,9,9,9,9,9,9,9,9,9,9,9,9,9,9,9,9,10,10,10,10,10,10
273,Greenville-Spartanburg-Anderson, SC,-82.24239,34.84604,0,0,0,0,0,0,0,0,0,0,0,0,0,0,0,0,0,0,0,0,0,0,0,0,0,0,0,0,0,0,0,0,0,0,0,0,0,0,0,0,0,0,0,0,0,0,0,0,0,0,0,0,0,0,0,0,0,0,0,0,0,0,0,0,0,1,1,1,2,2,3,4,5,5,5,7,8,8,13,16,17,18,18,20,22,22,22,22,22,22,22,26,28,30,31,34,35,37,50,56,59,61,63,65,65,65,65,67,68,68,68,69,70,73,75,75,75,75,80,80,81,83,83,87,87,90,91,92,95,95,96,96,96,96,96,112,112,113,116,119,123,131,131,134,134
276,Harrisburg-York-Lebanon, PA,-76.86069,40.26669,0,0,0,0,0,0,0,0,0,0,0,0,0,0,0,0,0,0,0,0,0,0,0,0,0,0,0,0,0,0,0,0,0,0,0,0,0,0,0,0,0,0,0,0,0,0,0,0,0,0,0,0,0,0,0,0,0,0,0,0,0,0,0,0,0,0,1,1,1,2,2,3,5,5,5,5,6,7,9,10,12,13,14,16,17,19,19,23,25,26,41,44,48,52,43,43,48,49,59,64,67,68,72,72,86,87,99,103,104,104,104,108,113,117,124,128,129,136,140,143,146,152,161,166,166,166,174,185,188,193,193,196,199,210,216,219,224,225,225,234,240,244,249,250,251
277,Harrisonburg-Staunton, VA,-78.89034,38.43479,0,0,0,0,0,0,0,0,0,0,0,0,0,0,0,0,0,0,0,0,0,0,0,0,0,0,0,0,0,0,0,0,0,0,0,0,0,0,0,0,0,0,0,0,0,0,0,0,0,0,0,0,0,0,0,0,0,0,0,0,0,0,0,0,0,0,0,0,0,0,0,0,0,0,0,0,0,0,0,0,0,0,0,0,0,0,0,0,0,0,0,9,10,11,11,11,11,11,13,13,13,17,18,18,21,21,22,23,23,24,24,24,24,24,24,24,24,24,27,27,28,28,28,28,28,28,28,30,30,30,30,30,31,31,31,31,31,31,31,31,31,32,32,32,32
278,Hartford-East Hartford, CT,-72.65803,41.75048,0,0,0,0,0,0,0,0,0,0,0,0,0,0,0,0,0,0,0,0,0,0,0,0,0,0,0,0,0,0,0,0,0,0,0,0,0,0,0,0,0,0,0,0,0,0,0,0,0,0,0,0,0,0,0,0,0,0,0,0,3,4,5,5,6,6,7,7,8,16,21,27,33,43,49,55,72,72,108,126,141,158,176,199,270,304,332,360,369,454,492,541,576,631,678,711,750,782,817,849,877,914,914,951,987,1031,1066,1088,1115,1125,1139,1152,1188,1230,1263,1284,1314,1335,1341,1370,1392,1417,1432,1440,1459,1469,1482,1492,1510,1534,1548,1559,1553,1563,1574,1587,1591,1601,1607,1611,1625,1633,1639,1651,1661
279,Hattiesburg-Laurel, MS,-89.23045,31.41435,0,0,0,0,0,0,0,0,0,0,0,0,0,0,0,0,0,0,0,0,0,0,0,0,0,0,0,0,0,0,0,0,0,0,0,0,0,0,0,0,0,0,0,0,0,0,0,0,0,0,0,0,0,0,0,0,0,0,0,0,0,0,0,0,0,0,1,1,1,1,1,2,1,1,2,2,3,3,4,4,4,4,4,4,4,4,5,6,7,8,8,8,10,11,11,12,13,13,15,17,18,19,20,21,22,27,29,32,34,34,34,37,38,40,42,43,45,45,49,54,54,54,56,57,61,66,67,73,77,77,80,80,84,85,86,86,87,87,90,90,91,91,92,94,94
284,Hot Springs-Malvern, AR,-93.14922,34.57692,0,0,0,0,0,0,0,0,0,0,0,0,0,0,0,0,0,0,0,0,0,0,0,0,0,0,0,0,0,0,0,0,0,0,0,0,0,0,0,0,0,0,0,0,0,0,0,0,0,0,0,0,0,0,0,0,0,0,0,0,0,0,0,0,0,0,0,0,0,0,0,0,0,0,0,0,0,0,0,0,0,0,0,0,0,0,0,0,0,0,0,0,0,0,0,0,0,0,0,0,0,0,0,0,0,1,1,1,1,1,1,1,1,1,1,1,1,1,1,1,1,1,1,1,1,1,1,1,1,1,1,1,1,1,1,1,1,1,1,1,1,1,1,1,1
288,Houston-The Woodlands, TX,-95.46982,29.85769,0,0,0,0,0,0,0,0,0,0,0,0,0,0,0,0,0,0,0,0,0,0,0,0,0,0,0,0,0,0,0,0,0,0,0,0,0,0,0,0,0,0,0,0,0,0,0,0,0,0,0,0,0,0,0,1,1,2,1,2,2,2,2,2,3,4,4,5,8,10,12,13,22,26,33,37,39,51,55,67,71,75,78,86,99,106,114,119,124,129,135,138,149,153,154,155,156,177,194,200,214,222,231,241,246,254,260,269,282,286,296,306,311,338,338,350,359,361,363,370,376,379,382,386,387,387,392,393,397,407,411,414,415,421,432,439,447,449,453,449,457,457,464,468,471
290,Huntsville-Decatur, AL,-86.63757,34.67520,0,0,0,0,0,0,0,0,0,0,0,0,0,0,0,0,0,0,0,0,0,0,0,0,0,0,0,0,0,0,0,0,0,0,0,0,0,0,0,0,0,0,0,0,0,0,0,0,0,0,0,0,0,0,0,0,0,0,0,0,0,0,0,0,0,1,1,1,1,1,1,1,1,1,1,2,2,2,3,3,3,3,3,3,3,4,4,4,4,4,4,4,4,4,4,4,4,4,4,4,4,4,4,4,4,4,4,4,4,4,4,5,5,5,5,5,5,5,5,5,5,5,5,5,5,5,5,5,5,5,5,5,5,5,5,5,6,6,6,6,6,6,7,7,7
294,Indianapolis-Carmel-Muncie, IN,-86.09445,39.77759,0,0,0,0,0,0,0,0,0,0,0,0,0,0,0,0,0,0,0,0,0,0,0,0,0,0,0,0,0,0,0,0,0,0,0,0,0,0,0,0,0,0,0,0,0,0,0,0,0,0,0,0,0,0,1,2,2,2,3,4,5,5,10,11,12,17,19,20,21,28,37,43,58,66,71,71,98,117,149,191,213,223,226,252,285,309,342,359,367,369,412,428,459,483,514,527,542,578,614,643,675,704,713,723,753,784,802,818,839,850,871,885,907,922,948,972,981,988,1017,1030,1054,1067,1078,1090,1096,1105,1114,1132,1152,1157,1161,1167,1189,1194,1205,1216,1234,1239,1241,1254,1263,1275,1282,1290,1292
297,Jackson-Brownsville, TN,-89.07917,35.72995,0,0,0,0,0,0,0,0,0,0,0,0,0,0,0,0,0,0,0,0,0,0,0,0,0,0,0,0,0,0,0,0,0,0,0,0,0,0,0,0,0,0,0,0,0,0,0,0,0,0,0,0,0,0,0,0,0,0,0,0,0,0,0,0,0,0,0,0,0,0,0,0,0,0,0,0,0,0,1,1,1,1,1,1,1,1,1,1,1,2,2,2,3,3,3,3,3,3,3,3,3,3,3,3,3,3,3,3,3,3,3,3,4,5,5,5,5,5,5,5,5,5,6,6,6,6,6,7,7,7,7,7,7,7,7,8,8,8,8,8,8,8,8,8,8
298,Jackson-Vicksburg-Brookhaven, MS,-90.28505,32.38094,0,0,0,0,0,0,0,0,0,0,0,0,0,0,0,0,0,0,0,0,0,0,0,0,0,0,0,0,0,0,0,0,0,0,0,0,0,0,0,0,0,0,0,0,0,0,0,0,0,0,0,0,0,0,0,0,0,0,0,0,0,0,0,1,2,2,2,2,2,2,3,3,3,3,3,6,8,10,12,13,13,14,14,15,18,21,23,23,24,25,29,30,30,30,34,35,36,37,38,40,45,45,48,51,53,57,62,64,69,71,71,74,77,80,86,91,91,91,93,97,100,103,106,106,107,109,111,115,122,128,131,132,134,138,142,145,146,147,149,150,154,154,156,157,158
300,Jacksonville-St. Marys-Palatka, FL-GA,-81.74064,30.17118,0,0,0,0,0,0,0,0,0,0,0,0,0,0,0,0,0,0,0,0,0,0,0,0,0,0,0,0,0,0,0,0,0,0,0,0,0,0,0,0,0,0,0,0,0,0,0,0,0,0,0,0,0,0,0,0,2,2,2,2,2,3,3,6,8,8,9,9,9,11,11,17,18,18,18,18,18,21,23,23,24,26,27,27,28,29,32,32,34,35,36,36,38,41,41,41,42,43,44,44,47,52,53,55,57,58,60,61,61,61,61,62,65,67,68,72,73,73,74,74,76,80,82,82,84,85,88,89,91,92,95,96,98,102,101,102,103,104,105,104,105,107,107,107,107
304,Johnson City-Kingsport-Bristol, TN-VA,-82.33290,36.59315,0,0,0,0,0,0,0,0,0,0,0,0,0,0,0,0,0,0,0,0,0,0,0,0,0,0,0,0,0,0,0,0,0,0,0,0,0,0,0,0,0,0,0,0,0,0,0,0,0,0,0,0,0,0,0,0,0,0,0,0,0,0,0,0,0,0,0,0,0,0,0,0,2,4,4,4,4,2,2,2,3,3,3,4,4,4,4,4,4,4,4,8,8,8,8,8,8,8,8,8,8,8,8,8,8,8,8,9,9,9,9,10,10,10,10,10,10,10,11,11,11,11,11,11,11,11,11,11,11,11,11,11,11,11,11,11,11,11,11,11,11,11,11,11,11
306,Johnstown-Somerset, PA,-78.79208,40.36439,0,0,0,0,0,0,0,0,0,0,0,0,0,0,0,0,0,0,0,0,0,0,0,0,0,0,0,0,0,0,0,0,0,0,0,0,0,0,0,0,0,0,0,0,0,0,0,0,0,0,0,0,0,0,0,0,0,0,0,0,0,0,0,0,0,0,0,0,0,0,0,0,0,0,0,0,1,1,1,1,1,1,1,1,1,1,1,1,1,1,2,2,2,2,1,1,1,1,1,1,1,2,2,2,2,2,2,2,2,2,2,2,2,2,2,2,2,2,2,2,2,2,2,2,2,2,2,2,3,3,3,3,3,3,3,3,3,3,3,3,3,3,4,4,4
308,Jonesboro-Paragould, AR,-90.65510,35.63830,0,0,0,0,0,0,0,0,0,0,0,0,0,0,0,0,0,0,0,0,0,0,0,0,0,0,0,0,0,0,0,0,0,0,0,0,0,0,0,0,0,0,0,0,0,0,0,0,0,0,0,0,0,0,0,0,0,0,0,0,0,0,0,0,0,0,0,0,0,0,0,0,0,0,0,0,0,0,0,0,0,0,0,0,0,1,1,1,1,1,1,1,1,1,1,1,0,1,1,1,2,2,2,2,2,2,2,2,2,2,2,2,2,2,2,2,2,2,2,2,2,2,2,2,2,2,2,2,2,2,2,2,2,2,2,2,3,3,3,3,3,4,4,4,4
309,Joplin-Miami, MO-OK,-94.65322,36.85862,0,0,0,0,0,0,0,0,0,0,0,0,0,0,0,0,0,0,0,0,0,0,0,0,0,0,0,0,0,0,0,0,0,0,0,0,0,0,0,0,0,0,0,0,0,0,0,0,0,0,0,0,0,0,0,0,0,0,0,0,0,0,0,0,0,0,0,0,0,0,0,0,0,0,0,0,0,0,0,0,0,0,0,0,0,0,0,0,0,0,0,1,1,2,2,2,2,2,2,2,2,2,2,2,2,2,2,2,2,2,2,3,3,3,3,3,3,3,3,3,3,3,3,3,3,3,3,3,3,3,3,3,3,3,3,3,3,3,3,3,3,3,3,3,3
310,Kalamazoo-Battle Creek-Portage, MI,-85.37105,42.22829,0,0,0,0,0,0,0,0,0,0,0,0,0,0,0,0,0,0,0,0,0,0,0,0,0,0,0,0,0,0,0,0,0,0,0,0,0,0,0,0,0,0,0,0,0,0,0,0,0,0,0,0,0,0,0,0,0,0,0,0,0,0,0,0,0,0,0,0,1,1,1,1,2,4,5,5,6,8,8,10,10,10,12,15,15,16,19,19,19,19,20,21,22,26,26,26,28,28,28,31,38,38,38,43,43,45,47,47,49,51,54,58,58,63,64,65,65,65,68,70,70,73,74,74,76,78,79,82,82,82,83,85,87,88,88,92,92,92,94,94,94,94,94,95,95
312,Kansas City-Overland Park-Kansas City, MO-KS,-94.69651,39.02356,0,0,0,0,0,0,0,0,0,0,0,0,0,0,0,0,0,0,0,0,0,0,0,0,0,0,0,0,0,0,0,0,0,0,0,0,0,0,0,0,0,0,0,0,0,0,0,0,0,0,0,1,1,1,1,1,1,1,2,3,3,3,3,4,4,5,5,7,7,8,10,11,20,20,20,21,33,38,40,42,53,60,65,77,81,88,92,96,103,111,117,121,122,126,128,130,134,136,139,140,141,142,143,155,159,159,160,163,167,167,169,172,173,175,179,181,182,184,186,190,191,193,194,194,197,197,193,202,202,204,204,206,213,213,214,216,218,218,220,222,222,222,223,224,224
313,Kennewick-Richland-Walla Walla, WA,-119.33030,46.31198,0,0,0,0,0,0,0,0,0,0,0,0,0,0,0,0,0,0,0,0,0,0,0,0,0,0,0,0,0,0,0,0,0,0,0,0,0,0,0,0,0,0,0,0,0,0,0,0,0,0,0,0,0,0,0,0,0,0,1,2,2,3,3,3,4,4,5,5,5,6,7,9,14,14,14,19,21,21,27,27,27,27,29,31,31,38,38,38,38,38,38,39,41,41,42,42,43,46,48,50,52,53,55,55,59,60,61,64,69,69,70,71,71,74,74,74,74,74,78,78,78,79,79,80,80,80,82,83,84,84,84,84,85,85,85,87,89,89,89,91,91,97,100,101,101
314,Kerrville-Fredericksburg, TX,-99.34930,30.06040,0,0,0,0,0,0,0,0,0,0,0,0,0,0,0,0,0,0,0,0,0,0,0,0,0,0,0,0,0,0,0,0,0,0,0,0,0,0,0,0,0,0,0,0,0,0,0,0,0,0,0,0,0,0,0,0,0,0,0,0,0,0,0,0,0,0,0,0,0,0,0,0,0,0,0,0,0,0,0,0,0,0,0,0,0,0,0,0,0,0,0,0,0,0,0,0,0,0,0,0,0,0,0,0,0,0,0,0,0,0,0,0,0,0,0,0,0,0,0,0,0,0,0,0,0,0,0,0,0,0,0,0,0,0,0,1,1,1,1,1,1,1,1,1,1
315,Knoxville-Morristown-Sevierville, TN,-83.83656,35.98009,0,0,0,0,0,0,0,0,0,0,0,0,0,0,0,0,0,0,0,0,0,0,0,0,0,0,0,0,0,0,0,0,0,0,0,0,0,0,0,0,0,0,0,0,0,0,0,0,0,0,0,0,0,0,0,0,0,0,0,0,0,0,0,0,0,0,0,0,1,1,1,1,1,1,1,5,5,7,8,8,8,8,9,9,9,11,11,11,12,11,11,11,12,12,12,12,12,13,13,13,13,13,13,13,14,14,14,14,14,14,14,14,14,14,14,14,14,14,14,14,14,14,14,14,14,14,14,14,14,14,14,14,14,14,15,15,15,15,15,16,16,17,17,17,17
316,Kokomo-Peru, IN,-86.11203,40.49145,0,0,0,0,0,0,0,0,0,0,0,0,0,0,0,0,0,0,0,0,0,0,0,0,0,0,0,0,0,0,0,0,0,0,0,0,0,0,0,0,0,0,0,0,0,0,0,0,0,0,0,0,0,0,0,0,0,0,0,0,0,0,0,1,1,1,1,1,1,1,1,2,2,2,2,2,4,4,4,4,4,4,4,4,4,4,4,4,4,4,4,4,4,4,5,5,5,5,5,5,7,10,10,10,10,10,10,10,10,10,10,10,10,11,12,12,12,13,15,18,18,18,18,18,19,20,21,25,27,29,29,29,35,35,37,37,38,38,39,42,43,45,45,46,46
318,Lafayette-Opelousas-Morgan City, LA,-91.90157,30.15814,0,0,0,0,0,0,0,0,0,0,0,0,0,0,0,0,0,0,0,0,0,0,0,0,0,0,0,0,0,0,0,0,0,0,0,0,0,0,0,0,0,0,0,0,0,0,0,0,0,0,0,0,0,0,0,0,0,0,0,0,0,0,0,0,0,4,6,6,7,7,9,9,12,17,19,22,23,25,31,35,42,47,48,53,59,64,69,76,76,78,90,95,99,104,108,110,115,121,124,131,136,138,140,140,143,148,153,154,157,158,158,159,160,169,169,171,172,173,175,176,179,179,179,183,184,184,190,192,195,196,197,197,200,203,205,208,210,212,214,215,215,222,223,224,225
320,Lafayette-West Lafayette-Frankfort, IN,-86.82483,40.41730,0,0,0,0,0,0,0,0,0,0,0,0,0,0,0,0,0,0,0,0,0,0,0,0,0,0,0,0,0,0,0,0,0,0,0,0,0,0,0,0,0,0,0,0,0,0,0,0,0,0,0,0,0,0,0,0,0,0,0,0,0,0,0,0,0,1,1,1,1,2,2,2,2,2,2,2,2,2,3,3,3,3,3,4,5,5,5,5,5,5,5,5,5,5,5,5,5,5,5,5,5,5,5,5,5,5,5,6,6,6,6,6,6,6,6,6,6,6,6,7,7,7,7,7,7,7,7,8,7,7,7,7,9,9,9,8,8,9,9,9,9,9,9,9,9
324,Lake Charles-Jennings, LA,-93.28860,30.23410,0,0,0,0,0,0,0,0,0,0,0,0,0,0,0,0,0,0,0,0,0,0,0,0,0,0,0,0,0,0,0,0,0,0,0,0,0,0,0,0,0,0,0,0,0,0,0,0,0,0,0,0,0,0,0,0,0,0,0,0,0,0,1,1,1,1,1,1,1,1,1,1,1,3,3,4,4,5,6,7,15,15,16,18,19,20,21,23,24,24,25,28,29,31,31,32,33,34,35,35,35,37,37,37,40,41,43,44,43,43,43,46,46,46,46,46,46,46,46,48,48,48,48,50,51,51,51,52,53,56,56,56,56,56,56,58,58,58,58,58,58,58,58,58,58
332,Las Vegas-Henderson, NV,-115.02070,36.22421,0,0,0,0,0,0,0,0,0,0,0,0,0,0,0,0,0,0,0,0,0,0,0,0,0,0,0,0,0,0,0,0,0,0,0,0,0,0,0,0,0,0,0,0,0,0,0,0,0,0,0,0,0,0,1,1,1,1,2,2,2,4,4,6,6,10,10,14,14,23,28,34,39,41,41,41,54,65,71,75,75,100,101,106,115,115,124,133,137,137,141,150,163,168,174,174,174,186,196,202,206,215,218,223,226,238,245,245,256,260,260,267,275,275,291,293,296,297,297,315,321,323,323,323,330,330,332,340,340,345,345,345,345,357,357,359,360,361,365,367,369,377,379,379,380
336,Lexington-Fayette--Richmond--Frankfort, KY,-84.46726,38.05187,0,0,0,0,0,0,0,0,0,0,0,0,0,0,0,0,0,0,0,0,0,0,0,0,0,0,0,0,0,0,0,0,0,0,0,0,0,0,0,0,0,0,0,0,0,0,0,0,0,0,0,0,0,0,1,1,1,1,1,2,2,3,3,3,3,4,4,4,4,4,5,5,8,9,11,11,12,12,12,12,12,12,12,10,10,10,10,10,10,10,10,11,11,11,11,11,12,12,12,13,13,13,13,13,13,13,13,13,13,13,13,14,14,14,16,16,16,16,16,16,17,17,17,17,17,17,17,17,17,17,17,17,17,17,18,20,20,20,20,20,20,21,22,22,22
338,Lima-Van Wert-Celina, OH,-84.20623,40.71855,0,0,0,0,0,0,0,0,0,0,0,0,0,0,0,0,0,0,0,0,0,0,0,0,0,0,0,0,0,0,0,0,0,0,0,0,0,0,0,0,0,0,0,0,0,0,0,0,0,0,0,0,0,0,0,0,0,0,0,0,0,0,0,0,0,0,0,0,0,0,0,0,0,1,1,1,2,2,2,2,3,4,6,6,6,8,11,14,14,14,16,16,18,19,21,22,22,23,26,27,27,27,27,27,29,32,32,33,33,33,33,34,34,34,34,34,35,35,35,35,37,37,37,37,37,37,39,41,42,42,42,43,43,43,44,44,44,44,45,45,45,45,45,46,46
339,Lincoln-Beatrice, NE,-96.71835,40.65077,0,0,0,0,0,0,0,0,0,0,0,0,0,0,0,0,0,0,0,0,0,0,0,0,0,0,0,0,0,0,0,0,0,0,0,0,0,0,0,0,0,0,0,0,0,0,0,0,0,0,0,0,0,0,0,0,0,0,0,0,0,0,0,0,0,0,0,0,0,0,0,0,1,1,1,1,1,1,2,2,2,2,2,2,2,2,2,2,2,2,2,2,5,5,5,5,5,5,5,5,5,5,5,5,5,5,5,5,5,5,5,5,5,5,5,5,5,5,5,10,10,10,10,10,10,10,10,10,11,11,11,11,11,11,14,15,15,15,15,15,15,15,15,15,15
340,Little Rock-North Little Rock, AR,-92.11903,34.52114,0,0,0,0,0,0,0,0,0,0,0,0,0,0,0,0,0,0,0,0,0,0,0,0,0,0,0,0,0,0,0,0,0,0,0,0,0,0,0,0,0,0,0,0,0,0,0,0,0,0,0,0,0,0,0,0,0,0,0,0,0,0,0,0,0,0,0,0,3,3,3,3,3,3,3,3,3,3,11,11,13,14,16,18,19,20,20,21,21,22,23,23,23,25,25,27,28,33,33,35,37,41,44,46,49,51,51,51,51,53,53,53,54,55,55,55,55,57,58,62,63,65,65,65,65,66,66,69,73,73,73,73,74,75,77,78,79,79,80,85,86,86,86,86,87
348,Los Angeles-Long Beach, CA,-117.85958,34.24924,0,0,0,0,0,0,0,0,0,0,0,0,0,0,0,0,0,0,0,0,0,0,0,0,0,0,0,0,0,0,0,0,0,0,0,0,0,0,0,0,0,0,0,0,0,0,0,0,0,1,1,1,1,1,1,4,4,5,6,6,11,14,18,23,33,41,44,50,64,82,98,116,130,141,184,205,234,271,300,332,338,364,423,470,521,588,654,747,777,810,861,939,1026,1094,1141,1171,1223,1287,1349,1416,1492,1533,1560,1611,1688,1743,1803,1863,1926,1944,1997,2057,2127,2190,2254,2301,2331,2369,2453,2527,2605,2663,2718,2733,2747,2785,2848,2918,2993,3045,3069,3102,3182,3232,3286,3350,3414,3436,3448,3519,3601,3662,3696,3763,3780
350,Louisville/Jefferson County--Elizabethtown--Bardstown, KY-IN,-85.72541,38.24303,0,0,0,0,0,0,0,0,0,0,0,0,0,0,0,0,0,0,0,0,0,0,0,0,0,0,0,0,0,0,0,0,0,0,0,0,0,0,0,0,0,0,0,0,0,0,0,0,0,0,0,0,0,0,0,0,0,1,1,1,2,2,2,3,3,3,4,4,4,4,9,10,16,18,25,25,34,37,41,42,44,44,60,67,68,79,85,87,87,94,97,106,109,111,117,119,121,124,134,137,141,142,144,152,171,177,180,182,186,186,192,198,200,202,206,213,213,226,237,247,252,256,257,257,257,258,265,266,267,277,277,280,282,286,289,295,297,297,298,301,304,306,309,310,310
352,Lubbock-Plainview-Levelland, TX,-101.82098,33.64178,0,0,0,0,0,0,0,0,0,0,0,0,0,0,0,0,0,0,0,0,0,0,0,0,0,0,0,0,0,0,0,0,0,0,0,0,0,0,0,0,0,0,0,0,0,0,0,0,0,0,0,0,0,0,0,0,0,0,0,0,0,0,0,0,0,0,0,1,1,1,2,2,4,5,5,7,7,7,9,11,16,17,22,24,29,29,32,32,32,36,40,44,47,47,47,47,47,50,50,50,50,50,51,51,52,53,54,55,56,56,56,57,57,57,57,57,57,57,57,57,57,57,57,57,57,57,57,57,57,57,57,57,57,57,57,57,57,57,57,57,58,58,59,59,59
356,Macon-Bibb County--Warner Robins, GA,-83.74367,32.72957,0,0,0,0,0,0,0,0,0,0,0,0,0,0,0,0,0,0,0,0,0,0,0,0,0,0,0,0,0,0,0,0,0,0,0,0,0,0,0,0,0,0,0,0,0,0,0,0,0,0,0,0,0,0,0,0,0,0,0,0,0,0,0,0,0,0,1,1,2,3,5,7,7,7,9,10,10,11,11,11,11,11,12,13,13,13,14,14,14,15,16,20,21,21,22,22,23,24,28,29,29,30,30,31,33,34,35,36,36,36,36,36,36,39,38,38,39,42,44,44,47,47,51,51,51,51,52,53,55,56,61,61,62,63,64,66,66,66,68,71,75,77,78,79,78
357,Madison-Janesville-Beloit, WI,-89.31801,42.93757,0,0,0,0,0,0,0,0,0,0,0,0,0,0,0,0,0,0,0,0,0,0,0,0,0,0,0,0,0,0,0,0,0,0,0,0,0,0,0,0,0,0,0,0,0,0,0,0,0,0,0,0,0,0,0,0,0,0,0,0,0,0,0,1,1,1,2,2,3,3,4,6,8,11,13,13,15,16,16,17,18,19,18,21,22,24,25,25,27,27,28,28,29,29,29,30,30,32,32,32,33,33,33,33,35,36,38,38,39,39,39,39,39,40,43,43,43,43,43,44,44,45,46,46,46,46,49,49,49,52,52,52,52,52,53,53,54,54,54,55,56,56,56,55,56
359,Mankato-New Ulm, MN,-94.28689,44.29581,0,0,0,0,0,0,0,0,0,0,0,0,0,0,0,0,0,0,0,0,0,0,0,0,0,0,0,0,0,0,0,0,0,0,0,0,0,0,0,0,0,0,0,0,0,0,0,0,0,0,0,0,0,0,0,0,0,0,0,0,0,0,0,0,0,0,0,0,0,0,0,0,0,0,0,0,0,0,0,1,2,2,2,2,2,2,3,3,3,3,3,3,3,3,3,3,3,3,3,3,3,3,3,3,3,3,3,3,3,3,3,3,3,4,4,4,5,5,5,6,6,6,6,6,8,9,10,10,12,12,12,12,12,12,13,13,13,13,13,14,14,14,14,14,15
360,Mansfield-Ashland-Bucyrus, OH,-82.75016,40.81561,0,0,0,0,0,0,0,0,0,0,0,0,0,0,0,0,0,0,0,0,0,0,0,0,0,0,0,0,0,0,0,0,0,0,0,0,0,0,0,0,0,0,0,0,0,0,0,0,0,0,0,0,0,0,0,0,0,0,0,0,0,0,0,0,0,0,0,0,0,0,0,0,0,0,0,0,0,0,1,1,1,1,1,1,1,1,1,1,1,1,1,1,1,1,1,1,1,1,1,2,2,2,3,3,3,3,3,3,3,3,3,3,4,4,4,4,4,4,4,5,6,6,6,6,6,6,6,6,7,7,7,7,7,7,8,8,8,8,8,8,8,8,8,8,9
361,Marinette-Iron Mountain, WI-MI,-87.96779,45.63532,0,0,0,0,0,0,0,0,0,0,0,0,0,0,0,0,0,0,0,0,0,0,0,0,0,0,0,0,0,0,0,0,0,0,0,0,0,0,0,0,0,0,0,0,0,0,0,0,0,0,0,0,0,0,0,0,0,0,0,0,0,0,0,0,0,0,0,0,0,0,0,0,1,1,1,1,1,1,1,1,2,2,2,2,3,3,3,3,3,3,3,3,3,3,3,3,3,3,3,3,3,3,3,3,3,3,3,3,3,3,3,3,3,4,4,4,4,4,4,4,4,4,4,4,4,4,4,4,4,4,4,4,4,4,4,4,5,5,5,5,5,5,5,5,5
362,Martin-Union City, TN,-89.14922,36.35732,0,0,0,0,0,0,0,0,0,0,0,0,0,0,0,0,0,0,0,0,0,0,0,0,0,0,0,0,0,0,0,0,0,0,0,0,0,0,0,0,0,0,0,0,0,0,0,0,0,0,0,0,0,0,0,0,0,0,0,0,0,0,0,0,0,0,0,0,0,0,0,0,1,1,1,1,1,1,1,1,1,1,1,1,1,1,1,1,1,1,1,1,1,1,1,1,1,1,1,1,1,1,1,1,1,1,1,1,1,1,1,1,1,1,1,1,1,1,1,1,1,1,1,1,1,1,1,1,1,1,1,1,3,3,3,1,1,1,1,1,1,1,1,1,1
365,McAllen-Edinburg, TX,-98.22576,26.40705,0,0,0,0,0,0,0,0,0,0,0,0,0,0,0,0,0,0,0,0,0,0,0,0,0,0,0,0,0,0,0,0,0,0,0,0,0,0,0,0,0,0,0,0,0,0,0,0,0,0,0,0,0,0,0,0,0,0,0,0,0,0,0,0,0,0,0,0,0,0,0,0,0,0,0,0,0,1,1,1,1,1,1,1,1,2,3,3,3,3,3,3,4,4,4,4,4,5,6,6,6,6,6,6,7,7,7,7,7,8,8,8,8,10,10,10,10,10,10,10,10,10,10,10,10,10,10,10,10,10,10,10,11,11,11,11,11,13,13,13,13,13,13,13,13
366,Medford-Grants Pass, OR,-123.55619,42.36655,0,0,0,0,0,0,0,0,0,0,0,0,0,0,0,0,0,0,0,0,0,0,0,0,0,0,0,0,0,0,0,0,0,0,0,0,0,0,0,0,0,0,0,0,0,0,0,0,0,0,0,0,0,0,0,0,0,0,0,0,0,0,0,0,0,0,0,0,0,0,0,0,0,0,0,0,0,0,0,0,0,1,1,1,1,1,1,1,1,1,1,1,1,1,1,1,1,1,1,1,1,1,1,1,1,1,1,1,1,1,1,1,1,1,1,1,1,1,1,1,1,1,1,1,1,1,1,1,1,1,1,1,1,1,1,1,1,1,1,1,1,1,1,1,1
368,Memphis-Forrest City, TN-MS-AR,-89.92624,35.15129,0,0,0,0,0,0,0,0,0,0,0,0,0,0,0,0,0,0,0,0,0,0,0,0,0,0,0,0,0,0,0,0,0,0,0,0,0,0,0,0,0,0,0,0,0,0,0,0,0,0,0,0,0,0,0,0,0,0,0,0,0,0,0,0,1,1,2,3,3,3,3,9,10,11,14,16,19,20,25,25,33,33,28,33,34,43,44,44,46,47,51,51,57,55,56,57,57,57,57,60,65,69,69,75,77,82,83,86,87,87,89,92,94,101,101,106,106,108,109,110,115,117,118,122,122,124,133,135,139,140,140,140,147,149,156,159,162,163,166,168,168,168,186,186,187
370,Miami-Port St. Lucie-Fort Lauderdale, FL,-80.51463,26.05572,0,0,0,0,0,0,0,0,0,0,0,0,0,0,0,0,0,0,0,0,0,0,0,0,0,0,0,0,0,0,0,0,0,0,0,0,0,0,0,0,0,0,0,0,0,0,0,0,0,0,0,0,0,0,0,1,1,1,1,3,3,6,6,6,6,10,18,20,23,35,35,67,80,102,125,138,146,185,211,234,260,267,292,310,359,414,437,449,468,493,517,540,601,636,644,658,665,712,735,761,788,807,813,824,869,908,948,987,1018,1023,1028,1052,1083,1109,1136,1157,1161,1168,1192,1213,1244,1260,1285,1287,1297,1299,1331,1355,1380,1403,1403,1406,1445,1463,1489,1512,1527,1535,1542,1569,1592,1620,1640,1672,1677
372,Midland-Odessa, TX,-102.18097,31.89087,0,0,0,0,0,0,0,0,0,0,0,0,0,0,0,0,0,0,0,0,0,0,0,0,0,0,0,0,0,0,0,0,0,0,0,0,0,0,0,0,0,0,0,0,0,0,0,0,0,0,0,0,0,0,0,0,0,0,0,0,0,0,1,1,1,1,1,1,1,1,1,1,1,1,1,1,2,2,2,2,2,4,4,4,4,4,4,7,7,7,7,8,8,9,9,9,9,9,10,10,10,10,10,12,13,13,14,15,16,16,16,17,17,17,17,17,17,17,17,17,17,17,17,17,17,17,18,18,18,18,18,18,18,19,19,19,19,19,19,20,20,20,20,20,20
376,Milwaukee-Racine-Waukesha, WI,-88.03921,42.98736,0,0,0,0,0,0,0,0,0,0,0,0,0,0,0,0,0,0,0,0,0,0,0,0,0,0,0,0,0,0,0,0,0,0,0,0,0,0,0,0,0,0,0,0,0,0,0,0,0,0,0,0,0,0,0,0,0,2,2,3,3,4,4,5,8,11,12,13,13,18,19,23,34,34,53,55,66,73,84,98,106,110,117,129,136,147,155,158,164,172,182,186,195,199,203,208,214,224,227,234,241,246,250,251,258,264,273,281,289,290,296,303,304,310,318,323,323,327,331,338,342,347,354,355,358,360,373,381,395,405,407,410,422,431,436,441,450,452,451,463,469,479,484,487,487
378,Minneapolis-St. Paul, MN-WI,-93.36810,45.01447,0,0,0,0,0,0,0,0,0,0,0,0,0,0,0,0,0,0,0,0,0,0,0,0,0,0,0,0,0,0,0,0,0,0,0,0,0,0,0,0,0,0,0,0,0,0,0,0,0,0,0,0,0,0,0,0,0,0,0,1,1,1,1,1,2,2,4,4,7,7,7,8,8,14,18,22,25,28,37,40,45,50,50,58,64,64,83,92,101,107,124,142,157,177,196,222,235,246,264,286,311,333,357,366,392,421,443,467,489,507,520,540,564,586,604,619,637,646,659,686,717,750,758,774,784,799,830,863,888,914,925,935,954,966,993,1021,1040,1055,1065,1082,1096,1108,1127,1136,1150
380,Mobile-Daphne-Fairhope, AL,-88.17796,30.80719,0,0,0,0,0,0,0,0,0,0,0,0,0,0,0,0,0,0,0,0,0,0,0,0,0,0,0,0,0,0,0,0,0,0,0,0,0,0,0,0,0,0,0,0,0,0,0,0,0,0,0,0,0,0,0,0,0,0,0,0,0,0,0,0,0,1,1,2,2,2,5,5,7,7,8,8,10,10,11,13,17,17,19,20,20,25,27,28,31,37,41,43,43,44,44,45,47,50,55,59,67,67,68,72,78,83,85,88,90,92,98,107,108,111,113,113,114,114,116,119,120,121,123,123,125,127,127,127,129,130,131,133,133,133,133,138,139,139,139,141,142,143,144,144,144
384,Monroe-Ruston, LA,-92.26774,32.58681,0,0,0,0,0,0,0,0,0,0,0,0,0,0,0,0,0,0,0,0,0,0,0,0,0,0,0,0,0,0,0,0,0,0,0,0,0,0,0,0,0,0,0,0,0,0,0,0,0,0,0,0,0,0,0,0,0,0,0,0,0,1,1,1,1,1,1,1,1,1,1,1,1,1,1,1,1,6,7,10,10,10,10,13,14,15,20,21,23,23,24,25,29,30,30,30,30,31,33,34,39,42,42,42,43,46,49,49,49,50,51,55,60,60,62,63,63,63,66,67,69,69,69,71,72,73,73,76,77,77,77,77,82,88,89,93,95,96,96,99,101,101,103,103,103
388,Montgomery-Selma-Alexander City, AL,-86.13020,32.50576,0,0,0,0,0,0,0,0,0,0,0,0,0,0,0,0,0,0,0,0,0,0,0,0,0,0,0,0,0,0,0,0,0,0,0,0,0,0,0,0,0,0,0,0,0,0,0,0,0,0,0,0,0,0,0,0,0,0,0,0,0,0,0,0,0,0,0,0,0,2,2,2,2,2,2,2,3,4,5,7,9,9,11,14,16,16,20,22,21,20,22,25,26,28,28,28,31,32,33,35,34,34,35,38,43,50,69,73,74,74,75,87,91,99,100,100,100,100,105,110,111,115,116,116,120,121,121,122,127,130,133,137,139,139,139,141,144,145,154,157,162,166,169,170,170
390,Morgantown-Fairmont, WV,-80.00639,39.56845,0,0,0,0,0,0,0,0,0,0,0,0,0,0,0,0,0,0,0,0,0,0,0,0,0,0,0,0,0,0,0,0,0,0,0,0,0,0,0,0,0,0,0,0,0,0,0,0,0,0,0,0,0,0,0,0,0,0,0,0,0,0,0,0,0,0,0,0,1,1,1,1,1,1,2,2,2,2,2,2,2,2,3,3,3,3,3,3,3,3,3,3,6,6,6,6,6,6,6,6,6,6,6,6,6,7,7,7,7,7,7,7,7,7,7,7,7,7,7,7,7,7,7,7,7,7,8,8,8,8,8,9,9,9,10,9,9,9,9,9,9,9,9,9,9
393,Moses Lake-Othello, WA,-119.45007,47.20754,0,0,0,0,0,0,0,0,0,0,0,0,0,0,0,0,0,0,0,0,0,0,0,0,0,0,0,0,0,0,0,0,0,0,0,0,0,0,0,0,0,0,0,0,0,0,0,1,1,1,1,1,1,1,1,1,1,1,1,1,1,1,1,1,1,1,1,1,1,1,1,1,0,1,2,2,2,2,2,2,2,2,2,2,2,2,2,2,2,2,2,2,2,2,2,2,2,3,3,3,3,3,3,3,3,3,3,3,3,3,3,3,3,3,3,3,3,3,4,4,4,4,4,4,4,4,4,4,4,4,4,4,4,4,4,4,4,4,4,4,4,4,5,5,5
394,Mount Pleasant-Alma, MI,-84.70169,43.43184,0,0,0,0,0,0,0,0,0,0,0,0,0,0,0,0,0,0,0,0,0,0,0,0,0,0,0,0,0,0,0,0,0,0,0,0,0,0,0,0,0,0,0,0,0,0,0,0,0,0,0,0,0,0,0,0,0,0,0,0,0,0,0,0,0,0,0,1,1,1,1,1,2,2,2,2,2,2,2,2,3,3,4,4,4,5,6,7,8,8,8,8,8,8,8,8,8,8,8,8,8,8,9,9,9,9,9,9,10,10,11,11,11,11,11,11,11,11,11,11,11,12,12,13,13,13,15,15,15,16,17,18,18,18,18,18,18,18,18,18,18,18,19,20,20
396,Myrtle Beach-Conway, SC-NC,-78.96323,33.89597,0,0,0,0,0,0,0,0,0,0,0,0,0,0,0,0,0,0,0,0,0,0,0,0,0,0,0,0,0,0,0,0,0,0,0,0,0,0,0,0,0,0,0,0,0,0,0,0,0,0,0,0,0,0,0,0,0,0,0,0,0,0,0,1,1,1,2,3,3,3,3,4,4,6,7,8,8,8,9,9,9,9,9,10,11,13,14,16,16,16,16,16,16,16,16,16,16,19,20,20,21,21,22,23,23,23,23,23,23,23,23,23,23,23,23,23,24,24,25,25,26,26,26,26,27,27,29,29,30,30,30,31,33,33,33,35,35,37,38,39,39,39,39,40,40
400,Nashville-Davidson--Murfreesboro, TN,-86.61073,36.17695,0,0,0,0,0,0,0,0,0,0,0,0,0,0,0,0,0,0,0,0,0,0,0,0,0,0,0,0,0,0,0,0,0,0,0,0,0,0,0,0,0,0,0,0,0,0,0,0,0,0,0,0,0,0,0,0,0,0,1,1,2,2,2,2,2,2,2,2,7,7,8,20,21,23,23,28,32,39,46,50,51,51,58,63,63,66,67,68,70,72,73,73,76,76,82,84,86,89,94,97,98,99,100,101,104,110,109,109,109,109,111,119,126,130,132,132,135,135,137,137,141,141,152,156,157,159,160,160,161,164,164,164,172,176,178,182,188,188,188,197,198,200,206,209,210
404,New Bern-Morehead City, NC,-77.01088,35.03084,0,0,0,0,0,0,0,0,0,0,0,0,0,0,0,0,0,0,0,0,0,0,0,0,0,0,0,0,0,0,0,0,0,0,0,0,0,0,0,0,0,0,0,0,0,0,0,0,0,0,0,0,0,0,0,0,0,0,0,0,0,0,0,0,0,0,0,0,0,1,1,0,0,0,0,1,1,1,2,2,3,3,3,3,3,3,3,5,5,6,6,9,9,9,9,9,9,9,9,9,9,9,9,9,9,9,9,9,9,9,10,10,10,10,10,10,10,10,10,10,10,16,16,16,16,16,16,17,17,17,17,17,17,17,11,11,11,11,11,11,11,11,11,11,11
406,New Orleans-Metairie-Hammond, LA-MS,-90.04921,30.04461,0,0,0,0,0,0,0,0,0,0,0,0,0,0,0,0,0,0,0,0,0,0,0,0,0,0,0,0,0,0,0,0,0,0,0,0,0,0,0,0,0,0,0,0,0,0,0,0,0,0,0,0,1,2,3,4,6,10,13,19,19,27,35,51,66,95,111,119,146,189,220,244,289,320,350,374,423,465,500,521,542,562,598,673,734,767,801,821,840,859,875,921,964,1001,1014,1026,1040,1065,1081,1112,1146,1152,1158,1173,1191,1215,1228,1231,1247,1252,1263,1280,1291,1308,1318,1328,1333,1337,1341,1354,1361,1361,1361,1368,1377,1383,1389,1391,1398,1403,1406,1407,1417,1427,1432,1438,1441,1444,1448,1449,1451,1458,1460,1460,1464
408,New York-Newark, NY-NJ-CT-PA,-73.93793,40.81165,0,0,0,0,0,0,0,0,0,0,0,0,0,0,0,0,0,0,0,0,0,0,0,0,0,0,0,0,0,0,0,0,0,0,0,0,0,0,0,0,0,0,0,0,0,0,0,0,1,1,2,3,7,14,26,40,68,99,155,214,267,371,491,650,879,1157,1539,1964,2369,2782,3724,4614,5456,6420,7368,8498,10026,11185,12452,13605,14767,15863,16935,18177,19331,20430,21220,21953,22720,23888,24547,25661,26430,26920,28228,28510,29023,29681,30533,31090,31844,32250,32875,33216,33643,34419,35214,35439,35905,36082,36525,36943,37277,37667,38038,38306,38616,38816,39096,39349,39572,39821,40001,40165,40265,40393,40657,40774,40974,41136,41285,41386,41481,41632,41794,41904,42000,42124,42205,42319,42435,42539,42663,42824,42885
412,North Port-Sarasota, FL,-82.20672,27.22774,0,0,0,0,0,0,0,0,0,0,0,0,0,0,0,0,0,0,0,0,0,0,0,0,0,0,0,0,0,0,0,0,0,0,0,0,0,0,0,0,0,0,0,0,0,0,0,0,0,0,0,0,0,0,0,0,1,1,1,1,1,1,1,3,2,3,3,3,3,6,6,11,12,12,13,13,16,18,22,28,33,33,37,38,43,47,63,67,67,76,79,80,87,92,92,92,92,104,113,120,127,135,135,135,139,146,154,162,169,169,169,172,175,179,183,186,187,187,196,207,214,222,228,228,228,228,235,241,243,244,244,244,250,253,257,269,269,269,269,276,280,285,285,289,289
416,Oklahoma City-Shawnee, OK,-97.38394,35.39940,0,0,0,0,0,0,0,0,0,0,0,0,0,0,0,0,0,0,0,0,0,0,0,0,0,0,0,0,0,0,0,0,0,0,0,0,0,0,0,0,0,0,0,0,0,0,0,0,0,0,0,0,0,0,0,0,0,0,0,0,0,0,1,3,5,5,8,9,9,14,17,17,18,19,22,24,25,31,31,34,40,40,42,42,47,50,50,50,52,54,55,56,59,62,64,64,64,65,67,71,72,75,75,75,80,85,86,87,88,89,89,90,90,94,94,96,96,96,99,102,105,106,107,107,108,110,110,112,113,114,114,114,115,115,116,116,118,118,118,120,121,121,121,121,121
420,Omaha-Council Bluffs-Fremont, NE-IA,-96.08386,41.29868,0,0,0,0,0,0,0,0,0,0,0,0,0,0,0,0,0,0,0,0,0,0,0,0,0,0,0,0,0,0,0,0,0,0,0,0,0,0,0,0,0,0,0,0,0,0,0,0,0,0,0,0,0,0,0,0,0,0,0,0,0,0,0,0,0,0,1,1,1,1,1,1,1,1,3,4,4,5,5,5,5,5,5,5,6,6,6,6,9,9,9,9,12,12,12,12,12,12,13,17,17,17,17,17,17,17,17,17,17,17,17,17,18,18,18,18,18,18,18,31,33,33,33,34,34,35,35,36,36,36,36,36,36,38,51,59,59,59,59,59,61,76,79,79,80
422,Orlando-Lakeland-Deltona, FL,-81.47121,28.46544,0,0,0,0,0,0,0,0,0,0,0,0,0,0,0,0,0,0,0,0,0,0,0,0,0,0,0,0,0,0,0,0,0,0,0,0,0,0,0,0,0,0,0,0,0,0,0,0,0,0,0,0,0,0,0,1,1,2,2,2,2,2,2,2,4,4,4,5,5,7,7,17,18,25,25,25,30,33,37,43,48,50,51,52,61,67,71,73,74,81,87,88,97,102,102,104,105,110,116,120,123,132,133,133,139,144,144,147,151,151,153,159,162,164,167,172,173,174,176,182,184,189,190,191,191,192,197,198,200,201,201,203,206,210,215,219,223,225,226,230,232,234,236,240,240
424,Paducah-Mayfield, KY-IL,-88.65835,36.76604,0,0,0,0,0,0,0,0,0,0,0,0,0,0,0,0,0,0,0,0,0,0,0,0,0,0,0,0,0,0,0,0,0,0,0,0,0,0,0,0,0,0,0,0,0,0,0,0,0,0,0,0,0,0,0,0,0,0,0,0,0,0,0,0,0,0,0,0,0,0,0,0,0,0,0,0,1,1,1,1,1,1,1,2,2,3,4,4,4,5,8,9,9,12,13,13,13,15,15,15,16,16,16,16,16,16,16,16,20,20,20,20,20,20,20,20,20,20,20,21,21,21,21,21,21,21,21,21,21,21,21,21,21,21,21,22,22,22,22,23,23,23,23,23,23
425,Parkersburg-Marietta-Vienna, WV-OH,-81.49360,39.43336,0,0,0,0,0,0,0,0,0,0,0,0,0,0,0,0,0,0,0,0,0,0,0,0,0,0,0,0,0,0,0,0,0,0,0,0,0,0,0,0,0,0,0,0,0,0,0,0,0,0,0,0,0,0,0,0,0,0,0,0,0,0,0,0,0,0,0,0,0,0,0,0,0,0,0,0,0,0,0,0,0,1,1,2,4,5,5,6,6,6,6,6,10,10,10,12,12,12,14,14,14,14,16,16,17,18,19,19,19,19,19,19,19,19,19,19,19,19,19,19,19,19,20,20,20,20,21,21,21,21,21,21,21,21,21,21,21,21,21,21,21,21,21,21,21
426,Pensacola-Ferry Pass, FL-AL,-87.29734,30.70652,0,0,0,0,0,0,0,0,0,0,0,0,0,0,0,0,0,0,0,0,0,0,0,0,0,0,0,0,0,0,0,0,0,0,0,0,0,0,0,0,0,0,0,0,0,0,1,1,1,1,1,1,1,1,1,1,1,1,1,1,1,1,1,1,1,1,1,1,1,2,2,2,2,3,3,3,3,4,5,5,6,7,7,7,8,9,12,14,14,14,16,17,17,18,18,18,18,19,19,19,22,23,23,23,24,26,27,30,30,30,30,31,31,31,32,32,32,32,33,33,36,37,38,38,38,38,41,41,45,45,45,45,46,47,47,48,48,48,48,48,48,49,49,50,50
428,Philadelphia-Reading-Camden, PA-NJ-DE-MD,-75.24161,39.97482,0,0,0,0,0,0,0,0,0,0,0,0,0,0,0,0,0,0,0,0,0,0,0,0,0,0,0,0,0,0,0,0,0,0,0,0,0,0,0,0,0,0,0,0,0,0,0,0,0,0,0,0,0,0,0,0,0,0,0,0,1,2,2,6,7,9,20,27,31,34,52,68,79,105,118,144,201,261,273,329,404,462,491,553,636,737,818,915,1053,1120,1260,1325,1402,1423,1484,1528,1577,1703,1964,2070,2236,2303,2333,2435,2728,2892,3069,3193,3286,3315,3348,3439,3610,3804,3928,4001,4022,4036,4150,4282,4368,4497,4581,4604,4615,4636,4737,4825,4921,4984,5010,5028,5107,5161,5244,5312,5352,5387,5396,5465,5526,5583,5624,5685,5703
429,Phoenix-Mesa, AZ,-112.39901,33.31803,0,0,0,0,0,0,0,0,0,0,0,0,0,0,0,0,0,0,0,0,0,0,0,0,0,0,0,0,0,0,0,0,0,0,0,0,0,0,0,0,0,0,0,0,0,0,0,0,0,0,0,0,0,0,0,0,0,0,0,1,2,2,2,2,2,5,5,5,5,5,5,12,12,28,31,31,35,37,39,39,47,47,52,54,60,64,69,76,82,82,90,105,123,129,130,131,131,131,151,156,160,160,160,160,190,201,219,258,265,267,270,280,302,321,331,351,351,356,372,395,399,406,421,422,423,422,435,441,459,470,472,474,488,506,512,523,533,534,535,548,564,577,582,596,598
430,Pittsburgh-New Castle-Weirton, PA-OH-WV,-79.99609,40.52433,0,0,0,0,0,0,0,0,0,0,0,0,0,0,0,0,0,0,0,0,0,0,0,0,0,0,0,0,0,0,0,0,0,0,0,0,0,0,0,0,0,0,0,0,0,0,0,0,0,0,0,0,0,0,0,0,0,0,0,1,1,1,2,2,3,3,4,5,5,7,9,9,9,14,15,15,20,28,30,43,49,50,52,58,67,82,90,112,119,128,153,166,164,165,162,162,168,190,201,209,216,221,221,221,237,245,255,258,259,262,264,268,282,286,290,292,293,287,290,292,294,300,307,308,309,309,310,311,313,314,314,315,319,320,320,322,322,322,323,323,324,326,326,327,327
438,Portland-Lewiston-South Portland, ME,-70.41756,43.79538,0,0,0,0,0,0,0,0,0,0,0,0,0,0,0,0,0,0,0,0,0,0,0,0,0,0,0,0,0,0,0,0,0,0,0,0,0,0,0,0,0,0,0,0,0,0,0,0,0,0,0,0,0,0,0,0,0,0,0,0,0,0,0,0,0,1,1,3,3,4,4,6,6,6,6,6,11,12,13,14,16,16,16,17,19,21,21,21,23,23,24,25,30,32,32,33,33,33,34,35,36,36,37,37,39,40,40,40,40,40,41,41,42,44,44,45,45,46,48,48,48,48,50,51,51,52,54,57,58,62,62,62,66,66,66,69,69,70,70,71,71,71,71,71,71
440,Portland-Vancouver-Salem, OR-WA,-122.63719,45.32220,0,0,0,0,0,0,0,0,0,0,0,0,0,0,0,0,0,0,0,0,0,0,0,0,0,0,0,0,0,0,0,0,0,0,0,0,0,0,0,0,0,0,0,0,0,0,0,0,0,0,0,0,0,1,1,3,5,5,5,6,7,7,11,13,15,17,18,18,21,23,24,28,29,29,34,37,41,45,56,56,61,64,66,68,71,77,84,86,88,89,92,92,96,100,102,105,106,113,116,118,119,123,123,123,128,130,136,139,142,142,144,145,150,153,153,153,153,154,155,159,160,162,162,163,163,163,163,166,166,167,167,168,171,173,174,177,177,181,181,187,187,189,191,191,191
444,Pueblo-Caon City, CO,-104.51274,38.17359,0,0,0,0,0,0,0,0,0,0,0,0,0,0,0,0,0,0,0,0,0,0,0,0,0,0,0,0,0,0,0,0,0,0,0,0,0,0,0,0,0,0,0,0,0,0,0,0,0,0,0,0,0,0,0,0,0,0,0,0,0,0,0,0,0,1,1,1,2,2,2,2,2,2,2,2,2,2,2,2,3,3,3,4,4,5,6,6,6,6,7,7,7,9,9,9,9,9,10,10,10,10,10,11,11,11,12,12,12,12,12,12,12,13,13,13,13,14,14,14,14,14,14,14,14,14,14,15,16,16,17,18,18,18,18,18,18,18,18,19,19,20,20,22,22
448,Quincy-Hannibal, IL-MO,-91.45428,40.04244,0,0,0,0,0,0,0,0,0,0,0,0,0,0,0,0,0,0,0,0,0,0,0,0,0,0,0,0,0,0,0,0,0,0,0,0,0,0,0,0,0,0,0,0,0,0,0,0,0,0,0,0,0,0,0,0,0,0,0,0,0,0,0,0,0,0,0,0,0,0,0,0,0,0,0,0,0,0,0,0,0,0,0,0,0,0,0,0,0,0,0,1,1,1,1,1,1,1,1,1,2,2,2,2,2,2,2,2,2,2,2,2,2,2,2,2,2,2,2,2,2,2,2,2,2,2,2,2,2,2,2,2,2,2,2,2,2,2,2,2,2,2,2,2,2
450,Raleigh-Durham-Cary, NC,-78.76808,35.96563,0,0,0,0,0,0,0,0,0,0,0,0,0,0,0,0,0,0,0,0,0,0,0,0,0,0,0,0,0,0,0,0,0,0,0,0,0,0,0,0,0,0,0,0,0,0,0,0,0,0,0,0,0,0,0,0,0,0,0,0,0,0,0,0,0,1,1,1,1,1,1,1,2,4,4,4,4,6,7,8,8,8,9,10,18,23,31,34,36,40,46,57,64,67,72,80,83,93,103,109,116,119,120,121,132,138,148,154,157,159,160,169,172,174,188,190,192,192,192,198,200,209,209,209,210,212,218,223,222,226,227,228,228,236,239,242,243,243,250,254,260,262,267,268,269
452,Rapid City-Spearfish, SD,-102.81210,44.06527,0,0,0,0,0,0,0,0,0,0,0,0,0,0,0,0,0,0,0,0,0,0,0,0,0,0,0,0,0,0,0,0,0,0,0,0,0,0,0,0,0,0,0,0,0,0,0,0,0,1,1,1,1,1,1,1,1,1,1,1,1,1,1,1,1,1,1,1,1,1,1,1,1,1,1,1,1,1,1,1,1,1,1,1,1,1,1,1,1,1,1,1,1,1,1,1,1,1,1,1,1,1,1,1,1,1,1,1,1,1,1,1,1,1,1,1,1,1,2,2,3,3,3,3,3,3,3,3,3,4,4,4,4,4,5,5,6,6,6,7,7,8,8,9,9
454,Redding-Red Bluff, CA,-122.07915,40.63627,0,0,0,0,0,0,0,0,0,0,0,0,0,0,0,0,0,0,0,0,0,0,0,0,0,0,0,0,0,0,0,0,0,0,0,0,0,0,0,0,0,0,0,0,0,0,0,0,0,0,0,0,0,0,0,0,0,0,0,0,0,0,0,1,1,1,1,1,1,1,1,1,1,2,2,3,3,3,3,3,3,3,3,3,4,4,4,4,4,4,4,4,4,5,5,5,5,5,5,5,5,5,5,5,5,5,5,5,5,5,5,5,5,5,5,5,5,5,5,5,5,5,5,5,5,5,5,5,5,5,5,5,5,5,5,5,5,5,5,5,5,5,5,5,5
456,Reno-Carson City-Fernley, NV,-119.65630,40.52474,0,0,0,0,0,0,0,0,0,0,0,0,0,0,0,0,0,0,0,0,0,0,0,0,0,0,0,0,0,0,0,0,0,0,0,0,0,0,0,0,0,0,0,0,0,0,0,0,0,0,0,0,0,0,0,0,0,0,0,0,0,0,0,0,0,0,0,1,1,3,3,4,4,4,4,4,5,6,8,10,10,11,12,12,14,14,15,16,18,18,18,18,23,23,28,28,28,30,31,31,34,34,34,35,37,38,39,40,41,41,41,42,45,47,48,48,49,52,51,51,51,52,53,52,58,58,58,60,60,64,64,64,64,66,67,71,71,71,71,73,74,76,76,77,77
458,Richmond-Connersville, IN,-85.10066,39.74139,0,0,0,0,0,0,0,0,0,0,0,0,0,0,0,0,0,0,0,0,0,0,0,0,0,0,0,0,0,0,0,0,0,0,0,0,0,0,0,0,0,0,0,0,0,0,0,0,0,0,0,0,0,0,0,0,0,0,0,0,0,0,0,0,0,0,1,1,1,1,2,2,3,3,3,3,4,4,4,4,4,4,4,4,4,4,6,6,6,6,6,6,6,7,7,7,7,7,7,7,7,7,7,7,7,7,7,9,9,9,9,9,9,9,9,9,9,9,9,9,9,9,9,9,9,9,9,13,13,12,12,12,12,12,13,13,13,13,13,13,13,13,13,13,13
462,Rochester-Austin, MN,-92.42798,43.93745,0,0,0,0,0,0,0,0,0,0,0,0,0,0,0,0,0,0,0,0,0,0,0,0,0,0,0,0,0,0,0,0,0,0,0,0,0,0,0,0,0,0,0,0,0,0,0,0,0,0,0,0,0,0,0,0,0,0,0,0,0,0,0,0,0,0,0,0,0,0,0,0,1,2,3,2,2,2,2,2,2,2,2,2,2,2,2,2,3,4,4,4,6,7,7,7,7,7,7,7,9,9,9,9,9,9,9,10,10,10,10,10,10,10,10,10,10,10,11,12,12,12,12,12,12,12,12,12,12,12,13,13,14,14,14,14,15,15,15,15,15,15,15,15,15
464,Rochester-Batavia-Seneca Falls, NY,-77.75621,43.13226,0,0,0,0,0,0,0,0,0,0,0,0,0,0,0,0,0,0,0,0,0,0,0,0,0,0,0,0,0,0,0,0,0,0,0,0,0,0,0,0,0,0,0,0,0,0,0,0,0,0,0,0,0,0,0,1,1,1,1,1,1,2,3,3,4,4,5,5,6,9,10,11,12,16,21,28,34,37,43,43,43,43,54,60,61,68,68,68,74,77,88,88,105,121,121,131,136,136,141,143,153,153,153,163,163,172,172,178,182,182,182,198,198,205,212,214,214,214,224,224,224,224,238,238,246,246,260,260,278,278,278,282,282,282,301,301,301,307,307,307,307,307,327,327,327
466,Rockford-Freeport-Rochelle, IL,-89.13041,42.32382,0,0,0,0,0,0,0,0,0,0,0,0,0,0,0,0,0,0,0,0,0,0,0,0,0,0,0,0,0,0,0,0,0,0,0,0,0,0,0,0,0,0,0,0,0,0,0,0,0,0,0,0,0,0,0,0,0,0,0,0,0,0,0,0,0,0,0,0,0,0,1,1,1,1,1,1,3,4,4,4,5,5,5,5,6,6,7,7,7,8,12,12,15,16,17,17,18,20,20,21,21,23,28,29,30,31,33,34,36,37,38,43,47,47,49,50,52,54,56,57,63,66,69,70,71,71,72,73,76,77,77,77,78,82,86,91,96,95,96,99,101,104,106,107,107
468,Rocky Mount-Wilson-Roanoke Rapids, NC,-77.66902,36.03837,0,0,0,0,0,0,0,0,0,0,0,0,0,0,0,0,0,0,0,0,0,0,0,0,0,0,0,0,0,0,0,0,0,0,0,0,0,0,0,0,0,0,0,0,0,0,0,0,0,0,0,0,0,0,0,0,0,0,0,0,0,0,0,0,0,0,0,0,0,1,1,1,1,2,2,2,3,4,5,6,6,6,6,7,7,7,7,8,9,9,11,11,11,12,12,12,16,17,19,20,20,21,21,21,21,22,24,26,26,26,26,29,29,29,29,30,31,32,32,33,33,35,35,35,35,35,36,36,38,38,38,38,38,39,39,39,40,40,40,41,41,42,42,42,42
472,Sacramento-Roseville, CA,-121.48858,38.60275,0,0,0,0,0,0,0,0,0,0,0,0,0,0,0,0,0,0,0,0,0,0,0,0,0,0,0,0,0,0,0,0,0,0,0,0,0,0,0,0,0,0,1,1,1,1,1,1,1,2,2,2,1,2,3,3,3,4,4,4,4,6,6,7,7,8,8,9,10,10,10,13,14,15,23,25,28,31,42,34,35,37,39,41,47,51,51,53,54,55,57,58,66,67,67,67,68,69,70,71,70,70,71,78,78,79,81,82,82,82,82,84,85,88,88,88,89,90,90,90,90,91,91,91,91,91,91,92,92,93,93,95,95,95,95,96,96,96,98,98,99,100,100,116,116
474,Saginaw-Midland-Bay City, MI,-84.05889,43.42189,0,0,0,0,0,0,0,0,0,0,0,0,0,0,0,0,0,0,0,0,0,0,0,0,0,0,0,0,0,0,0,0,0,0,0,0,0,0,0,0,0,0,0,0,0,0,0,0,0,0,0,0,0,0,0,0,0,0,0,0,0,0,0,0,0,0,0,1,1,1,1,1,1,1,1,3,4,8,9,11,11,13,17,21,23,24,28,29,29,35,38,41,44,46,49,50,55,63,68,71,78,81,81,86,88,93,98,99,103,103,105,108,111,116,120,123,123,126,126,128,131,132,136,137,137,138,141,142,142,143,143,144,145,145,145,149,149,149,151,151,151,154,154,154,155
476,St. Louis-St. Charles-Farmington, MO-IL,-90.32361,38.62398,0,0,0,0,0,0,0,0,0,0,0,0,0,0,0,0,0,0,0,0,0,0,0,0,0,0,0,0,0,0,0,0,0,0,0,0,0,0,0,0,0,0,0,0,0,0,0,0,0,0,0,0,0,0,0,0,0,0,1,1,1,2,3,4,4,4,7,10,10,12,14,21,31,36,47,54,68,79,97,106,117,128,137,149,169,188,204,210,218,241,261,283,297,325,348,363,385,399,418,441,458,475,490,501,539,556,580,602,619,631,649,662,691,704,723,737,746,759,779,791,801,808,817,822,828,838,841,850,858,875,881,882,891,903,908,914,922,925,930,938,947,949,947,954,954
480,Salisbury-Cambridge, MD-DE,-75.44259,38.56485,0,0,0,0,0,0,0,0,0,0,0,0,0,0,0,0,0,0,0,0,0,0,0,0,0,0,0,0,0,0,0,0,0,0,0,0,0,0,0,0,0,0,0,0,0,0,0,0,0,0,0,0,0,0,0,0,0,0,0,0,0,0,0,0,1,1,1,2,2,3,4,4,4,4,4,4,4,4,4,4,11,11,18,18,18,20,24,27,29,30,35,39,42,45,48,49,52,59,65,69,74,78,83,85,88,91,97,106,111,111,113,115,122,129,134,139,142,143,145,148,150,152,152,156,163,165,169,172,179,180,181,181,184,185,195,198,200,202,202,204,204,205,206,208,209
482,Salt Lake City-Provo-Orem, UT,-111.89574,40.64554,0,0,0,0,0,0,0,0,0,0,0,0,0,0,0,0,0,0,0,0,0,0,0,0,0,0,0,0,0,0,0,0,0,0,0,0,0,0,0,0,0,0,0,0,0,0,0,0,0,0,0,0,0,0,0,0,0,0,0,0,1,1,1,1,1,1,1,1,3,4,4,6,6,7,7,12,12,12,12,12,12,12,12,12,12,12,20,22,24,25,29,29,32,36,37,37,37,37,41,42,42,45,46,46,51,53,56,56,60,61,62,67,69,69,70,71,73,73,80,82,84,85,89,89,90,92,96,97,98,103,104,104,104,108,108,111,112,112,115,118,119,122,129,129,129
484,San Antonio-New Braunfels-Pearsall, TX,-98.49445,29.44768,0,0,0,0,0,0,0,0,0,0,0,0,0,0,0,0,0,0,0,0,0,0,0,0,0,0,0,0,0,0,0,0,0,0,0,0,0,0,0,0,0,0,0,0,0,0,0,0,0,0,0,0,0,0,0,0,0,0,0,0,1,1,1,2,3,6,6,6,8,8,11,11,11,11,13,14,14,21,25,27,29,32,37,40,40,45,47,47,48,49,49,50,54,54,54,54,54,55,55,60,60,60,60,60,60,61,66,67,67,69,69,69,70,71,71,75,76,76,76,76,77,78,80,81,81,84,84,86,86,88,89,90,91,91,91,94,94,94,94,94,96,96,98,100,104
488,San Jose-San Francisco-Oakland, CA,-121.88237,37.58175,0,0,0,0,0,0,0,0,0,0,0,0,0,0,0,0,0,0,0,0,0,0,0,0,0,0,0,0,0,0,0,0,0,0,0,0,0,0,0,0,0,0,0,0,0,0,0,0,1,1,1,1,1,2,3,5,9,9,14,14,14,17,24,31,36,39,48,52,60,69,75,84,92,102,104,108,126,134,136,145,153,159,170,172,197,213,224,225,227,239,241,267,277,288,295,301,301,316,324,336,349,352,354,358,375,385,389,396,400,403,411,428,432,443,449,455,456,456,473,479,484,491,495,496,497,504,505,510,513,514,517,519,523,528,529,538,539,543,545,558,562,571,579,580,585
496,Savannah-Hinesville-Statesboro, GA,-81.24128,32.02983,0,0,0,0,0,0,0,0,0,0,0,0,0,0,0,0,0,0,0,0,0,0,0,0,0,0,0,0,0,0,0,0,0,0,0,0,0,0,0,0,0,0,0,0,0,0,0,0,0,0,0,0,0,0,0,0,0,0,0,0,0,0,0,0,0,0,0,0,0,2,3,3,4,4,4,6,7,7,7,8,8,8,9,9,9,9,9,9,9,11,11,12,11,11,11,11,12,12,14,14,15,15,15,17,19,19,19,19,19,19,20,21,21,21,21,21,21,21,24,24,27,30,30,30,30,32,32,33,33,33,33,34,36,36,37,38,37,37,39,40,40,40,40,40,40
497,Scottsboro-Fort Payne, AL,-85.87896,34.58021,0,0,0,0,0,0,0,0,0,0,0,0,0,0,0,0,0,0,0,0,0,0,0,0,0,0,0,0,0,0,0,0,0,0,0,0,0,0,0,0,0,0,0,0,0,0,0,0,0,0,0,0,0,0,0,0,0,0,0,0,0,0,0,1,1,1,1,1,1,1,1,1,1,1,1,1,1,1,1,2,2,2,2,2,2,3,4,4,4,4,4,4,4,4,4,4,4,4,4,4,4,4,4,4,4,4,4,4,4,4,4,4,4,4,4,4,4,4,5,5,5,5,5,5,5,5,5,5,5,5,5,5,6,6,6,6,6,6,6,8,8,8,8,8,8
500,Seattle-Tacoma, WA,-121.86219,47.56420,0,0,0,0,0,0,0,0,0,0,0,0,0,0,0,0,0,0,0,0,0,0,0,0,0,0,0,0,0,0,0,0,0,0,0,0,0,0,1,1,6,7,10,11,13,16,18,18,22,23,30,36,38,39,47,52,63,69,77,86,87,100,106,121,133,139,167,174,177,195,202,230,243,262,275,302,317,337,355,376,388,398,402,411,424,444,465,470,490,497,514,535,555,563,573,585,596,613,623,633,640,645,647,653,662,667,677,686,695,704,712,723,729,732,738,744,745,746,762,767,773,778,778,784,789,797,812,820,822,828,828,831,834,839,841,846,847,849,852,858,858,862,866,871,872
508,Shreveport-Bossier City-Minden, LA,-93.82865,32.56067,0,0,0,0,0,0,0,0,0,0,0,0,0,0,0,0,0,0,0,0,0,0,0,0,0,0,0,0,0,0,0,0,0,0,0,0,0,0,0,0,0,0,0,0,0,0,0,0,0,0,0,0,0,0,0,0,0,0,0,0,0,1,1,1,3,4,4,7,7,10,10,15,16,17,27,30,38,40,42,55,57,57,58,75,80,78,79,91,93,96,108,110,111,111,118,120,121,129,136,139,145,146,147,148,157,159,161,164,166,170,171,175,180,184,189,198,198,200,200,201,201,201,201,221,221,223,227,229,236,238,238,239,240,247,247,253,256,257,257,261,261,261,261,265,266
515,South Bend-Elkhart-Mishawaka, IN-MI,-86.22503,41.73818,0,0,0,0,0,0,0,0,0,0,0,0,0,0,0,0,0,0,0,0,0,0,0,0,0,0,0,0,0,0,0,0,0,0,0,0,0,0,0,0,0,0,0,0,0,0,0,0,0,0,0,0,0,0,0,0,0,0,0,0,0,0,0,0,0,1,1,1,1,4,5,6,6,6,6,6,7,7,8,9,11,12,12,14,17,19,20,21,21,22,24,27,29,30,31,36,38,42,43,43,47,51,54,57,58,64,65,67,69,69,72,77,79,81,82,83,84,85,91,95,103,107,107,107,107,113,114,115,116,116,117,120,121,123,124,126,129,133,136,137,138,141,148,148,150
518,Spokane-Spokane Valley-Coeur d'Alene, WA-ID,-117.41648,47.64164,0,0,0,0,0,0,0,0,0,0,0,0,0,0,0,0,0,0,0,0,0,0,0,0,0,0,0,0,0,0,0,0,0,0,0,0,0,0,0,0,0,0,0,0,0,0,0,0,0,0,0,0,0,0,0,0,0,0,0,0,0,0,0,0,0,0,2,2,4,4,5,5,7,10,11,12,12,13,14,17,14,14,15,16,18,18,18,18,18,18,20,20,20,20,20,20,21,21,21,22,23,23,23,23,24,25,27,28,29,29,30,30,30,30,31,31,31,31,32,32,32,32,32,32,32,32,32,32,33,33,33,34,35,35,35,36,36,36,36,38,38,38,38,38,38
522,Springfield-Jacksonville-Lincoln, IL,-89.64694,39.73313,0,0,0,0,0,0,0,0,0,0,0,0,0,0,0,0,0,0,0,0,0,0,0,0,0,0,0,0,0,0,0,0,0,0,0,0,0,0,0,0,0,0,0,0,0,0,0,0,0,0,0,0,0,0,0,0,0,1,1,1,1,1,1,1,1,1,1,1,1,2,3,4,5,5,5,5,6,6,6,6,6,6,7,7,8,9,8,8,9,9,9,9,10,11,11,11,13,13,14,14,15,16,16,16,19,19,20,24,24,24,24,26,28,29,30,30,30,30,30,30,31,31,31,31,31,31,32,33,34,34,34,34,34,34,34,34,36,36,36,36,36,36,37,37,37
524,State College-DuBois, PA,-77.82201,40.92059,0,0,0,0,0,0,0,0,0,0,0,0,0,0,0,0,0,0,0,0,0,0,0,0,0,0,0,0,0,0,0,0,0,0,0,0,0,0,0,0,0,0,0,0,0,0,0,0,0,0,0,0,0,0,0,0,0,0,0,0,0,0,0,0,0,0,0,0,0,0,0,0,0,0,0,0,0,0,0,0,0,0,0,0,0,0,1,1,1,1,2,2,2,2,1,1,1,1,1,1,1,1,1,1,1,1,1,1,2,2,2,2,4,6,6,6,6,5,5,5,5,5,6,6,6,6,6,6,6,7,7,7,7,7,7,7,7,7,7,7,7,7,7,7,7
525,Steamboat Springs-Craig, CO,-106.99055,40.48597,0,0,0,0,0,0,0,0,0,0,0,0,0,0,0,0,0,0,0,0,0,0,0,0,0,0,0,0,0,0,0,0,0,0,0,0,0,0,0,0,0,0,0,0,0,0,0,0,0,0,0,0,0,0,0,0,0,0,0,0,0,0,0,0,0,0,0,0,0,0,0,0,0,0,0,0,0,0,0,0,0,0,0,0,0,1,1,2,2,2,2,2,2,4,4,4,4,4,4,4,5,5,5,6,6,6,6,6,6,6,6,6,6,6,6,6,6,6,6,6,6,6,6,6,6,6,6,6,6,6,6,6,6,6,6,6,6,6,6,6,6,6,6,6,6
532,Syracuse-Auburn, NY,-76.15501,43.00269,0,0,0,0,0,0,0,0,0,0,0,0,0,0,0,0,0,0,0,0,0,0,0,0,0,0,0,0,0,0,0,0,0,0,0,0,0,0,0,0,0,0,0,0,0,0,0,0,0,0,0,0,0,0,0,0,0,0,0,0,0,0,2,2,2,2,2,2,2,2,3,4,5,6,7,7,10,11,13,14,14,15,17,17,18,23,23,25,27,29,29,30,31,33,33,33,35,35,39,39,43,43,43,47,47,51,51,75,79,79,79,90,93,95,101,102,102,102,115,115,115,115,129,129,129,129,141,141,145,145,145,153,153,153,168,169,169,171,171,171,171,171,188,188,188
534,Toledo-Findlay-Tiffin, OH,-83.59713,41.56722,0,0,0,0,0,0,0,0,0,0,0,0,0,0,0,0,0,0,0,0,0,0,0,0,0,0,0,0,0,0,0,0,0,0,0,0,0,0,0,0,0,0,0,0,0,0,0,0,0,0,0,0,0,0,0,0,0,0,1,1,1,1,1,2,2,2,2,2,3,4,4,4,5,8,9,13,17,20,20,20,28,28,29,33,37,37,38,44,46,49,53,61,74,77,79,80,83,91,140,144,151,151,151,154,170,189,195,201,204,205,208,225,240,249,260,259,260,264,267,272,278,280,293,294,294,294,304,313,313,318,318,325,331,336,344,344,348,348,349,351,355,359,359,367,367
536,Tucson-Nogales, AZ,-111.74095,32.06792,0,0,0,0,0,0,0,0,0,0,0,0,0,0,0,0,0,0,0,0,0,0,0,0,0,0,0,0,0,0,0,0,0,0,0,0,0,0,0,0,0,0,0,0,0,0,0,0,0,0,0,0,0,0,0,0,0,0,0,0,0,0,1,1,1,4,4,4,4,4,4,11,11,11,12,13,13,16,16,16,16,29,29,29,29,29,29,56,56,58,65,68,70,74,76,76,76,76,80,80,81,81,81,81,105,116,118,131,133,134,134,136,144,152,155,157,157,157,158,167,174,174,173,172,173,173,175,186,185,185,185,185,191,196,202,203,208,208,208,215,220,224,231,235,235
538,Tulsa-Muskogee-Bartlesville, OK,-95.89604,36.25257,0,0,0,0,0,0,0,0,0,0,0,0,0,0,0,0,0,0,0,0,0,0,0,0,0,0,0,0,0,0,0,0,0,0,0,0,0,0,0,0,0,0,0,0,0,0,0,0,0,0,0,0,0,0,0,0,0,1,1,1,2,2,2,2,2,3,6,6,6,8,8,12,15,17,17,18,29,32,32,36,36,38,38,43,50,52,52,52,55,55,66,68,73,76,78,79,80,87,90,91,95,98,98,98,100,101,106,108,109,110,110,110,110,111,112,112,112,112,114,116,118,119,122,122,122,125,129,129,131,134,134,134,138,138,140,141,141,142,142,144,144,145,146,146,146
539,Tupelo-Corinth, MS,-88.60117,34.34090,0,0,0,0,0,0,0,0,0,0,0,0,0,0,0,0,0,0,0,0,0,0,0,0,0,0,0,0,0,0,0,0,0,0,0,0,0,0,0,0,0,0,0,0,0,0,0,0,0,0,0,0,0,0,0,0,0,0,0,0,0,0,0,0,0,0,1,1,1,1,1,1,2,2,2,3,3,3,3,3,4,5,5,6,6,6,7,7,7,7,7,7,7,7,9,9,9,9,10,11,11,12,12,12,14,15,15,15,15,15,16,16,16,16,16,17,17,17,18,18,18,18,19,19,19,19,19,19,20,20,20,20,21,21,22,22,23,23,24,24,26,26,26,26,26
540,Tyler-Jacksonville, TX,-95.23637,32.19558,0,0,0,0,0,0,0,0,0,0,0,0,0,0,0,0,0,0,0,0,0,0,0,0,0,0,0,0,0,0,0,0,0,0,0,0,0,0,0,0,0,0,0,0,0,0,0,0,0,0,0,0,0,0,0,0,0,0,0,0,0,0,0,1,1,1,1,1,1,1,1,1,1,1,1,2,2,2,2,2,2,2,2,3,2,3,3,3,3,3,4,4,4,4,4,4,4,4,4,4,4,4,4,4,4,4,4,4,4,4,4,4,4,4,4,4,4,4,5,6,6,6,6,6,6,6,6,6,6,6,6,6,6,6,6,6,6,6,6,6,6,6,6,6,6
544,Victoria-Port Lavaca, TX,-96.87219,28.70854,0,0,0,0,0,0,0,0,0,0,0,0,0,0,0,0,0,0,0,0,0,0,0,0,0,0,0,0,0,0,0,0,0,0,0,0,0,0,0,0,0,0,0,0,0,0,0,0,0,0,0,0,0,0,0,0,0,0,0,0,0,0,0,0,0,0,0,0,0,0,0,0,0,0,0,0,0,0,0,0,0,0,0,0,1,1,1,1,2,2,2,3,4,4,4,4,4,6,6,6,6,8,8,8,8,8,8,8,8,8,8,9,9,9,9,9,10,10,10,10,10,10,10,10,10,10,10,10,10,10,10,10,10,10,10,10,10,10,10,10,11,11,11,11,11
545,Virginia Beach-Norfolk, VA-NC,-76.43905,36.80396,0,0,0,0,0,0,0,0,0,0,0,0,0,0,0,0,0,0,0,0,0,0,0,0,0,0,0,0,0,0,0,0,0,0,0,0,0,0,0,0,0,0,0,0,0,0,0,0,0,0,0,0,1,1,2,2,2,2,2,2,5,5,6,6,6,6,7,7,7,7,7,7,7,7,7,7,7,7,8,8,8,8,8,8,10,13,23,23,23,26,27,50,50,53,56,56,57,62,66,68,75,79,83,83,88,91,98,100,102,102,105,109,110,112,115,115,117,119,123,126,127,131,131,135,139,142,141,142,146,147,147,149,149,150,151,152,153,153,153,161,162,162,163,164,164
548,Washington-Baltimore-Arlington, DC-MD-VA-WV-PA,-77.00380,39.05173,0,0,0,0,0,0,0,0,0,0,0,0,0,0,0,0,0,0,0,0,0,0,0,0,0,0,0,0,0,0,0,0,0,0,0,0,0,0,0,0,0,0,0,0,0,0,0,0,0,0,0,0,0,0,0,0,0,1,3,3,6,6,7,7,9,9,12,19,28,32,33,52,62,79,93,119,129,163,189,235,280,313,339,394,409,455,484,575,618,663,722,854,934,1003,1092,1121,1226,1299,1408,1512,1556,1672,1754,1810,1888,1970,2041,2145,2213,2274,2311,2418,2526,2603,2674,2736,2791,2841,2918,2998,3066,3139,3206,3241,3302,3352,3439,3503,3568,3622,3653,3691,3736,3803,3853,3900,3947,3978,3992,4041,4083,4111,4156,4187,4212
554,Wausau-Stevens Point-Wisconsin Rapids, WI,-89.90011,44.67665,0,0,0,0,0,0,0,0,0,0,0,0,0,0,0,0,0,0,0,0,0,0,0,0,0,0,0,0,0,0,0,0,0,0,0,0,0,0,0,0,0,0,0,0,0,0,0,0,0,0,0,0,0,0,0,0,0,0,0,0,0,0,0,0,0,0,0,0,0,0,0,0,0,0,0,0,0,0,0,0,0,1,1,1,1,1,1,1,1,1,1,1,1,1,1,1,1,1,1,1,1,1,1,1,1,1,1,1,1,1,1,1,1,1,1,1,1,1,1,1,1,1,2,2,2,2,2,2,2,2,2,2,2,2,2,2,2,2,2,2,2,2,2,2,2
556,Wichita-Winfield, KS,-97.43835,37.65116,0,0,0,0,0,0,0,0,0,0,0,0,0,0,0,0,0,0,0,0,0,0,0,0,0,0,0,0,0,0,0,0,0,0,0,0,0,0,0,0,0,0,0,0,0,0,0,0,0,0,0,0,0,0,0,0,0,0,0,0,0,0,0,0,0,0,0,0,1,1,1,1,1,1,1,1,1,1,2,2,4,4,4,5,5,5,5,5,6,6,7,7,8,8,8,8,8,8,11,11,13,14,15,15,17,19,20,20,21,21,21,22,22,22,22,22,22,22,22,22,23,23,23,23,23,23,23,23,23,23,23,23,23,23,23,23,23,23,24,24,24,25,25,27,27
558,Williamsport-Lock Haven, PA,-77.15203,41.32652,0,0,0,0,0,0,0,0,0,0,0,0,0,0,0,0,0,0,0,0,0,0,0,0,0,0,0,0,0,0,0,0,0,0,0,0,0,0,0,0,0,0,0,0,0,0,0,0,0,0,0,0,0,0,0,0,0,0,0,0,0,0,0,0,0,0,0,0,0,0,0,0,0,0,0,0,0,0,0,0,0,0,0,0,0,0,0,0,0,0,2,2,2,2,0,0,0,0,0,0,1,1,2,3,4,4,4,4,4,4,4,5,7,7,7,7,7,8,9,9,10,12,14,15,15,15,16,18,18,20,20,20,20,20,20,20,20,20,20,20,20,20,20,20,20
566,Youngstown-Warren, OH-PA,-80.76296,41.02886,0,0,0,0,0,0,0,0,0,0,0,0,0,0,0,0,0,0,0,0,0,0,0,0,0,0,0,0,0,0,0,0,0,0,0,0,0,0,0,0,0,0,0,0,0,0,0,0,0,0,0,0,0,0,0,0,0,0,0,0,0,0,0,0,3,4,5,5,8,13,15,19,22,24,27,30,32,42,42,42,45,45,47,56,64,66,71,75,81,84,92,94,101,107,108,109,113,116,135,135,137,138,139,140,156,172,183,190,194,194,197,209,211,219,228,229,229,234,244,250,256,256,265,265,265,270,274,275,277,279,280,285,293,296,300,302,306,306,308,309,309,316,318,330,330
