Key,State,Name,Longitude,Latitude,1/22/20,1/23/20,1/24/20,1/25/20,1/26/20,1/27/20,1/28/20,1/29/20,1/30/20,1/31/20,2/1/20,2/2/20,2/3/20,2/4/20,2/5/20,2/6/20,2/7/20,2/8/20,2/9/20,2/10/20,2/11/20,2/12/20,2/13/20,2/14/20,2/15/20,2/16/20,2/17/20,2/18/20,2/19/20,2/20/20,2/21/20,2/22/20,2/23/20,2/24/20,2/25/20,2/26/20,2/27/20,2/28/20,2/29/20,3/1/20,3/2/20,3/3/20,3/4/20,3/5/20,3/6/20,3/7/20,3/8/20,3/9/20,3/10/20,3/11/20,3/12/20,3/13/20,3/14/20,3/15/20,3/16/20,3/17/20,3/18/20,3/19/20,3/20/20,3/21/20,3/22/20,3/23/20,3/24/20,3/25/20,3/26/20,3/27/20,3/28/20,3/29/20,3/30/20,3/31/20,4/1/20,4/2/20,4/3/20,4/4/20,4/5/20,4/6/20,4/7/20,4/8/20,4/9/20,4/10/20,4/11/20,4/12/20,4/13/20,4/14/20,4/15/20,4/16/20,4/17/20,4/18/20,4/19/20,4/20/20,4/21/20,4/22/20,4/23/20,4/24/20
199,MD,Aberdeen--Bel Air South--Bel Air North,-76.30775940000002,39.55010644,0,0,0,0,0,0,0,0,0,0,0,0,0,0,0,0,0,0,0,0,0,0,0,0,0,0,0,0,0,0,0,0,0,0,0,0,0,0,0,0,0,0,0,0,0,0,1,1,1,1,1,1,2,2,2,2,3,3,5,5,5,5,5,5,9,18,21,23,24,25,34,37,41,44,52,55,59,86,101,110,120,129,142,147,152,161,176,195,210,226,232,267,280,289
577,MI,Adrian,-84.06603727,41.89475156,0,0,0,0,0,0,0,0,0,0,0,0,0,0,0,0,0,0,0,0,0,0,0,0,0,0,0,0,0,0,0,0,0,0,0,0,0,0,0,0,0,0,0,0,0,0,0,0,0,0,0,0,0,0,0,0,0,0,0,0,0,0,0,3,5,8,11,15,15,18,22,24,24,27,31,32,32,36,39,39,43,47,50,53,56,59,59,62,64,65,71,77,80,80
766,OH,Akron,-81.42556222742941,41.13834753797919,0,0,0,0,0,0,0,0,0,0,0,0,0,0,0,0,0,0,0,0,0,0,0,0,0,0,0,0,0,0,0,0,0,0,0,0,0,0,0,0,0,0,0,0,0,0,0,0,0,0,0,1,2,2,2,4,4,6,10,15,24,30,40,46,58,78,98,126,150,169,188,214,229,258,268,283,300,319,337,359,377,394,406,419,452,472,489,508,526,550,571,612,653,673
1009,MN,Albert Lea,-93.34884422,43.67385583,0,0,0,0,0,0,0,0,0,0,0,0,0,0,0,0,0,0,0,0,0,0,0,0,0,0,0,0,0,0,0,0,0,0,0,0,0,0,0,0,0,0,0,0,0,0,0,0,0,0,0,0,0,0,0,0,0,0,0,0,0,0,0,0,0,0,0,0,0,0,2,5,7,10,10,11,14,17,20,21,22,24,24,27,27,27,28,31,34,33,33,33,33,33
1171,NM,Albuquerque,-106.6703554,35.05163625,0,0,0,0,0,0,0,0,0,0,0,0,0,0,0,0,0,0,0,0,0,0,0,0,0,0,0,0,0,0,0,0,0,0,0,0,0,0,0,0,0,0,0,0,0,0,0,0,0,1,2,5,6,6,14,14,16,20,23,32,32,38,43,48,48,55,93,101,101,129,129,148,202,202,246,262,307,307,325,407,407,440,455,455,477,477,491,527,542,566,566,600,631,651
1225,IL,Aledo,-90.74290052,41.20596782,0,0,0,0,0,0,0,0,0,0,0,0,0,0,0,0,0,0,0,0,0,0,0,0,0,0,0,0,0,0,0,0,0,0,0,0,0,0,0,0,0,0,0,0,0,0,0,0,0,0,0,0,0,0,0,0,0,0,0,0,0,0,0,0,0,0,0,0,0,0,0,1,1,1,2,2,2,2,2,2,2,2,2,3,3,4,4,5,5,5,5,5,6,7
1495,PA--NJ,Allentown,-75.30471829,40.75182733,0,0,0,0,0,0,0,0,0,0,0,0,0,0,0,0,0,0,0,0,0,0,0,0,0,0,0,0,0,0,0,0,0,0,0,0,0,0,0,0,0,0,0,0,0,0,0,0,0,0,1,1,1,1,1,1,1,5,10,17,21,23,33,44,56,79,94,126,184,245,312,378,466,588,636,716,774,857,949,994,1039,1082,1130,1176,1251,1296,1335,1396,1441,1469,1544,1591,1656,1716
2413,SC,Anderson,-82.63959517,34.51828081,0,0,0,0,0,0,0,0,0,0,0,0,0,0,0,0,0,0,0,0,0,0,0,0,0,0,0,0,0,0,0,0,0,0,0,0,0,0,0,0,0,0,0,0,0,0,0,0,0,0,0,0,0,0,2,2,2,2,6,10,10,15,16,19,19,21,24,29,31,39,47,57,62,68,69,72,75,75,96,100,102,106,109,111,114,119,127,133,132,134,134,135,137,140
2548,IN,Angola,-85.00101094,41.64423868,0,0,0,0,0,0,0,0,0,0,0,0,0,0,0,0,0,0,0,0,0,0,0,0,0,0,0,0,0,0,0,0,0,0,0,0,0,0,0,0,0,0,0,0,0,0,0,0,0,0,0,0,0,0,0,0,0,0,0,0,0,0,0,0,0,0,0,1,1,1,2,2,2,4,6,8,9,10,12,12,12,12,12,12,13,14,16,17,17,17,17,18,18,20
3331,NC,Asheboro,-79.80570339,35.71015088,0,0,0,0,0,0,0,0,0,0,0,0,0,0,0,0,0,0,0,0,0,0,0,0,0,0,0,0,0,0,0,0,0,0,0,0,0,0,0,0,0,0,0,0,0,0,0,0,0,0,0,0,0,0,0,0,0,0,0,0,0,1,3,3,3,8,9,15,15,17,17,19,19,26,29,33,35,37,42,46,51,51,53,55,60,63,67,69,74,77,78,97,97,107
3358,NC,Asheville,-82.4766782,35.33788927,0,0,0,0,0,0,0,0,0,0,0,0,0,0,0,0,0,0,0,0,0,0,0,0,0,0,0,0,0,0,0,0,0,0,0,0,0,0,0,0,0,0,0,0,0,0,0,0,0,0,0,0,0,0,0,0,0,0,0,0,1,2,2,2,6,7,9,13,13,18,18,22,22,25,50,51,51,51,55,58,68,76,97,99,99,106,106,108,120,128,129,147,145,156
3655,AL,Athens,-86.98310072,34.81185586,0,0,0,0,0,0,0,0,0,0,0,0,0,0,0,0,0,0,0,0,0,0,0,0,0,0,0,0,0,0,0,0,0,0,0,0,0,0,0,0,0,0,0,0,0,0,0,0,0,0,0,0,1,1,1,1,1,1,1,1,1,1,4,6,13,14,16,16,20,22,23,25,30,31,31,33,32,32,34,36,36,37,37,37,37,38,40,40,40,40,40,39,40,41
3682,OH,Athens,-82.04278644,39.33425634,0,0,0,0,0,0,0,0,0,0,0,0,0,0,0,0,0,0,0,0,0,0,0,0,0,0,0,0,0,0,0,0,0,0,0,0,0,0,0,0,0,0,0,0,0,0,0,0,0,0,0,0,0,0,0,0,0,0,0,0,0,0,0,0,1,1,2,3,3,3,3,3,3,3,3,3,3,3,3,3,3,3,3,3,3,3,3,3,3,3,3,3,4,3
3709,TN,Athens,-84.61520714999999,35.42812616,0,0,0,0,0,0,0,0,0,0,0,0,0,0,0,0,0,0,0,0,0,0,0,0,0,0,0,0,0,0,0,0,0,0,0,0,0,0,0,0,0,0,0,0,0,0,0,0,0,0,0,0,0,0,0,0,0,0,0,0,1,2,2,2,3,3,3,3,3,3,3,3,3,3,3,3,3,3,3,4,4,4,5,5,5,5,6,6,6,6,6,6,6,7
3736,TX,Athens,-95.85846587,32.21128872,0,0,0,0,0,0,0,0,0,0,0,0,0,0,0,0,0,0,0,0,0,0,0,0,0,0,0,0,0,0,0,0,0,0,0,0,0,0,0,0,0,0,0,0,0,0,0,0,0,0,0,0,0,0,0,0,0,0,0,0,0,0,0,0,0,0,0,1,1,1,1,1,1,1,2,2,6,4,6,8,10,10,10,10,11,12,12,13,13,13,19,19,22,22
3763,GA,Athens-Clarke County,-83.37124007,33.95436462,0,0,0,0,0,0,0,0,0,0,0,0,0,0,0,0,0,0,0,0,0,0,0,0,0,0,0,0,0,0,0,0,0,0,0,0,0,0,0,0,0,0,0,0,0,0,0,0,0,0,0,0,0,2,3,3,5,8,10,9,9,14,16,19,24,32,35,35,41,50,51,54,57,60,62,69,77,81,81,81,82,83,85,95,98,102,106,106,108,114,114,118,122,127
3817,GA,Atlanta,-84.34020815304902,33.79912969480943,0,0,0,0,0,0,0,0,0,0,0,0,0,0,0,0,0,0,0,0,0,0,0,0,0,0,0,0,0,0,0,0,0,0,0,0,0,0,0,0,0,2,2,2,2,4,4,9,15,20,22,28,50,71,87,105,135,181,252,283,329,425,529,599,717,992,1225,1371,1507,1943,2113,2382,2832,3121,3345,3634,4011,4352,4545,4844,5086,5278,5763,6507,6720,7052,7606,7805,8079,8515,8617,8915,9481,9708
4087,NE,Auburn,-95.85433992,40.38514847,0,0,0,0,0,0,0,0,0,0,0,0,0,0,0,0,0,0,0,0,0,0,0,0,0,0,0,0,0,0,0,0,0,0,0,0,0,0,0,0,0,0,0,0,0,0,0,0,0,0,0,0,0,0,0,0,0,0,1,1,1,1,1,1,1,1,1,1,1,1,1,1,1,1,1,1,1,1,1,1,1,1,1,1,1,1,1,1,1,1,1,1,1,1
4114,NY,Auburn,-76.55731592,42.91261714,0,0,0,0,0,0,0,0,0,0,0,0,0,0,0,0,0,0,0,0,0,0,0,0,0,0,0,0,0,0,0,0,0,0,0,0,0,0,0,0,0,0,0,0,0,0,0,0,0,0,0,0,0,0,0,0,0,0,0,0,0,0,2,2,2,2,2,2,3,4,4,4,6,7,8,11,14,14,16,27,28,31,31,33,36,36,36,36,36,36,36,36,37,39
4222,GA--SC,Augusta-Richmond County,-82.07026432,33.35777107,0,0,0,0,0,0,0,0,0,0,0,0,0,0,0,0,0,0,0,0,0,0,0,0,0,0,0,0,0,0,0,0,0,0,0,0,0,0,0,0,0,0,0,0,0,0,0,0,0,0,0,0,0,0,0,3,1,2,8,10,10,11,11,11,10,11,12,12,13,40,41,41,50,51,51,56,74,76,84,95,138,140,147,162,168,189,238,258,264,283,295,313,335,353
4303,NE,Aurora,-98.02099117,40.87349452,0,0,0,0,0,0,0,0,0,0,0,0,0,0,0,0,0,0,0,0,0,0,0,0,0,0,0,0,0,0,0,0,0,0,0,0,0,0,0,0,0,0,0,0,0,0,0,0,0,0,0,0,0,0,0,0,0,0,0,0,0,0,0,0,0,0,0,0,0,0,0,2,3,4,6,6,7,7,8,9,10,11,11,13,13,14,14,16,19,20,22,27,28,32
4384,TX,Austin,-97.7853562,30.33432034,0,0,0,0,0,0,0,0,0,0,0,0,0,0,0,0,0,0,0,0,0,0,0,0,0,0,0,0,0,0,0,0,0,0,0,0,0,0,0,0,0,0,0,0,0,0,0,0,0,0,0,2,3,3,6,10,23,41,58,62,62,79,86,98,119,160,179,200,206,244,244,351,351,430,484,502,502,554,597,642,690,744,774,856,900,977,1074,1074,1092,1108,1174,1233,1312,1379
4627,GA,Bainbridge,-84.57619536,30.87967778,0,0,0,0,0,0,0,0,0,0,0,0,0,0,0,0,0,0,0,0,0,0,0,0,0,0,0,0,0,0,0,0,0,0,0,0,0,0,0,0,0,0,0,0,0,0,0,0,0,0,0,0,0,0,0,0,0,0,0,0,0,0,0,1,2,2,3,4,5,7,8,9,12,16,17,20,17,30,21,26,27,29,36,46,47,54,55,55,61,61,59,50,61,59
4843,MD,Baltimore,-76.61676932691097,39.29130171619494,0,0,0,0,0,0,0,0,0,0,0,0,0,0,0,0,0,0,0,0,0,0,0,0,0,0,0,0,0,0,0,0,0,0,0,0,0,0,0,0,0,0,0,0,0,0,0,0,0,0,1,3,3,6,7,11,18,25,33,49,70,86,107,135,194,254,341,390,448,541,668,824,989,1123,1303,1426,1481,1903,2122,2315,2544,2728,2958,3122,3390,3572,3808,4047,4172,4484,4624,4804,5098,5335
5059,KY,Bardstown,-85.4657193,37.80335779,0,0,0,0,0,0,0,0,0,0,0,0,0,0,0,0,0,0,0,0,0,0,0,0,0,0,0,0,0,0,0,0,0,0,0,0,0,0,0,0,0,0,0,0,0,0,0,0,0,0,0,0,1,1,1,1,1,1,1,1,1,1,1,1,1,1,1,2,3,3,3,3,3,4,4,4,4,4,7,7,7,10,10,13,13,14,13,13,13,13,13,14,14,17
5464,TX,Bastrop,-97.31206354,30.10370699,0,0,0,0,0,0,0,0,0,0,0,0,0,0,0,0,0,0,0,0,0,0,0,0,0,0,0,0,0,0,0,0,0,0,0,0,0,0,0,0,0,0,0,0,0,0,0,0,0,0,0,0,0,0,0,0,0,0,0,0,0,0,1,1,2,2,4,5,6,6,8,10,10,10,10,11,15,17,18,23,26,26,27,27,32,38,42,42,44,44,49,51,53,57
5491,NY,Batavia,-78.19135193,43.0022601,0,0,0,0,0,0,0,0,0,0,0,0,0,0,0,0,0,0,0,0,0,0,0,0,0,0,0,0,0,0,0,0,0,0,0,0,0,0,0,0,0,0,0,0,0,0,0,0,0,0,0,0,0,0,0,0,1,1,1,1,1,1,1,2,4,6,7,9,9,11,13,16,17,20,22,23,33,47,56,65,67,70,71,76,76,78,83,87,117,119,121,122,126,127
5680,LA,Baton Rouge,-91.05255552364324,30.45646700792704,0,0,0,0,0,0,0,0,0,0,0,0,0,0,0,0,0,0,0,0,0,0,0,0,0,0,0,0,0,0,0,0,0,0,0,0,0,0,0,0,0,0,0,0,0,0,0,0,0,0,0,0,0,0,1,2,3,7,10,30,30,69,94,140,196,214,260,303,341,389,433,526,611,905,942,1163,1250,1301,1370,1485,1573,1651,1705,1733,1765,1840,1892,1972,2020,2046,2075,2136,2172,2248
6031,SC,Beaufort--Port Royal,-80.72619758,32.39226291,0,0,0,0,0,0,0,0,0,0,0,0,0,0,0,0,0,0,0,0,0,0,0,0,0,0,0,0,0,0,0,0,0,0,0,0,0,0,0,0,0,0,0,0,0,0,0,0,0,0,0,0,3,3,3,4,6,7,8,13,14,21,22,26,26,35,39,50,74,91,101,130,131,148,156,163,169,169,184,186,191,194,194,198,205,206,214,220,225,225,225,236,241,244
6166,IN,Bedford,-86.48361629,38.84112637,0,0,0,0,0,0,0,0,0,0,0,0,0,0,0,0,0,0,0,0,0,0,0,0,0,0,0,0,0,0,0,0,0,0,0,0,0,0,0,0,0,0,0,0,0,0,0,0,0,0,0,0,0,0,0,0,0,0,0,0,0,0,1,1,2,5,5,8,9,9,11,12,22,36,39,39,44,55,56,59,63,68,71,73,73,74,76,77,79,81,83,83,86,87
6274,TX,Beeville,-97.74215593000001,28.41761668,0,0,0,0,0,0,0,0,0,0,0,0,0,0,0,0,0,0,0,0,0,0,0,0,0,0,0,0,0,0,0,0,0,0,0,0,0,0,0,0,0,0,0,0,0,0,0,0,0,0,0,0,0,0,0,0,0,0,0,0,0,0,0,0,0,0,0,0,0,0,0,0,0,0,0,0,0,0,1,2,2,2,2,3,3,3,5,5,5,5,5,5,6,6
7030,IL,Benton,-88.92567818,37.99189086,0,0,0,0,0,0,0,0,0,0,0,0,0,0,0,0,0,0,0,0,0,0,0,0,0,0,0,0,0,0,0,0,0,0,0,0,0,0,0,0,0,0,0,0,0,0,0,0,0,0,0,0,0,0,0,0,0,0,0,0,0,0,0,0,0,1,1,2,1,1,1,1,1,1,1,2,2,2,2,3,3,4,4,4,4,4,5,5,5,5,6,8,8,8
7786,AL,Birmingham,-86.89506300000001,33.55554728,0,0,0,0,0,0,0,0,0,0,0,0,0,0,0,0,0,0,0,0,0,0,0,0,0,0,0,0,0,0,0,0,0,0,0,0,0,0,0,0,0,0,0,0,0,0,0,0,0,0,0,1,1,5,17,21,25,34,50,61,71,86,91,129,159,177,195,245,254,270,292,314,351,373,416,423,457,479,507,536,579,597,612,620,625,634,651,671,682,688,698,726,778,797
8002,VA,Blacksburg,-80.56027320000003,37.12222899,0,0,0,0,0,0,0,0,0,0,0,0,0,0,0,0,0,0,0,0,0,0,0,0,0,0,0,0,0,0,0,0,0,0,0,0,0,0,0,0,0,0,0,0,0,0,0,0,0,0,0,0,0,0,0,0,0,0,0,0,0,0,0,1,1,1,1,1,1,1,1,1,1,1,1,1,1,1,1,1,1,1,1,1,1,1,1,1,1,1,1,2,2,2
8380,IN,Bloomington,-86.52414358,39.16130004,0,0,0,0,0,0,0,0,0,0,0,0,0,0,0,0,0,0,0,0,0,0,0,0,0,0,0,0,0,0,0,0,0,0,0,0,0,0,0,0,0,0,0,0,0,0,0,0,0,0,0,0,0,0,0,0,0,1,0,1,1,1,3,4,6,8,16,22,26,30,33,36,40,45,48,48,54,60,61,70,75,83,87,91,95,102,108,113,114,114,115,118,118,118
8812,MO,Bolivar,-93.39828174,37.616229600000004,0,0,0,0,0,0,0,0,0,0,0,0,0,0,0,0,0,0,0,0,0,0,0,0,0,0,0,0,0,0,0,0,0,0,0,0,0,0,0,0,0,0,0,0,0,0,0,0,0,0,0,0,0,0,0,0,0,0,0,0,0,0,0,0,0,0,0,0,0,0,0,0,0,0,0,0,1,1,1,1,1,1,1,1,1,1,1,1,1,1,1,1,1,1
9271,MA--NH--RI,Boston,-71.13712070355815,42.37315199856115,0,0,0,0,0,0,0,0,0,0,1,1,1,1,1,1,1,1,1,1,1,1,1,1,1,1,1,1,1,1,1,1,1,1,1,1,1,1,1,1,1,2,2,2,6,6,21,21,35,84,97,112,125,125,166,187,215,267,334,415,485,573,849,1288,1663,2246,2919,3364,3917,4694,5481,6364,7413,8394,9030,9981,11059,12353,13936,15544,16898,18862,19954,20896,22284,24079,25676,27254,28585,28585,30916,32402,34752,38385
9379,KY,Bowling Green,-86.42672751,36.99903045,0,0,0,0,0,0,0,0,0,0,0,0,0,0,0,0,0,0,0,0,0,0,0,0,0,0,0,0,0,0,0,0,0,0,0,0,0,0,0,0,0,0,0,0,0,0,0,0,0,0,0,0,0,0,0,0,0,0,2,2,2,4,4,5,5,5,5,9,12,13,13,13,13,18,21,21,21,21,24,24,24,49,49,47,52,71,71,87,95,101,112,131,130,165
9433,OH,Bowling Green,-83.62285108,41.36224827,0,0,0,0,0,0,0,0,0,0,0,0,0,0,0,0,0,0,0,0,0,0,0,0,0,0,0,0,0,0,0,0,0,0,0,0,0,0,0,0,0,0,0,0,0,0,0,0,0,0,0,0,0,0,0,0,0,0,0,0,1,2,2,3,6,8,10,12,13,15,15,18,20,23,29,34,38,41,42,49,52,54,54,61,64,67,73,80,84,84,92,98,105,122
9946,WA,Bremerton,-122.6436061,47.63479026,0,0,0,0,0,0,0,0,0,0,0,0,0,0,0,0,0,0,0,0,0,0,0,0,0,0,0,0,0,0,0,0,0,0,0,0,0,0,0,0,0,0,0,0,0,0,0,0,1,2,2,3,3,3,7,7,9,12,12,15,18,18,18,20,33,33,42,50,56,74,74,83,95,99,104,104,119,119,120,126,128,132,132,132,132,132,135,135,138,138,138,141,144,143
10351,TN--VA,Bristol--Bristol,-81.96333799741936,36.7199604516129,0,0,0,0,0,0,0,0,0,0,0,0,0,0,0,0,0,0,0,0,0,0,0,0,0,0,0,0,0,0,0,0,0,0,0,0,0,0,0,0,0,0,0,0,0,0,0,0,0,0,0,0,0,0,0,0,0,0,0,0,0,0,0,0,1,2,2,3,3,3,3,3,4,4,6,6,11,13,16,18,25,25,29,29,28,28,29,28,30,30,30,30,31,31
11269,VA,Buena Vista,-79.35296097,37.73484642,0,0,0,0,0,0,0,0,0,0,0,0,0,0,0,0,0,0,0,0,0,0,0,0,0,0,0,0,0,0,0,0,0,0,0,0,0,0,0,0,0,0,0,0,0,0,0,0,0,0,0,0,0,0,0,0,0,0,0,0,0,0,0,0,0,0,0,0,0,0,0,0,1,1,4,4,4,4,4,4,4,4,4,4,4,4,5,5,5,5,5,5,5,5
11350,NY,Buffalo,-78.73063652,42.76249024,0,0,0,0,0,0,0,0,0,0,0,0,0,0,0,0,0,0,0,0,0,0,0,0,0,0,0,0,0,0,0,0,0,0,0,0,0,0,0,0,0,0,0,0,0,0,0,0,0,0,0,0,3,3,7,11,20,28,47,50,56,87,114,122,206,245,318,414,443,499,582,617,734,808,1059,1148,1234,1335,1432,1498,1506,1571,1661,1730,1812,1951,2023,2023,2192,2192,2284,2284,2450,2603
11728,NC,Burlington,-79.39976137,36.0434701,0,0,0,0,0,0,0,0,0,0,0,0,0,0,0,0,0,0,0,0,0,0,0,0,0,0,0,0,0,0,0,0,0,0,0,0,0,0,0,0,0,0,0,0,0,0,0,0,0,0,0,0,0,0,0,0,0,0,1,2,2,2,3,3,4,5,5,6,7,7,7,13,14,16,19,20,24,30,30,33,34,36,68,73,43,45,47,48,50,50,58,60,63,73
11971,MO,Butler,-94.34113157,38.25271289,0,0,0,0,0,0,0,0,0,0,0,0,0,0,0,0,0,0,0,0,0,0,0,0,0,0,0,0,0,0,0,0,0,0,0,0,0,0,0,0,0,0,0,0,0,0,0,0,0,0,0,0,0,0,0,0,0,0,0,0,1,1,1,1,1,1,1,2,1,1,2,2,2,3,3,3,3,3,4,6,6,6,6,6,6,6,6,6,6,6,6,6,6,6
11998,PA,Butler,-79.91351055,40.91152759,0,0,0,0,0,0,0,0,0,0,0,0,0,0,0,0,0,0,0,0,0,0,0,0,0,0,0,0,0,0,0,0,0,0,0,0,0,0,0,0,0,0,0,0,0,0,0,0,0,0,0,0,0,0,0,0,0,0,0,1,1,5,6,12,19,26,41,47,49,60,64,69,75,84,87,91,107,113,113,123,128,133,143,143,150,154,157,160,161,161,162,164,164,168
13132,GA,Camilla,-84.19381821,31.22483255,0,0,0,0,0,0,0,0,0,0,0,0,0,0,0,0,0,0,0,0,0,0,0,0,0,0,0,0,0,0,0,0,0,0,0,0,0,0,0,0,0,0,0,0,0,0,0,0,0,0,0,0,0,0,0,0,0,0,0,0,0,0,3,4,10,14,14,15,15,31,38,39,43,52,53,56,90,108,116,131,135,136,147,164,172,183,203,212,213,210,214,280,290,288
13321,MS,Canton,-90.03513564,32.63389156,0,0,0,0,0,0,0,0,0,0,0,0,0,0,0,0,0,0,0,0,0,0,0,0,0,0,0,0,0,0,0,0,0,0,0,0,0,0,0,0,0,0,0,0,0,0,0,0,0,0,0,0,0,0,0,0,0,1,3,3,9,11,14,17,21,25,29,37,37,42,53,55,65,67,72,74,82,83,88,95,99,103,106,108,112,116,123,127,135,140,144,151,165,178
13375,OH,Canton,-81.36437305,40.81482476,0,0,0,0,0,0,0,0,0,0,0,0,0,0,0,0,0,0,0,0,0,0,0,0,0,0,0,0,0,0,0,0,0,0,0,0,0,0,0,0,0,0,0,0,0,0,0,0,0,1,1,2,3,3,3,3,3,5,6,8,10,12,13,13,16,22,25,29,44,45,52,67,72,92,95,109,110,114,120,125,133,154,167,171,176,204,210,221,224,237,251,266,290,294
13510,FL,Cape Coral,-81.88399313,26.58410348,0,0,0,0,0,0,0,0,0,0,0,0,0,0,0,0,0,0,0,0,0,0,0,0,0,0,0,0,0,0,0,0,0,0,0,0,0,0,0,0,0,0,0,0,0,2,2,2,2,2,3,4,4,5,5,5,10,11,14,17,26,30,32,42,56,76,101,124,164,206,212,275,304,348,379,397,434,462,496,547,584,617,642,657,677,687,721,739,769,785,795,794,887,940
13537,MO--IL,Cape Girardeau,-89.6843587,37.38489388,0,0,0,0,0,0,0,0,0,0,0,0,0,0,0,0,0,0,0,0,0,0,0,0,0,0,0,0,0,0,0,0,0,0,0,0,0,0,0,0,0,0,0,0,0,0,0,0,0,0,0,0,0,0,0,0,0,0,0,0,0,0,0,3,3,5,5,5,13,15,15,15,15,16,16,20,20,20,23,26,28,28,30,30,30,33,35,36,36,36,37,40,42,43
13591,IL,Carbondale,-88.92994027,37.73033511,0,0,0,0,0,0,0,0,0,0,0,0,0,0,0,0,0,0,0,0,0,0,0,0,0,0,0,0,0,0,0,0,0,0,0,0,0,0,0,0,0,0,0,0,0,0,0,0,0,0,0,0,0,0,0,0,0,1,1,1,1,1,0,0,0,1,1,1,1,1,1,1,2,3,3,3,8,9,10,10,10,10,10,10,12,12,13,13,14,15,16,17,19,22
13834,IL,Carlyle,-89.42385254,38.60704876,0,0,0,0,0,0,0,0,0,0,0,0,0,0,0,0,0,0,0,0,0,0,0,0,0,0,0,0,0,0,0,0,0,0,0,0,0,0,0,0,0,0,0,0,0,0,0,0,0,0,0,0,0,0,0,2,3,3,3,3,3,3,3,4,4,5,5,6,6,7,8,8,8,10,10,11,11,13,31,32,37,37,39,38,39,39,42,44,45,45,46,49,51,73
13861,IL,Carmi,-88.17657461,38.08706198,0,0,0,0,0,0,0,0,0,0,0,0,0,0,0,0,0,0,0,0,0,0,0,0,0,0,0,0,0,0,0,0,0,0,0,0,0,0,0,0,0,0,0,0,0,0,0,0,0,0,0,0,0,0,0,0,0,0,0,0,0,0,0,0,0,0,0,0,0,0,0,0,0,0,0,0,0,0,0,0,0,0,0,0,0,0,0,0,0,0,1,1,1,1
13915,MI,Caro,-83.41897025,43.46606813,0,0,0,0,0,0,0,0,0,0,0,0,0,0,0,0,0,0,0,0,0,0,0,0,0,0,0,0,0,0,0,0,0,0,0,0,0,0,0,0,0,0,0,0,0,0,0,0,0,0,0,0,0,0,0,0,0,0,0,0,1,1,1,2,2,2,4,4,5,9,11,14,15,20,22,22,26,27,36,41,40,45,45,45,47,50,54,59,61,63,63,71,76,78
14023,GA,Carrollton,-85.07976677,33.58138199,0,0,0,0,0,0,0,0,0,0,0,0,0,0,0,0,0,0,0,0,0,0,0,0,0,0,0,0,0,0,0,0,0,0,0,0,0,0,0,0,0,0,0,0,0,0,0,0,0,0,0,0,0,0,0,0,0,0,7,14,16,21,26,27,50,55,64,64,81,123,131,133,143,149,158,163,177,183,183,197,201,204,214,235,237,243,260,270,281,305,307,311,314,320
14104,OH,Carrollton,-81.09178213,40.578968599999996,0,0,0,0,0,0,0,0,0,0,0,0,0,0,0,0,0,0,0,0,0,0,0,0,0,0,0,0,0,0,0,0,0,0,0,0,0,0,0,0,0,0,0,0,0,0,0,0,0,0,0,0,0,0,0,0,0,0,0,0,1,2,3,3,3,3,3,4,5,5,5,5,5,8,8,9,9,9,9,10,11,13,14,14,14,14,15,15,15,16,16,18,18,19
14158,NV,Carson City,-119.7480219,39.15509045,0,0,0,0,0,0,0,0,0,0,0,0,0,0,0,0,0,0,0,0,0,0,0,0,0,0,0,0,0,0,0,0,0,0,0,0,0,0,0,0,0,0,0,0,0,0,0,0,0,0,0,0,0,0,1,1,1,1,2,2,2,3,2,2,2,2,5,5,5,5,5,5,5,10,10,11,11,13,14,15,16,16,22,23,25,25,27,28,28,28,28,28,31,31
14185,GA,Cartersville,-84.83887523,34.23732119,0,0,0,0,0,0,0,0,0,0,0,0,0,0,0,0,0,0,0,0,0,0,0,0,0,0,0,0,0,0,0,0,0,0,0,0,0,0,0,0,0,0,0,0,0,0,0,0,0,0,3,4,7,9,9,10,19,26,54,56,56,61,74,78,86,98,116,119,121,131,144,147,154,160,160,179,187,192,196,207,209,212,216,230,235,237,242,246,248,255,256,259,264,273
14320,TN,Carthage,-85.95411046,36.25359775,0,0,0,0,0,0,0,0,0,0,0,0,0,0,0,0,0,0,0,0,0,0,0,0,0,0,0,0,0,0,0,0,0,0,0,0,0,0,0,0,0,0,0,0,0,0,0,0,0,0,0,0,0,0,0,0,0,0,0,0,0,0,0,0,0,1,1,1,1,2,3,3,3,3,3,3,3,3,5,5,7,10,10,10,10,10,11,12,13,14,14,14,18,19
14914,IA,Centerville,-92.86865906,40.74324454,0,0,0,0,0,0,0,0,0,0,0,0,0,0,0,0,0,0,0,0,0,0,0,0,0,0,0,0,0,0,0,0,0,0,0,0,0,0,0,0,0,0,0,0,0,0,0,0,0,0,0,0,0,0,0,0,0,0,0,0,0,0,0,0,1,1,1,1,1,1,1,1,1,1,1,1,1,1,1,1,1,1,1,1,1,2,2,2,2,2,2,2,2,2
15184,PA,Chambersburg,-77.72157791,39.92956518,0,0,0,0,0,0,0,0,0,0,0,0,0,0,0,0,0,0,0,0,0,0,0,0,0,0,0,0,0,0,0,0,0,0,0,0,0,0,0,0,0,0,0,0,0,0,0,0,0,0,0,0,0,0,0,0,0,0,1,1,1,1,3,5,5,5,7,11,12,19,21,23,26,27,30,32,39,43,52,57,59,64,66,69,78,80,89,106,111,115,143,152,151,164
15211,IL,Champaign,-88.20046615,40.13919438,0,0,0,0,0,0,0,0,0,0,0,0,0,0,0,0,0,0,0,0,0,0,0,0,0,0,0,0,0,0,0,0,0,0,0,0,0,0,0,0,0,0,0,0,0,0,0,0,0,0,0,0,0,0,1,1,1,1,1,3,2,3,4,4,10,10,11,21,23,26,33,43,51,55,55,62,65,69,72,79,85,86,87,88,90,90,92,93,95,95,97,97,99,102
15238,OK,Chandler,-96.8812462,35.70270942,0,0,0,0,0,0,0,0,0,0,0,0,0,0,0,0,0,0,0,0,0,0,0,0,0,0,0,0,0,0,0,0,0,0,0,0,0,0,0,0,0,0,0,0,0,0,0,0,0,0,0,0,0,0,0,0,0,0,0,0,0,0,0,0,1,3,3,3,4,5,5,6,7,7,7,9,10,10,10,11,11,11,10,10,10,11,11,11,10,10,10,10,10,10
15508,SC,Charleston--North Charleston,-79.96512314999998,32.82487866,0,0,0,0,0,0,0,0,0,0,0,0,0,0,0,0,0,0,0,0,0,0,0,0,0,0,0,0,0,0,0,0,0,0,0,0,0,0,0,0,0,0,0,0,0,1,1,1,1,1,1,1,1,1,1,3,4,5,6,9,13,31,36,52,52,92,108,117,123,142,190,231,247,274,274,300,305,305,313,328,331,339,351,353,360,383,385,385,390,391,391,406,412,416
15670,NC--SC,Charlotte,-80.80035110489673,35.24875463294395,0,0,0,0,0,0,0,0,0,0,0,0,0,0,0,0,0,0,0,0,0,0,0,0,0,0,0,0,0,0,0,0,0,0,0,0,0,0,0,0,0,0,0,0,0,0,0,0,0,0,2,1,2,4,8,12,16,34,51,85,95,118,169,204,244,308,351,395,445,486,516,624,697,759,775,868,947,992,1014,1069,1107,1126,1145,1174,1202,1304,1358,1375,1413,1476,1514,1604,1657,1695
15697,VI,Charlotte Amalie--Tutu,-64.8963,18.3358,0,0,0,0,0,0,0,0,0,0,0,0,0,0,0,0,0,0,0,0,0,0,0,0,0,0,0,0,0,0,0,0,0,0,0,0,0,0,0,0,0,0,0,0,0,0,0,0,0,0,0,0,0,0,1,2,2,3,3,6,6,7,17,17,17,19,22,23,30,30,30,30,37,40,42,43,43,45,45,50,51,51,51,51,51,51,51,53,53,53,53,54,54,54
15724,VA,Charlottesville,-78.48569588,38.03527919,0,0,0,0,0,0,0,0,0,0,0,0,0,0,0,0,0,0,0,0,0,0,0,0,0,0,0,0,0,0,0,0,0,0,0,0,0,0,0,0,0,0,0,0,0,0,0,0,0,0,0,0,0,0,1,1,1,3,3,3,4,4,5,6,9,11,12,12,13,14,16,17,17,21,23,22,23,23,27,28,31,31,33,36,38,38,40,41,41,41,41,44,44,45
15832,TN--GA,Chattanooga,-85.16652245,35.17670231,0,0,0,0,0,0,0,0,0,0,0,0,0,0,0,0,0,0,0,0,0,0,0,0,0,0,0,0,0,0,0,0,0,0,0,0,0,0,0,0,0,0,0,0,0,0,0,0,0,0,0,1,1,1,1,1,3,5,5,7,8,12,8,26,30,30,35,35,35,50,50,61,67,71,74,83,95,95,98,102,105,107,109,110,110,109,110,114,116,118,124,124,129,133
16264,IL--IN,Chicago,-87.82916484911946,41.82376412204648,0,0,1,1,1,1,1,1,1,2,2,2,2,2,2,2,2,2,2,2,2,2,2,2,2,2,2,2,2,2,2,2,2,2,2,2,2,2,2,3,4,4,4,5,5,6,7,7,12,23,29,42,54,54,67,138,230,342,344,628,907,1045,1339,1609,1623,2566,2982,3918,4272,5147,5893,6427,7076,8600,9304,10125,11061,12237,13294,14490,15624,17012,18034,19029,20166,21161,22670,23882,24852,25862,27139,28742,30265,32446
16426,MO,Chillicothe,-93.54645978,39.78110272,0,0,0,0,0,0,0,0,0,0,0,0,0,0,0,0,0,0,0,0,0,0,0,0,0,0,0,0,0,0,0,0,0,0,0,0,0,0,0,0,0,0,0,0,0,0,0,0,0,0,0,0,0,0,0,0,0,0,0,0,0,0,0,0,0,0,0,0,1,1,1,1,1,1,1,1,1,1,1,1,1,1,1,2,2,2,2,2,2,2,2,2,2,2
16885,OH--KY--IN,Cincinnati,-84.53913210071877,39.17968075120029,0,0,0,0,0,0,0,0,0,0,0,0,0,0,0,0,0,0,0,0,0,0,0,0,0,0,0,0,0,0,0,0,0,0,0,0,0,0,0,0,0,0,0,0,0,0,0,0,0,0,0,0,4,4,6,6,8,10,20,25,37,48,62,75,83,95,111,133,154,188,223,256,285,392,432,514,552,588,664,699,727,790,817,847,880,928,989,1048,1089,1129,1181,1220,1347,1433
17182,IA,Clarion,-93.73515113,42.73305373,0,0,0,0,0,0,0,0,0,0,0,0,0,0,0,0,0,0,0,0,0,0,0,0,0,0,0,0,0,0,0,0,0,0,0,0,0,0,0,0,0,0,0,0,0,0,0,0,0,0,0,0,0,0,0,0,0,0,0,0,0,0,0,0,0,1,1,1,1,1,1,1,1,1,1,1,1,1,1,1,1,1,1,1,1,1,1,1,1,1,2,2,2,2
17668,OH,Cleveland,-81.64541393518395,41.42241369971226,0,0,0,0,0,0,0,0,0,0,0,0,0,0,0,0,0,0,0,0,0,0,0,0,0,0,0,0,0,0,0,0,0,0,0,0,0,0,0,0,0,0,0,0,0,0,0,0,3,3,3,6,11,11,26,35,44,60,78,105,141,172,193,242,302,389,437,520,584,626,696,793,924,931,983,1041,1091,1153,1218,1263,1332,1376,1426,1476,1527,1584,1643,1716,1734,1851,1934,2001,2064,2120
17722,TN,Cleveland,-84.857186,35.15739424,0,0,0,0,0,0,0,0,0,0,0,0,0,0,0,0,0,0,0,0,0,0,0,0,0,0,0,0,0,0,0,0,0,0,0,0,0,0,0,0,0,0,0,0,0,0,0,0,0,0,0,0,0,0,0,0,0,0,1,1,2,1,2,3,5,6,5,8,8,10,14,18,21,21,21,23,25,28,28,31,31,31,32,33,33,33,35,38,37,37,37,37,38,40
17992,NC,Clinton,-78.36914061,34.98820368,0,0,0,0,0,0,0,0,0,0,0,0,0,0,0,0,0,0,0,0,0,0,0,0,0,0,0,0,0,0,0,0,0,0,0,0,0,0,0,0,0,0,0,0,0,0,0,0,0,0,0,0,0,0,0,1,1,1,1,1,1,1,1,1,1,1,1,1,1,1,1,1,2,2,2,5,5,5,10,10,11,11,13,13,17,17,18,19,22,22,22,23,25,31
18748,TX,College Station--Bryan,-96.30205577,30.663644800000004,0,0,0,0,0,0,0,0,0,0,0,0,0,0,0,0,0,0,0,0,0,0,0,0,0,0,0,0,0,0,0,0,0,0,0,0,0,0,0,0,0,0,0,0,0,0,0,0,0,0,0,0,0,0,0,1,3,4,6,10,12,12,16,21,28,31,40,44,46,53,63,68,72,75,94,94,97,108,108,116,134,134,143,143,149,151,164,169,169,170,170,173,177,181
18937,MO,Columbia,-92.30723574999999,38.99186229,0,0,0,0,0,0,0,0,0,0,0,0,0,0,0,0,0,0,0,0,0,0,0,0,0,0,0,0,0,0,0,0,0,0,0,0,0,0,0,0,0,0,0,0,0,0,0,0,0,0,0,0,0,0,0,1,1,3,8,10,15,17,20,22,37,37,49,54,59,64,66,69,69,75,75,76,77,77,78,78,79,80,82,87,87,92,93,93,93,94,96,97,98,99
18964,SC,Columbia,-81.27146426,33.89665987,0,0,0,0,0,0,0,0,0,0,0,0,0,0,0,0,0,0,0,0,0,0,0,0,0,0,0,0,0,0,0,0,0,0,0,0,0,0,0,0,0,0,0,0,0,0,0,0,0,0,0,0,1,1,2,3,4,5,8,12,12,17,19,18,18,25,30,35,41,54,61,70,78,95,117,124,130,130,161,184,202,212,212,208,218,267,267,271,273,274,274,286,294,302
18991,TN,Columbia,-87.07462444,35.618741299999996,0,0,0,0,0,0,0,0,0,0,0,0,0,0,0,0,0,0,0,0,0,0,0,0,0,0,0,0,0,0,0,0,0,0,0,0,0,0,0,0,0,0,0,0,0,0,0,0,0,0,0,0,0,0,0,0,0,0,0,1,2,6,6,7,7,7,8,8,8,15,17,18,20,21,21,24,26,29,31,32,32,32,33,33,33,33,33,34,34,34,34,34,35,36
19099,GA--AL,Columbus,-84.87142262,32.50931999,0,0,0,0,0,0,0,0,0,0,0,0,0,0,0,0,0,0,0,0,0,0,0,0,0,0,0,0,0,0,0,0,0,0,0,0,0,0,0,0,0,0,0,0,0,0,0,0,0,0,0,0,0,0,0,0,0,1,2,2,2,2,3,4,5,8,8,8,12,20,21,25,30,33,36,40,53,57,98,127,144,146,161,175,177,192,207,211,219,229,234,244,256,259
19126,IN,Columbus,-85.89558181,39.20744865,0,0,0,0,0,0,0,0,0,0,0,0,0,0,0,0,0,0,0,0,0,0,0,0,0,0,0,0,0,0,0,0,0,0,0,0,0,0,0,0,0,0,0,0,0,0,0,0,0,0,0,0,0,0,1,1,1,1,1,1,5,5,5,5,6,6,7,10,10,13,13,15,23,45,54,54,55,66,83,83,108,110,110,110,113,116,130,131,136,140,140,146,163,175
19153,KS,Columbus,-94.84628970000001,37.16928494,0,0,0,0,0,0,0,0,0,0,0,0,0,0,0,0,0,0,0,0,0,0,0,0,0,0,0,0,0,0,0,0,0,0,0,0,0,0,0,0,0,0,0,0,0,0,0,0,0,0,0,0,0,0,0,0,0,1,1,1,1,2,2,2,2,2,2,2,2,3,3,4,5,5,5,5,5,5,5,5,6,6,6,6,7,7,7,7,7,7,7,7,7,7
19234,OH,Columbus,-83.01115755,39.96995815,0,0,0,0,0,0,0,0,0,0,0,0,0,0,0,0,0,0,0,0,0,0,0,0,0,0,0,0,0,0,0,0,0,0,0,0,0,0,0,0,0,0,0,0,0,0,0,0,0,0,0,0,1,3,3,4,7,10,14,21,34,44,75,88,109,152,222,247,281,325,391,441,503,557,597,644,703,761,802,850,894,943,1012,1053,1102,1212,1320,1403,1513,1510,1557,1598,1673,1768
19504,CA,Concord,-121.89292710000001,37.64629437,0,0,0,0,0,0,0,0,0,0,0,0,0,0,0,0,0,0,0,0,0,0,0,0,0,0,0,0,0,0,0,0,0,0,0,0,0,0,0,0,0,1,1,1,1,2,2,2,3,5,5,7,11,11,18,27,30,38,48,68,71,118,135,135,178,220,220,270,283,313,313,359,443,443,566,588,634,674,674,766,806,845,888,888,964,1007,1063,1114,1164,1193,1241,1242,1352,1403
19558,NC,Concord,-80.53674450482518,35.53022699961539,0,0,0,0,0,0,0,0,0,0,0,0,0,0,0,0,0,0,0,0,0,0,0,0,0,0,0,0,0,0,0,0,0,0,0,0,0,0,0,0,0,0,0,0,0,0,0,0,0,0,0,1,1,1,1,1,1,2,4,7,8,10,15,18,30,34,43,49,56,70,71,81,95,109,115,127,143,152,159,169,212,228,369,394,420,420,438,451,456,462,479,501,526,572
19755,TX,Conroe--The Woodlands,-95.50572772,30.30079133,0,0,0,0,0,0,0,0,0,0,0,0,0,0,0,0,0,0,0,0,0,0,0,0,0,0,0,0,0,0,0,0,0,0,0,0,0,0,0,0,0,0,0,0,0,0,0,0,0,1,4,3,4,4,4,4,7,7,10,13,13,19,23,31,41,47,63,65,81,93,110,119,130,142,149,161,197,210,231,231,251,251,266,308,331,331,370,370,377,377,393,440,467,496
19828,TN,Cookeville,-85.50646123,36.14005459,0,0,0,0,0,0,0,0,0,0,0,0,0,0,0,0,0,0,0,0,0,0,0,0,0,0,0,0,0,0,0,0,0,0,0,0,0,0,0,0,0,0,0,0,0,0,0,0,0,0,0,0,0,0,0,0,0,0,0,5,6,6,8,9,11,13,17,17,17,24,31,37,50,52,52,55,57,81,82,84,85,87,87,92,92,93,93,94,95,96,95,95,101,101
20368,CO,Cortez,-108.59588570000001,37.33859579,0,0,0,0,0,0,0,0,0,0,0,0,0,0,0,0,0,0,0,0,0,0,0,0,0,0,0,0,0,0,0,0,0,0,0,0,0,0,0,0,0,0,0,0,0,0,0,0,0,0,0,0,0,0,0,0,0,0,0,0,0,0,0,0,0,0,0,1,1,1,1,1,3,3,8,8,8,8,8,8,12,12,12,12,12,12,13,13,13,13,13,13,15,15
20746,VA,Covington,-79.98631446,37.7824656,0,0,0,0,0,0,0,0,0,0,0,0,0,0,0,0,0,0,0,0,0,0,0,0,0,0,0,0,0,0,0,0,0,0,0,0,0,0,0,0,0,0,0,0,0,0,0,0,0,0,0,0,0,0,0,0,0,0,0,0,0,0,0,0,0,0,0,0,0,0,1,1,1,1,1,1,1,1,1,1,1,1,1,1,1,1,1,1,1,1,1,1,1,1
20881,IN,Crawfordsville,-86.89335024,40.04034823,0,0,0,0,0,0,0,0,0,0,0,0,0,0,0,0,0,0,0,0,0,0,0,0,0,0,0,0,0,0,0,0,0,0,0,0,0,0,0,0,0,0,0,0,0,0,0,0,0,0,0,0,0,0,0,0,0,0,0,0,0,0,1,1,2,3,4,5,6,6,6,10,12,14,14,15,16,17,19,20,21,22,22,23,25,25,25,25,25,26,26,27,29,29
21394,TN,Crossville,-84.99840585,35.95271721,0,0,0,0,0,0,0,0,0,0,0,0,0,0,0,0,0,0,0,0,0,0,0,0,0,0,0,0,0,0,0,0,0,0,0,0,0,0,0,0,0,0,0,0,0,0,0,0,0,0,0,0,0,0,0,0,0,1,2,2,2,2,3,3,6,6,6,9,9,11,14,16,22,23,26,26,32,33,34,39,40,42,43,51,51,53,55,56,57,58,59,59,61,67
22042,TX,Dallas--Fort Worth--Arlington,-96.96473995901502,32.76986495414251,0,0,0,0,0,0,0,0,0,0,0,0,0,0,0,0,0,0,0,0,0,0,0,0,0,0,0,0,0,0,0,0,0,0,0,0,0,0,0,0,0,0,0,0,0,0,0,0,0,3,4,11,12,15,24,34,47,78,103,137,178,212,240,337,405,484,570,630,791,909,1028,1166,1314,1520,1541,1617,1789,1926,2083,2258,2369,2530,2690,2832,3015,3198,3404,3592,3698,3795,3886,4064,4370,4589
22069,GA,Dalton,-84.96093476,34.80987459,0,0,0,0,0,0,0,0,0,0,0,0,0,0,0,0,0,0,0,0,0,0,0,0,0,0,0,0,0,0,0,0,0,0,0,0,0,0,0,0,0,0,0,0,0,0,0,0,0,0,0,0,0,0,0,0,1,1,1,1,2,2,2,4,5,6,6,8,7,10,10,15,15,16,16,17,21,21,20,24,24,24,26,29,31,33,40,43,43,45,46,53,59,62
22253,VA--NC,Danville,-79.40395668,36.58022376,0,0,0,0,0,0,0,0,0,0,0,0,0,0,0,0,0,0,0,0,0,0,0,0,0,0,0,0,0,0,0,0,0,0,0,0,0,0,0,0,0,0,0,0,0,0,0,0,0,0,0,0,0,0,0,0,0,0,0,0,1,1,1,2,2,4,4,5,4,4,4,7,9,12,12,13,15,15,19,20,20,20,21,22,22,22,22,24,27,28,29,29,31,31
22366,IA--IL,Davenport,-90.57042164,41.46613806,0,0,0,0,0,0,0,0,0,0,0,0,0,0,0,0,0,0,0,0,0,0,0,0,0,0,0,0,0,0,0,0,0,0,0,0,0,0,0,0,0,0,0,0,0,0,0,0,0,0,0,0,0,0,0,0,0,0,0,0,1,1,1,3,3,4,4,5,8,11,17,21,24,29,40,47,54,67,73,80,84,91,105,113,138,154,167,187,188,211,217,242,247,270
22447,GA,Dawson,-84.44069698,31.775275429999997,0,0,0,0,0,0,0,0,0,0,0,0,0,0,0,0,0,0,0,0,0,0,0,0,0,0,0,0,0,0,0,0,0,0,0,0,0,0,0,0,0,0,0,0,0,0,0,0,0,0,0,0,0,0,0,0,0,0,2,2,2,2,3,3,5,6,6,10,12,40,46,46,50,52,58,65,87,93,96,100,104,107,114,134,135,137,139,145,148,150,156,159,162,165
22528,OH,Dayton,-84.26900116984416,39.85849832542857,0,0,0,0,0,0,0,0,0,0,0,0,0,0,0,0,0,0,0,0,0,0,0,0,0,0,0,0,0,0,0,0,0,0,0,0,0,0,0,0,0,0,0,0,0,0,0,0,0,0,0,0,0,0,0,0,1,2,3,12,18,24,29,33,34,51,58,68,77,89,101,111,123,138,160,199,233,254,266,274,291,315,322,327,336,340,351,358,361,366,370,375,384,385
22717,IL,Decatur,-88.96342505,39.86064913,0,0,0,0,0,0,0,0,0,0,0,0,0,0,0,0,0,0,0,0,0,0,0,0,0,0,0,0,0,0,0,0,0,0,0,0,0,0,0,0,0,0,0,0,0,0,0,0,0,0,0,0,0,0,0,0,0,0,0,0,0,0,0,0,0,0,1,2,2,2,2,2,2,5,6,9,12,13,15,14,23,35,42,45,44,47,47,55,54,55,60,93,96,99
22811,GU,Dededo--Machanao--Apotgan,144.7937,13.4443,0,0,0,0,0,0,0,0,0,0,0,0,0,0,0,0,0,0,0,0,0,0,0,0,0,0,0,0,0,0,0,0,0,0,0,0,0,0,0,0,0,0,0,0,0,0,0,0,0,0,0,0,0,0,3,3,5,12,14,15,27,29,32,37,45,51,55,56,58,69,77,82,84,93,112,113,121,121,128,130,133,133,133,133,135,135,136,136,136,136,136,136,139,141
22960,IL,DeKalb,-88.76958483,41.89373302,0,0,0,0,0,0,0,0,0,0,0,0,0,0,0,0,0,0,0,0,0,0,0,0,0,0,0,0,0,0,0,0,0,0,0,0,0,0,0,0,0,0,0,0,0,0,0,0,0,0,0,0,0,0,0,0,0,0,0,1,1,1,1,1,1,4,4,8,4,9,14,16,16,19,22,22,26,32,32,32,33,34,34,35,37,39,46,54,55,55,56,56,56,68
23473,MD,Denton,-75.82904158,38.87172293,0,0,0,0,0,0,0,0,0,0,0,0,0,0,0,0,0,0,0,0,0,0,0,0,0,0,0,0,0,0,0,0,0,0,0,0,0,0,0,0,0,0,0,0,0,0,0,0,0,0,0,0,0,0,0,0,0,0,0,1,1,1,1,1,1,1,1,3,4,4,4,4,4,4,4,6,11,11,12,12,15,17,21,21,22,23,28,33,33,39,41,41,50,55
23500,TX,Denton--Lewisville,-97.11691153,33.20521901,0,0,0,0,0,0,0,0,0,0,0,0,0,0,0,0,0,0,0,0,0,0,0,0,0,0,0,0,0,0,0,0,0,0,0,0,0,0,0,0,0,0,0,0,0,0,0,0,0,0,0,0,0,0,1,1,5,9,15,24,30,30,38,51,83,137,148,165,165,206,206,254,273,273,304,337,366,366,426,426,454,474,507,507,521,547,564,585,592,593,598,619,661,680
23527,CO,Denver--Aurora,-104.88180563118281,39.77020882286739,0,0,0,0,0,0,0,0,0,0,0,0,0,0,0,0,0,0,0,0,0,0,0,0,0,0,0,0,0,0,0,0,0,0,0,0,0,0,0,0,0,0,0,0,2,2,2,2,3,6,10,15,21,21,25,38,43,43,69,98,126,149,150,219,272,272,325,425,425,559,559,607,673,752,875,897,934,979,979,1092,1181,1328,1427,1490,1490,1560,1644,1734,1885,1885,2110,2181,2285,2511
23824,MI,Detroit,-83.24218314382772,42.451622114681086,0,0,0,0,0,0,0,0,0,0,0,0,0,0,0,0,0,0,0,0,0,0,0,0,0,0,0,0,0,0,0,0,0,0,0,0,0,0,0,0,0,0,0,0,0,0,0,0,0,2,2,5,13,19,34,38,92,204,337,433,894,1142,1529,1946,2404,3038,3868,4494,5288,6179,7468,8584,10196,11385,12556,13809,15195,16259,17123,18023,18917,19333,20139,21193,21912,22314,23279,23743,24161,24515,24762,25652,26490,27233
25228,NC,Durham,-78.87608331,36.03638492,0,0,0,0,0,0,0,0,0,0,0,0,0,0,0,0,0,0,0,0,0,0,0,0,0,0,0,0,0,0,0,0,0,0,0,0,0,0,0,0,0,0,0,0,0,0,0,0,0,0,1,1,1,1,1,16,27,35,39,40,41,41,71,74,93,93,113,113,107,122,126,147,159,182,186,191,219,236,243,259,275,278,290,324,349,376,388,399,409,435,439,439,500,541
25309,TN,Dyersburg,-89.41542855000002,36.05931946,0,0,0,0,0,0,0,0,0,0,0,0,0,0,0,0,0,0,0,0,0,0,0,0,0,0,0,0,0,0,0,0,0,0,0,0,0,0,0,0,0,0,0,0,0,0,0,0,0,0,0,0,0,0,0,0,0,0,1,2,2,2,2,2,3,3,3,3,3,3,3,5,5,7,9,9,10,11,14,15,18,19,22,22,22,24,24,24,28,28,28,28,30,30
25957,OH,Eaton,-84.64787017999998,39.7420247,0,0,0,0,0,0,0,0,0,0,0,0,0,0,0,0,0,0,0,0,0,0,0,0,0,0,0,0,0,0,0,0,0,0,0,0,0,0,0,0,0,0,0,0,0,0,0,0,0,0,0,0,0,0,0,0,0,0,0,0,0,0,0,0,0,0,0,0,1,1,1,1,1,4,5,5,7,8,9,10,11,15,16,17,20,20,21,21,21,24,25,25,25,25
26011,GA,Eatonton,-83.37552891,33.32056115,0,0,0,0,0,0,0,0,0,0,0,0,0,0,0,0,0,0,0,0,0,0,0,0,0,0,0,0,0,0,0,0,0,0,0,0,0,0,0,0,0,0,0,0,0,0,0,0,0,0,0,0,0,0,0,0,0,0,0,0,0,0,0,0,0,0,0,0,0,0,0,2,2,2,2,3,5,5,5,5,5,6,7,12,12,14,14,18,21,25,26,27,29,31
26794,IN--MI,Elkhart,-85.85875695,41.59761169,0,0,0,0,0,0,0,0,0,0,0,0,0,0,0,0,0,0,0,0,0,0,0,0,0,0,0,0,0,0,0,0,0,0,0,0,0,0,0,0,0,0,0,0,0,0,0,0,0,0,0,0,0,0,0,0,0,0,0,1,4,4,4,5,7,9,11,12,12,20,23,27,29,31,35,36,43,46,56,61,71,83,89,100,105,123,130,148,152,164,179,185,196,211
26821,WI,Elkhorn,-88.54163073000001,42.668582019999995,0,0,0,0,0,0,0,0,0,0,0,0,0,0,0,0,0,0,0,0,0,0,0,0,0,0,0,0,0,0,0,0,0,0,0,0,0,0,0,0,0,0,0,0,0,0,0,0,0,0,0,0,0,0,0,0,1,2,3,3,3,3,4,5,5,5,6,6,6,6,12,15,15,15,20,20,21,21,28,35,35,37,38,45,49,71,75,89,89,86,90,94,100,113
27550,VA,Emporia,-77.53406129,36.69455571,0,0,0,0,0,0,0,0,0,0,0,0,0,0,0,0,0,0,0,0,0,0,0,0,0,0,0,0,0,0,0,0,0,0,0,0,0,0,0,0,0,0,0,0,0,0,0,0,0,0,0,0,0,0,0,0,0,0,0,0,0,0,0,0,0,0,0,0,0,0,0,0,1,2,2,2,2,4,5,5,7,7,7,8,7,7,7,7,7,11,12,12,18,18
27712,UT,Ephraim,-111.5758676,39.37231946,0,0,0,0,0,0,0,0,0,0,0,0,0,0,0,0,0,0,0,0,0,0,0,0,0,0,0,0,0,0,0,0,0,0,0,0,0,0,0,0,0,0,0,0,0,0,0,0,0,0,0,0,0,0,0,0,0,0,0,0,0,0,0,0,0,0,0,0,0,0,0,0,0,0,0,0,0,0,0,0,0,0,0,0,0,0,0,0,15,17,17,20,21,21
27991,AZ,Estrella,-112.49181540000001,33.34835867,0,0,0,0,1,1,1,1,1,1,1,1,1,1,1,1,1,1,1,1,1,1,1,1,1,1,1,1,1,1,1,1,1,1,1,1,1,1,1,1,1,1,1,1,2,2,2,2,2,3,3,3,4,4,8,9,11,22,34,49,81,139,199,251,299,399,454,545,690,788,871,961,1049,1171,1326,1433,1495,1559,1689,1741,1891,1960,2020,2056,2146,2264,2404,2491,2589,2636,2738,2846,2970,3116
28333,IN--KY,Evansville,-87.58763124,38.02658833,0,0,0,0,0,0,0,0,0,0,0,0,0,0,0,0,0,0,0,0,0,0,0,0,0,0,0,0,0,0,0,0,0,0,0,0,0,0,0,0,0,0,0,0,0,0,0,0,0,0,0,0,0,0,0,0,0,0,1,1,1,1,1,1,4,6,10,17,17,18,20,23,33,35,37,40,41,41,49,53,53,56,57,60,65,71,76,80,85,87,88,96,104,104
28657,CA,Fairfield,-121.9357113,38.26827353,0,0,0,0,0,0,0,0,0,0,0,0,0,0,0,0,0,0,0,0,0,0,0,0,0,0,0,0,0,0,0,0,0,0,0,0,0,0,0,0,0,0,0,0,0,0,0,0,3,6,6,6,6,6,7,7,8,8,13,13,13,14,21,24,31,34,34,34,34,43,49,54,61,73,73,73,88,99,112,115,121,121,121,135,140,141,169,169,169,180,180,181,191,199
29413,MO,Fayette,-92.69756691,39.1435761,0,0,0,0,0,0,0,0,0,0,0,0,0,0,0,0,0,0,0,0,0,0,0,0,0,0,0,0,0,0,0,0,0,0,0,0,0,0,0,0,0,0,0,0,0,0,0,0,0,0,0,0,0,0,0,0,0,0,0,0,0,0,0,0,0,0,0,0,0,0,0,0,0,0,0,0,1,1,1,1,1,1,2,2,2,2,2,2,2,2,2,2,2,2
29872,MI,Flint,-83.70589709,43.02244215,0,0,0,0,0,0,0,0,0,0,0,0,0,0,0,0,0,0,0,0,0,0,0,0,0,0,0,0,0,0,0,0,0,0,0,0,0,0,0,0,0,0,0,0,0,0,0,0,0,0,0,0,0,0,0,0,0,0,4,7,14,23,34,46,63,91,110,127,150,185,249,349,422,464,504,568,638,713,755,828,919,955,988,1030,1084,1147,1197,1228,1240,1256,1298,1362,1387,1434
30748,MO,Fort Leonard Wood,-92.20783203,37.82462075,0,0,0,0,0,0,0,0,0,0,0,0,0,0,0,0,0,0,0,0,0,0,0,0,0,0,0,0,0,0,0,0,0,0,0,0,0,0,0,0,0,0,0,0,0,0,0,0,0,0,0,0,0,0,0,0,0,1,1,1,1,1,4,4,4,4,5,5,7,7,8,8,8,10,10,11,12,12,12,11,11,11,11,12,16,18,25,29,31,31,31,31,30,33
30817,CO,Fort Morgan,-103.8093302,40.26279810000001,0,0,0,0,0,0,0,0,0,0,0,0,0,0,0,0,0,0,0,0,0,0,0,0,0,0,0,0,0,0,0,0,0,0,0,0,0,0,0,0,0,0,0,0,0,0,0,0,0,0,0,0,0,0,0,0,0,0,2,2,2,2,3,3,3,3,4,5,5,4,4,5,7,7,17,19,23,23,23,44,51,59,75,89,89,103,122,135,157,157,180,202,214,232
30871,LA,Fort Polk,-93.18153838000002,31.10884837,0,0,0,0,0,0,0,0,0,0,0,0,0,0,0,0,0,0,0,0,0,0,0,0,0,0,0,0,0,0,0,0,0,0,0,0,0,0,0,0,0,0,0,0,0,0,0,0,0,0,0,0,0,0,0,0,0,0,0,0,0,0,2,2,2,2,2,2,3,3,6,7,8,11,10,10,11,11,11,13,14,14,14,14,14,14,14,14,14,14,14,14,14,15
31087,IN,Fort Wayne,-85.06800636,41.09194313,0,0,0,0,0,0,0,0,0,0,0,0,0,0,0,0,0,0,0,0,0,0,0,0,0,0,0,0,0,0,0,0,0,0,0,0,0,0,0,0,0,0,0,0,0,0,0,0,0,0,0,0,0,0,0,0,0,2,4,4,4,4,7,7,8,21,23,26,28,30,39,46,58,59,63,87,90,95,105,119,136,147,156,167,180,224,271,293,301,327,336,343,387,400
31276,KY,Franklin,-86.58047435,36.74058474,0,0,0,0,0,0,0,0,0,0,0,0,0,0,0,0,0,0,0,0,0,0,0,0,0,0,0,0,0,0,0,0,0,0,0,0,0,0,0,0,0,0,0,0,0,0,0,0,0,0,0,0,0,0,0,0,0,0,0,0,0,0,1,1,1,1,1,2,4,9,9,9,9,13,13,13,13,13,14,14,14,17,17,16,17,19,20,21,21,21,22,22,22,22
31438,VA,Franklin,-76.93859681,36.6831435,0,0,0,0,0,0,0,0,0,0,0,0,0,0,0,0,0,0,0,0,0,0,0,0,0,0,0,0,0,0,0,0,0,0,0,0,0,0,0,0,0,0,0,0,0,0,0,0,0,0,0,0,0,0,0,0,0,0,0,0,0,0,0,0,0,0,0,0,0,1,1,1,3,4,4,4,4,5,6,6,6,6,7,7,7,9,9,12,15,12,12,14,15,15
31600,VA,Fredericksburg,-77.4922454,38.2977863,0,0,0,0,0,0,0,0,0,0,0,0,0,0,0,0,0,0,0,0,0,0,0,0,0,0,0,0,0,0,0,0,0,0,0,0,0,0,0,0,0,0,0,0,0,0,0,0,0,0,0,0,0,0,0,0,0,0,0,0,0,0,0,1,1,1,1,1,1,1,1,2,4,7,7,7,8,8,10,10,11,12,13,14,15,15,15,15,17,17,17,17,20,21
31789,OH,Fremont,-83.137872,41.35624126,0,0,0,0,0,0,0,0,0,0,0,0,0,0,0,0,0,0,0,0,0,0,0,0,0,0,0,0,0,0,0,0,0,0,0,0,0,0,0,0,0,0,0,0,0,0,0,0,0,0,0,0,0,0,0,0,0,0,0,0,0,1,1,1,1,1,2,3,3,4,5,5,5,5,5,5,5,5,7,7,10,11,12,13,13,14,16,17,18,17,17,17,20,20
31843,CA,Fresno,-119.6466953,36.75733899,0,0,0,0,0,0,0,0,0,0,0,0,0,0,0,0,0,0,0,0,0,0,0,0,0,0,0,0,0,0,0,0,0,0,0,0,0,0,0,0,0,0,0,0,0,0,1,1,1,2,2,1,1,1,2,2,2,3,6,6,6,6,13,18,19,27,31,43,43,53,68,82,94,100,103,108,124,146,156,173,191,201,201,222,251,265,295,311,315,315,351,371,419,443
31924,VA,Front Royal,-78.20280433,38.90847745,0,0,0,0,0,0,0,0,0,0,0,0,0,0,0,0,0,0,0,0,0,0,0,0,0,0,0,0,0,0,0,0,0,0,0,0,0,0,0,0,0,0,0,0,0,0,0,0,0,0,0,0,0,0,0,0,0,0,0,0,0,0,0,0,1,2,2,2,2,3,3,3,4,4,4,5,6,8,9,10,15,15,17,19,20,21,22,24,24,24,26,27,30,36
32113,AL,Gadsden,-86.04051873,34.04567266,0,0,0,0,0,0,0,0,0,0,0,0,0,0,0,0,0,0,0,0,0,0,0,0,0,0,0,0,0,0,0,0,0,0,0,0,0,0,0,0,0,0,0,0,0,0,0,0,0,0,0,0,0,0,0,0,0,0,0,0,0,0,0,0,4,4,6,6,6,8,10,13,19,26,35,41,43,43,49,63,74,75,77,78,78,86,87,93,98,100,109,116,120,121
32167,FL,Gainesville,-82.35928158,29.67866525,0,0,0,0,0,0,0,0,0,0,0,0,0,0,0,0,0,0,0,0,0,0,0,0,0,0,0,0,0,0,0,0,0,0,0,0,0,0,0,0,0,0,0,0,0,0,0,0,0,1,1,2,1,1,1,4,7,11,15,25,35,36,37,45,49,57,67,71,79,87,90,95,110,116,123,131,139,144,150,167,174,215,187,195,194,200,202,205,210,218,224,227,231,244
32194,GA,Gainesville,-83.81896936,34.32207823,0,0,0,0,0,0,0,0,0,0,0,0,0,0,0,0,0,0,0,0,0,0,0,0,0,0,0,0,0,0,0,0,0,0,0,0,0,0,0,0,0,0,0,0,0,0,0,0,0,0,0,0,0,0,1,1,3,5,6,8,9,10,14,19,21,24,31,32,34,66,69,72,79,84,117,131,196,228,238,250,275,279,292,363,374,411,563,607,621,702,720,907,963,1022
32248,VA,Galax,-80.91703124,36.66601852,0,0,0,0,0,0,0,0,0,0,0,0,0,0,0,0,0,0,0,0,0,0,0,0,0,0,0,0,0,0,0,0,0,0,0,0,0,0,0,0,0,0,0,0,0,0,0,0,0,0,0,0,0,0,0,0,0,0,0,0,0,0,0,0,0,1,1,1,1,1,1,1,1,1,1,1,1,1,1,1,1,1,1,1,1,1,1,1,1,1,1,1,1,1
32653,NC--SC,Gastonia,-81.17477045,35.29373559,0,0,0,0,0,0,0,0,0,0,0,0,0,0,0,0,0,0,0,0,0,0,0,0,0,0,0,0,0,0,0,0,0,0,0,0,0,0,0,0,0,0,0,0,0,0,0,0,0,0,0,0,0,0,0,0,1,1,1,1,3,4,4,6,12,17,17,21,25,27,31,33,39,43,47,58,58,62,68,73,80,81,86,86,91,95,110,110,111,112,120,124,126,127
33301,TX,Gilmer,-94.93999853,32.73706798,0,0,0,0,0,0,0,0,0,0,0,0,0,0,0,0,0,0,0,0,0,0,0,0,0,0,0,0,0,0,0,0,0,0,0,0,0,0,0,0,0,0,0,0,0,0,0,0,0,0,0,0,0,0,0,0,0,0,0,1,1,0,0,0,0,0,0,0,2,2,2,3,3,3,3,3,5,6,6,6,6,8,8,9,9,9,9,9,9,9,10,12,12,13
33695,VA,Gloucester Courthouse,-76.53524337,37.40809042,0,0,0,0,0,0,0,0,0,0,0,0,0,0,0,0,0,0,0,0,0,0,0,0,0,0,0,0,0,0,0,0,0,0,0,0,0,0,0,0,0,0,0,0,0,0,0,0,0,0,0,0,0,0,0,0,0,1,1,2,2,2,2,2,2,3,6,6,7,7,8,8,8,9,10,12,15,16,16,18,20,20,20,20,20,20,20,21,21,21,21,21,21,21
33922,KS,Goodland,-101.7197624,39.35147699,0,0,0,0,0,0,0,0,0,0,0,0,0,0,0,0,0,0,0,0,0,0,0,0,0,0,0,0,0,0,0,0,0,0,0,0,0,0,0,0,0,0,0,0,0,0,0,0,0,0,0,0,0,0,0,0,0,0,0,0,0,0,0,0,0,0,0,0,0,0,0,0,0,0,0,0,0,0,0,0,0,0,0,0,0,1,1,1,1,1,1,1,1,3
34300,MI,Grand Rapids,-85.54934642,43.03197711,0,0,0,0,0,0,0,0,0,0,0,0,0,0,0,0,0,0,0,0,0,0,0,0,0,0,0,0,0,0,0,0,0,0,0,0,0,0,0,0,0,0,0,0,0,0,0,0,0,0,0,3,3,3,5,5,5,7,12,21,22,28,31,36,41,45,53,72,96,108,119,125,136,153,165,177,187,207,233,250,270,287,311,325,354,385,430,460,503,550,626,757,815,906
35137,GA,Greensboro,-83.17139104,33.5769205,0,0,0,0,0,0,0,0,0,0,0,0,0,0,0,0,0,0,0,0,0,0,0,0,0,0,0,0,0,0,0,0,0,0,0,0,0,0,0,0,0,0,0,0,0,0,0,0,0,0,0,0,0,0,0,0,0,0,0,0,0,0,1,2,1,1,1,1,3,7,8,8,9,12,12,15,21,22,23,25,25,25,29,31,34,39,40,42,43,45,45,50,49,51
35164,NC,Greensboro,-79.78824948,36.07959451,0,0,0,0,0,0,0,0,0,0,0,0,0,0,0,0,0,0,0,0,0,0,0,0,0,0,0,0,0,0,0,0,0,0,0,0,0,0,0,0,0,0,0,0,0,0,0,0,0,0,0,0,0,0,0,1,1,3,4,7,11,11,16,22,24,31,34,39,44,50,55,74,88,94,96,104,119,122,125,127,134,135,138,138,151,160,171,176,176,176,201,233,240,275
35380,NC,Greenville,-77.37353178,35.59535426,0,0,0,0,0,0,0,0,0,0,0,0,0,0,0,0,0,0,0,0,0,0,0,0,0,0,0,0,0,0,0,0,0,0,0,0,0,0,0,0,0,0,0,0,0,0,0,0,0,0,0,0,0,0,0,0,0,1,2,2,3,6,6,6,8,8,10,15,20,27,27,29,33,35,36,36,44,51,57,60,62,63,65,69,72,80,85,89,93,93,96,99,101,104
35461,SC,Greenville,-82.39893760279534,34.89451413690516,0,0,0,0,0,0,0,0,0,0,0,0,0,0,0,0,0,0,0,0,0,0,0,0,0,0,0,0,0,0,0,0,0,0,0,0,0,0,0,0,0,0,0,0,0,0,0,0,0,0,0,0,0,0,1,2,3,7,13,18,20,32,40,56,56,58,67,82,101,120,143,169,191,200,204,224,235,235,276,335,353,367,374,407,434,473,483,524,531,537,536,577,602,601
35488,TX,Greenville,-96.08551032,33.12351514,0,0,0,0,0,0,0,0,0,0,0,0,0,0,0,0,0,0,0,0,0,0,0,0,0,0,0,0,0,0,0,0,0,0,0,0,0,0,0,0,0,0,0,0,0,0,0,0,0,0,0,0,0,0,0,0,0,0,0,0,0,0,1,1,1,1,1,1,3,4,4,4,8,8,8,1,1,14,15,15,16,18,18,22,22,25,25,25,26,32,35,38,38,38
35623,MS,Grenada,-89.80245083,33.77036166,0,0,0,0,0,0,0,0,0,0,0,0,0,0,0,0,0,0,0,0,0,0,0,0,0,0,0,0,0,0,0,0,0,0,0,0,0,0,0,0,0,0,0,0,0,0,0,0,0,0,0,0,0,0,0,0,0,0,0,1,2,2,2,2,2,2,2,3,3,3,3,4,4,4,7,7,8,8,10,10,10,10,11,13,14,14,15,19,20,26,26,27,27,27
36946,TN,Harriman--Kingston--Rockwood,-84.52458689,35.84923189,0,0,0,0,0,0,0,0,0,0,0,0,0,0,0,0,0,0,0,0,0,0,0,0,0,0,0,0,0,0,0,0,0,0,0,0,0,0,0,0,0,0,0,0,0,0,0,0,0,0,0,0,0,0,0,0,0,0,0,1,1,1,1,1,1,1,1,2,2,2,2,3,3,5,5,5,5,5,5,5,5,5,5,5,5,6,7,8,8,8,8,8,8,8
37162,VA,Harrisonburg,-78.87536254,38.43542574,0,0,0,0,0,0,0,0,0,0,0,0,0,0,0,0,0,0,0,0,0,0,0,0,0,0,0,0,0,0,0,0,0,0,0,0,0,0,0,0,0,0,0,0,0,0,0,0,0,0,0,1,1,1,1,1,1,1,1,1,1,1,1,2,3,5,5,5,6,6,10,15,22,22,25,27,27,36,39,57,79,81,87,95,101,119,214,233,236,252,264,318,346,355
37189,MO,Harrisonville,-94.353399,38.647894220000005,0,0,0,0,0,0,0,0,0,0,0,0,0,0,0,0,0,0,0,0,0,0,0,0,0,0,0,0,0,0,0,0,0,0,0,0,0,0,0,0,0,0,0,0,0,0,0,0,0,0,0,0,0,0,0,1,2,2,6,6,6,6,6,8,8,8,8,8,9,14,17,21,21,22,22,26,25,25,26,27,34,37,42,45,45,47,50,53,53,53,54,55,55,55
37243,CT,Hartford,-72.70069076970677,41.80705467420627,0,0,0,0,0,0,0,0,0,0,0,0,0,0,0,0,0,0,0,0,0,0,0,0,0,0,0,0,0,0,0,0,0,0,0,0,0,0,0,0,0,0,0,0,0,0,0,0,0,0,0,0,1,2,4,7,11,22,33,33,68,77,107,143,171,222,265,316,380,449,530,606,758,817,845,985,1156,1156,1616,1767,2003,2096,2438,2571,2786,3100,3273,3466,3627,4122,4256,4459,4662,4945
38647,NC,Hickory,-81.52406881325759,35.71730948424243,0,0,0,0,0,0,0,0,0,0,0,0,0,0,0,0,0,0,0,0,0,0,0,0,0,0,0,0,0,0,0,0,0,0,0,0,0,0,0,0,0,0,0,0,0,0,0,0,0,0,0,0,0,0,0,0,0,0,1,1,1,4,4,6,11,13,14,18,19,20,22,25,30,35,42,53,66,62,71,73,94,94,96,97,98,101,109,109,111,113,121,130,130,132
40078,KY,Hopkinsville,-87.49055367,36.89267803,0,0,0,0,0,0,0,0,0,0,0,0,0,0,0,0,0,0,0,0,0,0,0,0,0,0,0,0,0,0,0,0,0,0,0,0,0,0,0,0,0,0,0,0,0,0,0,0,0,0,0,0,0,0,0,0,0,0,1,1,1,2,2,2,2,2,2,6,6,7,7,7,7,23,30,30,32,32,45,45,45,62,62,69,71,72,78,79,79,79,79,86,86,85
40429,TX,Houston,-95.44625232574006,29.81237776885889,0,0,0,0,0,0,0,0,0,0,0,0,0,0,0,0,0,0,0,0,0,0,0,0,0,0,0,0,0,0,0,0,0,0,0,0,0,0,0,0,0,0,0,3,4,8,11,12,12,13,15,18,20,20,22,25,35,49,79,97,103,107,180,231,289,330,546,645,682,843,1010,1149,1327,1539,1663,2127,2464,2758,3484,3746,4079,4165,4287,4450,4724,4933,5116,5408,5578,5760,5951,6019,6219,6371
40753,WV--KY--OH,Huntington,-82.23855912,38.42424062,0,0,0,0,0,0,0,0,0,0,0,0,0,0,0,0,0,0,0,0,0,0,0,0,0,0,0,0,0,0,0,0,0,0,0,0,0,0,0,0,0,0,0,0,0,0,0,0,0,0,0,0,0,0,0,0,0,0,0,0,0,0,0,0,0,0,0,0,1,1,1,3,5,5,5,7,11,12,17,21,21,22,23,26,28,28,28,29,34,34,34,35,38,38
40807,TX,Huntsville,-95.57440968,30.73872995,0,0,0,0,0,0,0,0,0,0,0,0,0,0,0,0,0,0,0,0,0,0,0,0,0,0,0,0,0,0,0,0,0,0,0,0,0,0,0,0,0,0,0,0,0,0,0,0,0,0,0,0,0,0,0,0,0,0,0,0,1,1,1,1,3,2,3,3,3,3,5,7,5,8,10,10,15,15,15,15,17,17,21,38,38,58,67,68,77,73,114,114,136,151
41185,PA,Indiana,-79.08963285,40.65241041,0,0,0,0,0,0,0,0,0,0,0,0,0,0,0,0,0,0,0,0,0,0,0,0,0,0,0,0,0,0,0,0,0,0,0,0,0,0,0,0,0,0,0,0,0,0,0,0,0,0,0,0,0,0,0,0,0,0,0,0,0,0,0,0,1,2,2,2,2,6,6,6,7,9,13,17,21,21,21,26,40,40,43,43,43,44,45,47,51,53,55,56,59,62
41212,IN,Indianapolis,-86.1657414124391,39.81391294485403,0,0,0,0,0,0,0,0,0,0,0,0,0,0,0,0,0,0,0,0,0,0,0,0,0,0,0,0,0,0,0,0,0,0,0,0,0,0,0,0,0,0,0,0,1,1,2,3,3,3,4,4,5,9,11,13,17,25,34,62,108,108,199,271,354,564,684,807,968,1161,1387,1627,1787,1998,2237,2487,2729,2925,3066,3318,3486,3680,3832,3912,4074,4218,4467,4622,4943,5149,5302,5405,5618,5789
41239,IA,Indianola,-93.56007641,41.33559454,0,0,0,0,0,0,0,0,0,0,0,0,0,0,0,0,0,0,0,0,0,0,0,0,0,0,0,0,0,0,0,0,0,0,0,0,0,0,0,0,0,0,0,0,0,0,0,0,0,0,0,0,0,0,0,0,0,0,0,0,0,0,1,1,1,1,1,1,1,3,4,6,8,9,10,11,12,13,13,15,15,16,14,15,16,17,17,18,18,20,20,18,18,19
41536,MI,Ionia,-85.07413319,42.94502238,0,0,0,0,0,0,0,0,0,0,0,0,0,0,0,0,0,0,0,0,0,0,0,0,0,0,0,0,0,0,0,0,0,0,0,0,0,0,0,0,0,0,0,0,0,0,0,0,0,0,0,0,0,0,0,0,0,0,0,0,0,0,0,0,2,2,2,2,4,4,6,5,6,6,8,8,9,11,13,14,14,14,15,17,18,20,20,22,24,23,26,27,32,37
41590,IA,Iowa City,-91.58754744,41.67169353999999,0,0,0,0,0,0,0,0,0,0,0,0,0,0,0,0,0,0,0,0,0,0,0,0,0,0,0,0,0,0,0,0,0,0,0,0,0,0,0,0,0,0,0,0,0,0,0,3,7,12,13,14,14,14,15,15,21,22,22,27,32,35,37,43,49,58,61,65,70,73,76,80,83,96,106,118,134,147,171,185,194,203,210,216,226,234,246,265,285,303,372,388,391,410
41914,NY,Ithaca,-76.47229843,42.44945765,0,0,0,0,0,0,0,0,0,0,0,0,0,0,0,0,0,0,0,0,0,0,0,0,0,0,0,0,0,0,0,0,0,0,0,0,0,0,0,0,0,0,0,0,0,0,0,0,0,0,0,0,1,1,2,2,6,6,11,11,15,15,16,18,23,32,48,56,70,73,76,80,87,93,95,102,103,105,107,107,108,113,113,113,118,118,119,119,119,119,123,123,119,121
42076,GA,Jackson,-83.95435040000002,33.283094500000004,0,0,0,0,0,0,0,0,0,0,0,0,0,0,0,0,0,0,0,0,0,0,0,0,0,0,0,0,0,0,0,0,0,0,0,0,0,0,0,0,0,0,0,0,0,0,0,0,0,0,0,0,0,0,0,0,0,0,0,0,1,2,2,2,3,3,5,5,5,6,8,9,9,10,11,17,17,20,23,27,27,28,30,35,36,38,40,41,43,80,82,125,126,125
42157,MI,Jackson,-84.42258681,42.24807035,0,0,0,0,0,0,0,0,0,0,0,0,0,0,0,0,0,0,0,0,0,0,0,0,0,0,0,0,0,0,0,0,0,0,0,0,0,0,0,0,0,0,0,0,0,0,0,0,0,0,0,0,0,0,0,1,1,1,1,1,1,1,6,12,17,16,20,24,37,47,56,67,69,81,90,103,114,126,131,140,152,171,172,183,195,209,227,232,248,260,280,289,298,313
42211,MS,Jackson,-89.94537876,32.26469147,0,0,0,0,0,0,0,0,0,0,0,0,0,0,0,0,0,0,0,0,0,0,0,0,0,0,0,0,0,0,0,0,0,0,0,0,0,0,0,0,0,0,0,0,0,0,0,0,0,0,0,0,0,0,0,0,0,0,3,3,7,8,13,20,23,29,31,35,35,40,48,50,64,66,72,74,78,79,85,88,94,99,100,105,113,122,128,130,133,141,146,148,153,154
42265,TN,Jackson,-88.84076036,35.61181957,0,0,0,0,0,0,0,0,0,0,0,0,0,0,0,0,0,0,0,0,0,0,0,0,0,0,0,0,0,0,0,0,0,0,0,0,0,0,0,0,0,0,0,0,0,0,0,0,0,0,0,0,0,0,0,0,0,0,0,0,0,0,1,2,2,3,3,3,3,5,7,13,17,19,19,22,43,43,47,56,56,59,68,73,73,75,73,83,86,87,90,90,96,98
42346,FL,Jacksonville,-81.66976468,30.33225875,0,0,0,0,0,0,0,0,0,0,0,0,0,0,0,0,0,0,0,0,0,0,0,0,0,0,0,0,0,0,0,0,0,0,0,0,0,0,0,0,0,0,0,0,0,0,0,0,0,0,0,1,1,4,4,10,13,15,17,25,39,50,50,56,74,90,115,125,158,207,218,286,323,387,413,475,521,549,589,609,635,668,691,718,745,776,817,835,854,896,909,925,956,955
42670,GA,Jasper,-84.46406611,34.46589159,0,0,0,0,0,0,0,0,0,0,0,0,0,0,0,0,0,0,0,0,0,0,0,0,0,0,0,0,0,0,0,0,0,0,0,0,0,0,0,0,0,0,0,0,0,0,0,0,0,0,0,0,0,0,0,0,0,0,2,2,2,2,4,4,4,4,5,5,6,6,7,8,9,9,9,9,10,10,10,11,10,12,11,13,14,15,15,16,18,18,18,18,19,20
42778,PR,Jayuya,-66.5901,18.2208,0,0,0,0,0,0,0,0,0,0,0,0,0,0,0,0,0,0,0,0,0,0,0,0,0,0,0,0,0,0,0,0,0,0,0,0,0,0,0,0,0,0,0,0,0,0,0,0,0,0,0,0,0,0,5,5,5,5,14,21,23,31,39,51,64,79,100,127,174,239,286,316,316,452,475,513,573,620,683,725,788,897,903,923,974,1043,1068,1118,1213,1252,1298,1252,1416,1276
42849,GA,Jefferson,-83.56814788,34.13794553,0,0,0,0,0,0,0,0,0,0,0,0,0,0,0,0,0,0,0,0,0,0,0,0,0,0,0,0,0,0,0,0,0,0,0,0,0,0,0,0,0,0,0,0,0,0,0,0,0,0,0,0,0,0,0,0,0,0,0,0,0,0,0,1,1,2,2,2,2,8,9,11,12,13,15,17,21,23,24,26,26,27,27,32,33,37,46,47,48,55,56,63,69,75
43210,TN,Johnson City,-82.49454720000001,36.29472368,0,0,0,0,0,0,0,0,0,0,0,0,0,0,0,0,0,0,0,0,0,0,0,0,0,0,0,0,0,0,0,0,0,0,0,0,0,0,0,0,0,0,0,0,0,0,0,0,0,0,0,0,0,0,0,0,0,0,2,2,2,6,7,7,9,10,14,14,14,14,21,20,20,22,23,24,27,30,32,37,37,42,42,44,44,45,46,46,46,46,46,46,46,46
43345,AR,Jonesboro,-90.63235728999999,35.83018283,0,0,0,0,0,0,0,0,0,0,0,0,0,0,0,0,0,0,0,0,0,0,0,0,0,0,0,0,0,0,0,0,0,0,0,0,0,0,0,0,0,0,0,0,0,0,0,0,0,0,0,0,0,0,0,0,0,0,0,0,1,4,4,4,4,4,4,6,6,8,11,12,14,16,18,20,22,23,28,29,31,31,36,36,38,40,40,42,43,44,45,48,55,58
43723,MI,Kalamazoo,-85.53038622,42.24542231,0,0,0,0,0,0,0,0,0,0,0,0,0,0,0,0,0,0,0,0,0,0,0,0,0,0,0,0,0,0,0,0,0,0,0,0,0,0,0,0,0,0,0,0,0,0,0,0,0,0,0,0,0,0,0,0,0,0,0,0,0,3,3,5,10,11,15,19,24,24,30,34,40,45,53,58,64,67,74,77,79,84,91,94,103,118,130,154,166,185,201,212,229,266
43885,IL,Kankakee,-87.86205334,41.13746989,0,0,0,0,0,0,0,0,0,0,0,0,0,0,0,0,0,0,0,0,0,0,0,0,0,0,0,0,0,0,0,0,0,0,0,0,0,0,0,0,0,0,0,0,0,0,0,0,0,0,0,0,0,0,0,0,0,1,1,2,2,3,4,6,6,17,27,33,33,42,51,55,58,68,76,85,107,145,156,167,185,204,210,220,226,252,260,272,275,278,278,285,289,297
43912,MO--KS,Kansas City,-94.71905172856941,39.04327449873855,0,0,0,0,0,0,0,0,0,0,0,0,0,0,0,0,0,0,0,0,0,0,0,0,0,0,0,0,0,0,0,0,0,0,0,0,0,0,0,0,0,0,0,0,0,0,1,1,1,1,4,5,6,6,9,14,16,30,44,50,55,65,79,114,157,187,227,265,283,332,364,406,448,506,522,610,648,723,773,824,898,944,975,1014,1048,1108,1159,1193,1207,1224,1255,1317,1354,1419
45343,WV,Kingwood,-79.66712803,39.46770987,0,0,0,0,0,0,0,0,0,0,0,0,0,0,0,0,0,0,0,0,0,0,0,0,0,0,0,0,0,0,0,0,0,0,0,0,0,0,0,0,0,0,0,0,0,0,0,0,0,0,0,0,0,0,0,0,0,0,0,0,0,0,0,1,2,1,1,1,2,3,3,3,4,5,5,4,6,6,6,6,6,6,6,6,6,6,6,7,10,10,10,12,12,12
45640,TN,Knoxville,-83.98621225393013,35.9671742820524,0,0,0,0,0,0,0,0,0,0,0,0,0,0,0,0,0,0,0,0,0,0,0,0,0,0,0,0,0,0,0,0,0,0,0,0,0,0,0,0,0,0,0,0,0,0,0,0,0,0,1,1,1,1,1,2,2,2,2,4,6,13,17,23,32,37,39,46,65,74,86,101,110,112,128,132,158,163,172,180,185,185,189,191,191,197,201,215,216,216,219,219,227,229
45694,IN,Kokomo,-86.11351892,40.48527731,0,0,0,0,0,0,0,0,0,0,0,0,0,0,0,0,0,0,0,0,0,0,0,0,0,0,0,0,0,0,0,0,0,0,0,0,0,0,0,0,0,0,0,0,0,0,0,0,0,1,1,1,1,1,2,2,2,5,5,5,6,6,6,6,6,7,9,12,14,16,20,24,25,27,27,32,37,44,42,46,46,48,50,50,60,61,61,68,68,72,71,75,76,81
46018,IN,Lafayette,-86.89413959,40.38872739,0,0,0,0,0,0,0,0,0,0,0,0,0,0,0,0,0,0,0,0,0,0,0,0,0,0,0,0,0,0,0,0,0,0,0,0,0,0,0,0,0,0,0,0,0,0,0,0,0,0,0,0,0,0,0,0,0,1,2,2,2,2,3,4,7,8,11,11,14,14,18,19,26,28,29,34,36,38,40,42,43,45,45,46,46,51,53,55,56,58,59,59,62,64
46045,LA,Lafayette,-92.06959876,30.2049055,0,0,0,0,0,0,0,0,0,0,0,0,0,0,0,0,0,0,0,0,0,0,0,0,0,0,0,0,0,0,0,0,0,0,0,0,0,0,0,0,0,0,0,0,0,0,0,0,0,0,0,0,0,0,0,0,0,2,6,6,6,9,12,20,30,44,48,50,82,118,159,247,276,229,247,260,272,285,303,330,337,354,360,363,375,387,396,414,419,423,429,435,439,440
46234,GA,LaGrange,-85.02812115,33.03349196,0,0,0,0,0,0,0,0,0,0,0,0,0,0,0,0,0,0,0,0,0,0,0,0,0,0,0,0,0,0,0,0,0,0,0,0,0,0,0,0,0,0,0,0,0,0,0,0,0,0,0,0,0,0,1,1,2,2,2,4,4,4,6,6,10,11,9,9,11,16,19,20,26,32,34,37,46,48,52,56,55,57,61,68,68,75,78,82,87,100,105,109,118,122
46261,IN,Lagrange,-85.42674232,41.64232188,0,0,0,0,0,0,0,0,0,0,0,0,0,0,0,0,0,0,0,0,0,0,0,0,0,0,0,0,0,0,0,0,0,0,0,0,0,0,0,0,0,0,0,0,0,0,0,0,0,0,0,0,0,0,0,0,0,0,0,0,0,0,0,0,0,2,2,2,2,2,2,2,4,4,4,6,6,6,7,9,10,12,13,13,14,15,16,15,16,17,18,18,19,19
46531,LA,Lake Charles,-93.35400434,30.22931235,0,0,0,0,0,0,0,0,0,0,0,0,0,0,0,0,0,0,0,0,0,0,0,0,0,0,0,0,0,0,0,0,0,0,0,0,0,0,0,0,0,0,0,0,0,0,0,0,0,0,0,0,0,0,0,0,0,0,3,4,4,4,5,11,15,22,28,35,42,65,90,108,119,135,139,159,186,191,209,228,248,259,268,273,282,300,309,309,323,324,334,341,352,356
46836,GA,Lakeland,-83.06472457,31.03828570000001,0,0,0,0,0,0,0,0,0,0,0,0,0,0,0,0,0,0,0,0,0,0,0,0,0,0,0,0,0,0,0,0,0,0,0,0,0,0,0,0,0,0,0,0,0,0,0,0,0,0,0,0,0,0,0,0,0,0,0,0,0,0,0,0,0,0,0,0,0,0,0,1,1,1,1,4,5,5,5,5,5,5,5,5,5,5,6,6,6,7,7,7,7,8
47503,OH,Lancaster,-82.63088163,39.75107189,0,0,0,0,0,0,0,0,0,0,0,0,0,0,0,0,0,0,0,0,0,0,0,0,0,0,0,0,0,0,0,0,0,0,0,0,0,0,0,0,0,0,0,0,0,0,0,0,0,0,0,0,0,0,0,0,0,0,0,0,0,0,2,5,6,8,14,14,13,14,22,28,32,36,46,54,59,65,68,73,78,81,84,90,92,96,95,97,97,99,101,106,109,108
47530,PA,Lancaster,-76.24770128,40.03904563,0,0,0,0,0,0,0,0,0,0,0,0,0,0,0,0,0,0,0,0,0,0,0,0,0,0,0,0,0,0,0,0,0,0,0,0,0,0,0,0,0,0,0,0,0,0,0,0,0,0,0,0,0,0,0,0,1,2,2,4,6,5,10,12,21,33,45,67,97,123,157,203,232,291,371,408,490,561,596,648,698,772,828,865,914,970,1030,1113,1188,1236,1295,1326,1359,1451
47935,NM,Las Cruces,-106.83293870000001,32.35275771,0,0,0,0,0,0,0,0,0,0,0,0,0,0,0,0,0,0,0,0,0,0,0,0,0,0,0,0,0,0,0,0,0,0,0,0,0,0,0,0,0,0,0,0,0,0,0,0,0,0,0,0,0,0,0,0,0,0,0,0,2,10,13,13,13,16,17,17,17,18,18,21,23,22,29,30,35,35,39,44,44,49,50,50,54,54,58,67,69,73,73,82,88,94
47995,NV,Las Vegas--Henderson,-115.0130241,36.21458855,0,0,0,0,0,0,0,0,0,0,0,0,0,0,0,0,0,0,0,0,0,0,0,0,0,0,0,0,0,0,0,0,0,0,0,0,0,0,0,0,0,0,0,1,1,1,2,2,2,5,8,16,16,16,35,42,42,69,126,126,126,126,212,249,350,443,443,528,753,869,961,1125,1279,1418,1519,1608,1734,1878,2009,2144,2144,2324,2444,2509,2559,2559,2738,2882,2940,2998,3099,3218,3314,3443
48151,SC,Laurens,-82.00490796,34.48244419,0,0,0,0,0,0,0,0,0,0,0,0,0,0,0,0,0,0,0,0,0,0,0,0,0,0,0,0,0,0,0,0,0,0,0,0,0,0,0,0,0,0,0,0,0,0,0,0,0,0,0,0,0,0,0,0,0,0,0,0,0,0,0,0,0,0,2,3,3,3,4,4,6,6,6,6,6,6,9,11,13,14,14,14,14,18,19,19,20,20,20,21,21,21
48340,IL,Lawrenceville,-87.72884035,38.71987914,0,0,0,0,0,0,0,0,0,0,0,0,0,0,0,0,0,0,0,0,0,0,0,0,0,0,0,0,0,0,0,0,0,0,0,0,0,0,0,0,0,0,0,0,0,0,0,0,0,0,0,0,0,0,0,0,0,0,0,0,0,0,0,0,0,0,0,0,0,0,0,0,0,0,0,0,2,2,2,2,2,2,2,2,2,2,2,2,2,2,2,2,2,2
48367,VA,Lawrenceville,-77.8593436,36.76366949,0,0,0,0,0,0,0,0,0,0,0,0,0,0,0,0,0,0,0,0,0,0,0,0,0,0,0,0,0,0,0,0,0,0,0,0,0,0,0,0,0,0,0,0,0,0,0,0,0,0,0,0,0,0,0,0,0,0,0,0,0,0,0,0,0,0,0,0,0,1,1,1,1,1,1,1,1,1,1,2,3,3,3,9,9,10,10,12,12,12,12,13,13,14
48502,IN,Lebanon,-86.46841646,40.0509304,0,0,0,0,0,0,0,0,0,0,0,0,0,0,0,0,0,0,0,0,0,0,0,0,0,0,0,0,0,0,0,0,0,0,0,0,0,0,0,0,0,0,0,0,0,0,0,0,1,1,1,1,1,1,1,1,1,1,2,2,3,3,3,4,7,7,8,13,20,22,29,32,38,50,57,64,74,76,84,90,103,109,109,125,129,136,145,151,153,154,161,166,172,177
48664,PA,Lebanon,-76.45651841,40.36680311,0,0,0,0,0,0,0,0,0,0,0,0,0,0,0,0,0,0,0,0,0,0,0,0,0,0,0,0,0,0,0,0,0,0,0,0,0,0,0,0,0,0,0,0,0,0,0,0,0,0,0,0,0,0,0,0,0,1,1,2,3,3,3,3,4,12,15,19,27,28,36,45,54,87,106,124,145,169,187,218,232,270,284,328,349,380,424,458,484,502,525,535,544,575
49528,TN,Lexington,-88.38600175,35.65581134,0,0,0,0,0,0,0,0,0,0,0,0,0,0,0,0,0,0,0,0,0,0,0,0,0,0,0,0,0,0,0,0,0,0,0,0,0,0,0,0,0,0,0,0,0,0,0,0,0,0,0,0,0,0,0,0,0,0,0,0,0,0,0,0,0,0,0,0,0,0,0,0,0,0,1,1,2,2,2,2,2,2,2,2,2,2,2,2,4,4,5,5,5,5
49555,VA,Lexington,-79.44262866,37.78258621,0,0,0,0,0,0,0,0,0,0,0,0,0,0,0,0,0,0,0,0,0,0,0,0,0,0,0,0,0,0,0,0,0,0,0,0,0,0,0,0,0,0,0,0,0,0,0,0,0,0,0,0,0,0,0,0,0,0,0,0,0,0,0,0,0,0,0,0,0,0,0,0,2,3,3,3,3,3,3,3,3,3,3,3,3,3,3,3,3,3,3,3,3,3
49582,KY,Lexington-Fayette,-84.45576892,38.0368225,0,0,0,0,0,0,0,0,0,0,0,0,0,0,0,0,0,0,0,0,0,0,0,0,0,0,0,0,0,0,0,0,0,0,0,0,0,0,0,0,0,0,0,0,1,1,1,1,2,2,3,3,3,5,5,7,8,8,10,10,10,15,15,28,28,28,28,67,82,110,110,116,116,120,122,122,123,123,148,148,148,179,179,197,206,209,210,218,219,219,219,223,223,226
49852,OH,Lima,-84.10802343000002,40.77285242,0,0,0,0,0,0,0,0,0,0,0,0,0,0,0,0,0,0,0,0,0,0,0,0,0,0,0,0,0,0,0,0,0,0,0,0,0,0,0,0,0,0,0,0,0,0,0,0,0,0,0,0,0,0,0,0,0,0,0,0,0,0,0,0,0,0,2,4,4,5,6,10,12,15,18,19,22,23,23,24,27,33,37,46,51,57,65,70,79,84,88,94,100,108
49933,NE,Lincoln,-96.68777155,40.78416049,0,0,0,0,0,0,0,0,0,0,0,0,0,0,0,0,0,0,0,0,0,0,0,0,0,0,0,0,0,0,0,0,0,0,0,0,0,0,0,0,0,0,0,0,0,0,0,0,0,0,0,0,0,0,0,0,0,0,1,2,2,2,2,3,3,3,4,4,8,8,9,12,14,18,18,32,34,39,44,49,50,52,54,57,57,59,62,63,81,85,92,97,106,114
49987,NC,Lincolnton,-81.21740317,35.48508185,0,0,0,0,0,0,0,0,0,0,0,0,0,0,0,0,0,0,0,0,0,0,0,0,0,0,0,0,0,0,0,0,0,0,0,0,0,0,0,0,0,0,0,0,0,0,0,0,0,0,0,0,0,0,0,1,1,1,1,1,1,1,1,1,1,1,1,3,3,4,4,8,9,9,9,9,11,11,12,13,15,15,15,15,15,18,20,20,19,19,22,24,25,25
50257,MN,Litchfield,-94.52839454999999,45.12328869,0,0,0,0,0,0,0,0,0,0,0,0,0,0,0,0,0,0,0,0,0,0,0,0,0,0,0,0,0,0,0,0,0,0,0,0,0,0,0,0,0,0,0,0,0,0,0,0,0,0,0,0,0,0,0,0,0,0,0,0,0,0,0,0,0,0,0,0,1,1,1,1,1,1,1,1,1,1,2,2,2,2,2,2,3,3,3,3,3,3,3,3,3,3
50392,AR,Little Rock,-92.31355101,34.77054088,0,0,0,0,0,0,0,0,0,0,0,0,0,0,0,0,0,0,0,0,0,0,0,0,0,0,0,0,0,0,0,0,0,0,0,0,0,0,0,0,0,0,0,0,0,0,0,0,0,0,0,0,0,0,0,0,0,0,0,0,4,61,64,78,83,88,92,93,94,102,107,115,130,137,157,161,175,179,210,225,249,256,273,297,343,355,360,368,377,388,390,404,427,440
51013,IN,Logansport,-86.34830753,40.76135835,0,0,0,0,0,0,0,0,0,0,0,0,0,0,0,0,0,0,0,0,0,0,0,0,0,0,0,0,0,0,0,0,0,0,0,0,0,0,0,0,0,0,0,0,0,0,0,0,0,0,0,0,0,0,0,0,0,0,0,0,0,0,0,0,0,0,0,0,1,1,1,2,2,4,4,4,12,15,16,18,23,22,28,28,33,37,50,52,71,87,107,138,199,255
51445,CA,Los Angeles--Long Beach--Anaheim,-117.76459979999998,33.70147516,0,0,0,0,1,1,1,1,1,1,1,1,1,1,1,1,1,1,1,1,1,1,1,1,1,1,1,1,1,1,1,1,1,1,1,1,1,1,1,1,1,1,3,3,3,3,3,4,5,5,6,9,14,14,17,22,29,53,65,78,95,125,152,187,256,321,403,431,464,502,606,656,711,786,834,882,931,1016,1079,1138,1221,1277,1283,1299,1376,1425,1501,1556,1636,1676,1691,1753,1827,1845
51755,KY--IN,Louisville/Jefferson County,-85.65488575153711,38.19107479817467,0,0,0,0,0,0,0,0,0,0,0,0,0,0,0,0,0,0,0,0,0,0,0,0,0,0,0,0,0,0,0,0,0,0,0,0,0,0,0,0,0,0,0,0,0,0,0,1,1,1,2,2,4,4,6,7,8,8,26,26,26,34,34,36,36,36,104,100,119,212,212,234,234,305,311,311,327,327,391,391,391,511,566,549,592,622,622,712,836,889,949,978,1032,1145
51877,TX,Lubbock,-101.82047890000001,33.61008596,0,0,0,0,0,0,0,0,0,0,0,0,0,0,0,0,0,0,0,0,0,0,0,0,0,0,0,0,0,0,0,0,0,0,0,0,0,0,0,0,0,0,0,0,0,0,0,0,0,0,0,0,0,0,0,0,3,3,2,9,9,9,12,13,19,29,31,41,51,77,100,108,117,138,154,180,180,191,214,234,249,270,307,317,330,367,401,407,419,430,445,458,481,494
52201,VA,Lynchburg,-79.19888138,37.40021399,0,0,0,0,0,0,0,0,0,0,0,0,0,0,0,0,0,0,0,0,0,0,0,0,0,0,0,0,0,0,0,0,0,0,0,0,0,0,0,0,0,0,0,0,0,0,0,0,0,0,0,0,0,0,0,0,1,1,0,0,0,0,0,2,2,2,2,3,4,5,7,9,9,10,10,11,20,20,21,27,31,31,33,33,34,34,38,38,38,38,43,43,47,48
52309,KS,Lyons,-98.19992118,38.34616184,0,0,0,0,0,0,0,0,0,0,0,0,0,0,0,0,0,0,0,0,0,0,0,0,0,0,0,0,0,0,0,0,0,0,0,0,0,0,0,0,0,0,0,0,0,0,0,0,0,0,0,0,0,0,0,0,0,0,0,0,0,0,0,0,0,0,0,0,0,0,0,0,0,0,0,0,0,0,0,0,0,0,0,0,0,0,0,0,0,0,0,0,1,3
52363,OK,McAlester,-95.75134320000001,34.92065823,0,0,0,0,0,0,0,0,0,0,0,0,0,0,0,0,0,0,0,0,0,0,0,0,0,0,0,0,0,0,0,0,0,0,0,0,0,0,0,0,0,0,0,0,0,0,0,0,0,0,0,0,0,0,0,0,0,0,0,0,0,0,0,0,0,2,2,2,2,2,2,2,2,3,6,6,7,7,7,8,8,8,10,11,13,14,14,14,17,18,20,20,22,22
52768,TN,McMinnville,-85.77969117,35.672829899999996,0,0,0,0,0,0,0,0,0,0,0,0,0,0,0,0,0,0,0,0,0,0,0,0,0,0,0,0,0,0,0,0,0,0,0,0,0,0,0,0,0,0,0,0,0,0,0,0,0,0,0,0,0,0,0,0,0,0,0,0,0,0,0,0,0,0,0,0,0,1,1,1,1,1,1,1,2,2,3,3,4,4,4,4,4,4,4,4,5,5,4,4,4,5
52795,IL,Macomb,-90.67775541,40.45674722,0,0,0,0,0,0,0,0,0,0,0,0,0,0,0,0,0,0,0,0,0,0,0,0,0,0,0,0,0,0,0,0,0,0,0,0,0,0,0,0,0,0,0,0,0,0,0,0,0,0,0,0,0,0,0,0,0,0,0,0,0,0,0,0,0,0,0,0,0,0,0,0,0,0,0,0,0,0,0,0,1,1,2,2,2,3,3,3,3,3,3,4,4,5
52822,GA,Macon,-83.70489165,32.80904227,0,0,0,0,0,0,0,0,0,0,0,0,0,0,0,0,0,0,0,0,0,0,0,0,0,0,0,0,0,0,0,0,0,0,0,0,0,0,0,0,0,0,0,0,0,0,0,0,0,0,0,0,0,0,0,0,0,1,1,1,1,2,4,6,8,10,11,13,15,20,22,24,32,36,40,40,42,50,53,56,63,67,72,91,95,118,188,192,199,203,203,224,234,244
52849,MS,Macon,-88.56949061,33.11009499,0,0,0,0,0,0,0,0,0,0,0,0,0,0,0,0,0,0,0,0,0,0,0,0,0,0,0,0,0,0,0,0,0,0,0,0,0,0,0,0,0,0,0,0,0,0,0,0,0,0,0,0,0,0,0,0,0,0,0,0,0,0,1,1,1,1,2,2,2,3,3,4,5,5,5,5,5,5,5,6,6,6,6,6,10,18,20,20,22,22,24,24,29,35
53200,WI,Madison,-89.41733797,43.06601594000001,0,0,0,0,0,0,0,0,0,0,0,0,0,0,0,0,0,0,0,0,0,0,0,0,0,0,0,0,0,0,0,0,0,0,0,0,0,0,0,0,0,0,0,0,0,0,0,0,2,2,4,5,6,6,10,19,23,27,32,49,61,70,72,88,134,158,172,183,192,214,215,238,252,269,280,287,289,303,307,313,327,334,340,344,351,352,359,358,361,364,382,386,387,395
53767,TN,Manchester,-86.07311784,35.49090731,0,0,0,0,0,0,0,0,0,0,0,0,0,0,0,0,0,0,0,0,0,0,0,0,0,0,0,0,0,0,0,0,0,0,0,0,0,0,0,0,0,0,0,0,0,0,0,0,0,0,0,0,0,0,0,0,0,0,0,0,0,0,0,0,0,0,0,1,1,1,1,3,3,4,5,7,7,7,10,10,11,11,11,12,12,13,17,18,20,20,21,21,25,27
54037,SC,Manning,-80.21647898,33.66610974,0,0,0,0,0,0,0,0,0,0,0,0,0,0,0,0,0,0,0,0,0,0,0,0,0,0,0,0,0,0,0,0,0,0,0,0,0,0,0,0,0,0,0,0,0,0,0,0,0,0,0,0,0,0,0,0,0,0,1,1,1,4,5,5,5,6,7,16,18,25,28,31,34,45,54,58,68,68,75,80,85,85,86,89,90,98,106,109,112,120,120,138,151,163
54091,OH,Mansfield,-82.53799609999999,40.77180308,0,0,0,0,0,0,0,0,0,0,0,0,0,0,0,0,0,0,0,0,0,0,0,0,0,0,0,0,0,0,0,0,0,0,0,0,0,0,0,0,0,0,0,0,0,0,0,0,0,0,0,0,0,0,0,0,0,1,1,1,1,1,4,4,4,4,5,5,5,6,8,8,8,14,17,19,20,25,27,28,34,36,43,43,44,48,50,60,65,64,66,68,70,73
54577,IN,Marion,-85.65468702,40.51587228,0,0,0,0,0,0,0,0,0,0,0,0,0,0,0,0,0,0,0,0,0,0,0,0,0,0,0,0,0,0,0,0,0,0,0,0,0,0,0,0,0,0,0,0,0,0,0,0,0,0,0,0,0,0,0,0,0,0,1,1,2,2,3,3,3,5,5,7,7,7,9,11,12,15,18,20,20,22,26,32,35,36,37,40,41,45,47,55,75,78,97,101,102,112
54658,OH,Marion,-83.15736305,40.58610662,0,0,0,0,0,0,0,0,0,0,0,0,0,0,0,0,0,0,0,0,0,0,0,0,0,0,0,0,0,0,0,0,0,0,0,0,0,0,0,0,0,0,0,0,0,0,0,0,0,0,0,0,0,0,0,0,0,0,1,1,1,3,4,4,4,5,5,6,7,8,9,10,11,12,19,25,28,32,40,42,49,53,91,110,164,276,428,983,1834,2073,2132,2137,2161,2169
54712,VA,Marion,-81.53344948,36.84455636,0,0,0,0,0,0,0,0,0,0,0,0,0,0,0,0,0,0,0,0,0,0,0,0,0,0,0,0,0,0,0,0,0,0,0,0,0,0,0,0,0,0,0,0,0,0,0,0,0,0,0,0,0,0,0,0,0,0,0,0,0,0,0,0,0,0,0,0,1,1,2,2,2,2,2,2,3,5,8,9,9,9,11,11,11,11,11,12,12,13,13,13,13,13
55036,TX,Marshall,-94.36934071,32.54935988,0,0,0,0,0,0,0,0,0,0,0,0,0,0,0,0,0,0,0,0,0,0,0,0,0,0,0,0,0,0,0,0,0,0,0,0,0,0,0,0,0,0,0,0,0,0,0,0,0,0,0,0,0,0,0,0,0,0,0,0,0,0,0,0,1,1,1,1,1,1,3,5,5,5,6,8,11,11,12,12,14,16,16,31,34,35,40,42,44,47,59,59,63,69
55252,VA,Martinsville,-79.87634026,36.68542395,0,0,0,0,0,0,0,0,0,0,0,0,0,0,0,0,0,0,0,0,0,0,0,0,0,0,0,0,0,0,0,0,0,0,0,0,0,0,0,0,0,0,0,0,0,0,0,0,0,0,0,0,0,0,0,0,0,0,0,0,0,0,0,0,0,0,0,0,1,1,2,2,3,3,3,3,4,4,5,5,8,8,8,8,8,8,10,10,10,10,10,10,10,12
55360,MO,Maryville,-94.88133008,40.36079813,0,0,0,0,0,0,0,0,0,0,0,0,0,0,0,0,0,0,0,0,0,0,0,0,0,0,0,0,0,0,0,0,0,0,0,0,0,0,0,0,0,0,0,0,0,0,0,0,0,0,0,0,0,0,0,0,0,0,0,0,0,0,0,0,0,0,0,0,0,0,0,0,1,1,2,2,2,2,2,2,2,2,2,3,3,3,3,3,3,3,3,3,3,3
55765,KY,Mayfield,-88.65143315,36.72292505,0,0,0,0,0,0,0,0,0,0,0,0,0,0,0,0,0,0,0,0,0,0,0,0,0,0,0,0,0,0,0,0,0,0,0,0,0,0,0,0,0,0,0,0,0,0,0,0,0,0,0,0,0,0,0,0,0,0,0,0,0,0,0,0,0,0,0,0,0,0,0,0,0,2,2,2,2,2,5,5,5,9,9,13,16,24,28,41,51,63,68,84,84,89
56116,TN--MS--AR,Memphis,-89.89692423,35.1864775,0,0,0,0,0,0,0,0,0,0,0,0,0,0,0,0,0,0,0,0,0,0,0,0,0,0,0,0,0,0,0,0,0,0,0,0,0,0,0,0,0,0,0,0,0,0,1,1,1,1,2,2,2,2,2,3,4,10,4,42,66,93,135,170,198,223,275,362,396,428,496,638,640,689,736,766,835,912,1006,1083,1147,1215,1331,1359,1359,1508,1492,1682,1778,1839,1873,1873,1953,2001
56305,MS,Meridian,-88.66229662,32.40419769,0,0,0,0,0,0,0,0,0,0,0,0,0,0,0,0,0,0,0,0,0,0,0,0,0,0,0,0,0,0,0,0,0,0,0,0,0,0,0,0,0,0,0,0,0,0,0,0,0,0,0,0,0,0,0,0,0,0,0,0,0,0,0,0,3,10,12,15,15,35,39,46,50,61,65,70,78,84,99,118,133,135,150,156,165,174,181,190,202,220,232,235,249,268
56494,GA,Metter,-82.07702563,32.40209349,0,0,0,0,0,0,0,0,0,0,0,0,0,0,0,0,0,0,0,0,0,0,0,0,0,0,0,0,0,0,0,0,0,0,0,0,0,0,0,0,0,0,0,0,0,0,0,0,0,0,0,0,0,0,0,0,0,0,0,0,0,0,0,0,0,0,0,1,1,1,1,1,1,1,2,2,4,4,4,4,4,4,4,4,4,4,4,5,5,7,7,7,7,7
57223,GA,Milledgeville,-83.24701748,33.06882326,0,0,0,0,0,0,0,0,0,0,0,0,0,0,0,0,0,0,0,0,0,0,0,0,0,0,0,0,0,0,0,0,0,0,0,0,0,0,0,0,0,0,0,0,0,0,0,0,0,0,0,0,0,0,0,0,0,0,0,2,2,2,2,2,2,2,2,2,3,4,6,7,10,11,14,15,26,27,30,32,44,52,53,69,90,97,109,108,110,130,132,155,161,169
57466,WI,Milwaukee,-88.00151055422857,43.01706981291786,0,0,0,0,0,0,0,0,0,0,0,0,0,0,0,0,0,0,0,0,0,0,0,0,0,0,0,0,0,0,0,0,0,0,0,0,0,0,0,0,0,0,0,0,0,0,0,0,0,0,1,3,9,9,16,28,52,77,117,157,225,249,290,387,425,502,646,723,746,854,933,1036,1214,1214,1400,1478,1555,1652,1739,1839,1926,1991,2033,2092,2185,2269,2346,2403,2494,2540,2588,2662,2742,2800
57628,MN--WI,Minneapolis--St. Paul,-93.37602510817244,45.011124660025736,0,0,0,0,0,0,0,0,0,0,0,0,0,0,0,0,0,0,0,0,0,0,0,0,0,0,0,0,0,0,0,0,0,0,0,0,0,0,0,0,0,0,0,0,1,1,1,1,1,2,4,4,11,11,34,37,43,47,64,73,82,123,139,151,175,197,219,244,274,299,328,348,364,385,420,441,479,526,568,612,673,789,789,795,903,903,1076,1159,1214,1274,1326,1392,1467,1554
58303,GA,Monroe,-83.73552314,33.78017694,0,0,0,0,0,0,0,0,0,0,0,0,0,0,0,0,0,0,0,0,0,0,0,0,0,0,0,0,0,0,0,0,0,0,0,0,0,0,0,0,0,0,0,0,0,0,0,0,0,0,0,0,0,0,0,0,0,0,0,0,0,0,1,1,0,0,2,5,4,6,12,14,16,16,19,23,24,25,27,36,36,39,44,52,52,55,59,58,60,63,64,73,81,92
58330,LA,Monroe,-92.15704172,32.47645559,0,0,0,0,0,0,0,0,0,0,0,0,0,0,0,0,0,0,0,0,0,0,0,0,0,0,0,0,0,0,0,0,0,0,0,0,0,0,0,0,0,0,0,0,0,0,0,0,0,0,0,0,0,0,0,0,0,0,0,2,2,9,7,10,19,25,34,41,44,57,80,94,114,176,182,230,264,275,300,326,350,367,384,387,411,429,470,483,511,518,532,552,579,598
59410,TN,Morristown,-83.26586179,36.21990035,0,0,0,0,0,0,0,0,0,0,0,0,0,0,0,0,0,0,0,0,0,0,0,0,0,0,0,0,0,0,0,0,0,0,0,0,0,0,0,0,0,0,0,0,0,0,0,0,0,0,0,0,0,0,0,0,0,0,0,2,2,3,2,2,2,2,2,2,2,2,3,3,3,4,4,4,4,4,4,4,4,5,6,6,6,7,7,7,8,8,13,13,14,14
59572,GA,Moultrie,-83.7677946,31.18810588,0,0,0,0,0,0,0,0,0,0,0,0,0,0,0,0,0,0,0,0,0,0,0,0,0,0,0,0,0,0,0,0,0,0,0,0,0,0,0,0,0,0,0,0,0,0,0,0,0,0,0,0,0,0,0,0,0,0,0,0,0,0,2,2,4,4,5,6,6,18,20,23,34,46,50,53,69,68,78,80,80,87,88,88,89,98,115,119,122,145,154,158,163,165
60328,IL,Mount Vernon,-88.9240025,38.29980057,0,0,0,0,0,0,0,0,0,0,0,0,0,0,0,0,0,0,0,0,0,0,0,0,0,0,0,0,0,0,0,0,0,0,0,0,0,0,0,0,0,0,0,0,0,0,0,0,0,0,0,0,0,0,0,0,0,0,0,0,0,0,0,0,0,0,0,0,0,0,0,0,0,0,2,1,3,3,2,5,6,7,8,8,9,10,11,12,31,32,34,75,77,80
60473,TX,Mount Vernon,-95.21917243,33.17653242,0,0,0,0,0,0,0,0,0,0,0,0,0,0,0,0,0,0,0,0,0,0,0,0,0,0,0,0,0,0,0,0,0,0,0,0,0,0,0,0,0,0,0,0,0,0,0,0,0,0,0,0,0,0,0,0,0,0,0,0,0,0,0,0,0,0,0,1,1,1,1,1,1,1,1,1,1,1,1,1,1,1,1,1,1,1,1,1,1,1,1,1,1,1
60625,IN,Muncie,-85.39732772,40.22787247,0,0,0,0,0,0,0,0,0,0,0,0,0,0,0,0,0,0,0,0,0,0,0,0,0,0,0,0,0,0,0,0,0,0,0,0,0,0,0,0,0,0,0,0,0,0,0,0,0,0,0,0,0,0,0,0,0,0,1,1,2,2,4,7,7,8,8,14,15,18,22,25,30,33,37,40,40,46,49,56,63,66,69,72,77,85,91,92,110,114,116,121,126,132
60733,TN,Murfreesboro,-86.4107263,35.84591405,0,0,0,0,0,0,0,0,0,0,0,0,0,0,0,0,0,0,0,0,0,0,0,0,0,0,0,0,0,0,0,0,0,0,0,0,0,0,0,0,0,0,0,0,0,0,0,0,0,0,0,1,1,1,1,1,1,1,1,5,8,9,13,19,27,39,46,48,48,68,86,113,127,140,147,161,178,193,203,222,235,243,250,253,253,269,271,295,309,328,338,338,352,364
60976,ID,Nampa,-116.70954990000001,43.61970148,0,0,0,0,0,0,0,0,0,0,0,0,0,0,0,0,0,0,0,0,0,0,0,0,0,0,0,0,0,0,0,0,0,0,0,0,0,0,0,0,0,0,0,0,0,0,0,0,0,0,0,0,0,0,0,0,0,0,1,1,1,3,5,5,13,23,23,22,40,48,53,68,79,89,99,101,104,114,121,139,145,146,155,161,167,181,181,187,187,187,207,212,222,226
61273,TN,Nashville-Davidson,-86.78646056,36.17007426,0,0,0,0,0,0,0,0,0,0,0,0,0,0,0,0,0,0,0,0,0,0,0,0,0,0,0,0,0,0,0,0,0,0,0,0,0,0,0,0,0,0,0,0,0,0,1,1,1,2,6,10,14,14,25,42,58,75,101,140,167,164,253,257,293,312,376,394,443,541,673,785,685,741,801,819,888,946,1004,1048,1111,1349,1207,1237,1237,1283,1307,1465,1638,1675,1719,1719,1934,2011
61651,MS,New Albany,-89.00776006,34.49162015,0,0,0,0,0,0,0,0,0,0,0,0,0,0,0,0,0,0,0,0,0,0,0,0,0,0,0,0,0,0,0,0,0,0,0,0,0,0,0,0,0,0,0,0,0,0,0,0,0,0,0,0,0,0,0,0,0,0,0,0,1,1,1,2,2,3,3,3,3,3,3,4,5,6,6,6,6,6,6,7,7,7,7,8,9,9,9,9,11,11,12,12,14,14
61840,NC,New Bern,-77.08398081,35.11833364,0,0,0,0,0,0,0,0,0,0,0,0,0,0,0,0,0,0,0,0,0,0,0,0,0,0,0,0,0,0,0,0,0,0,0,0,0,0,0,0,0,0,0,0,0,0,0,0,0,0,0,0,1,1,1,1,1,2,2,2,2,2,3,3,3,4,4,5,5,6,7,10,13,14,15,18,18,19,22,23,24,25,27,29,31,32,33,33,34,36,36,36,37,39
61894,SC,Newberry,-81.59935761,34.28629098,0,0,0,0,0,0,0,0,0,0,0,0,0,0,0,0,0,0,0,0,0,0,0,0,0,0,0,0,0,0,0,0,0,0,0,0,0,0,0,0,0,0,0,0,0,0,0,0,0,0,0,0,0,0,0,0,0,0,0,1,1,1,1,1,1,1,2,2,2,2,2,4,5,8,7,7,7,7,11,13,13,13,13,15,16,22,23,23,21,21,20,21,21,22
61921,TX,New Boston,-94.41834132,33.44626922,0,0,0,0,0,0,0,0,0,0,0,0,0,0,0,0,0,0,0,0,0,0,0,0,0,0,0,0,0,0,0,0,0,0,0,0,0,0,0,0,0,0,0,0,0,0,0,0,0,0,0,0,0,0,1,1,1,1,1,1,1,1,1,1,1,2,3,3,4,9,9,9,10,17,17,14,17,20,23,29,30,32,32,32,37,45,53,56,57,57,64,66,66,67
62137,IN,New Castle,-85.39625719,39.93029017,0,0,0,0,0,0,0,0,0,0,0,0,0,0,0,0,0,0,0,0,0,0,0,0,0,0,0,0,0,0,0,0,0,0,0,0,0,0,0,0,0,0,0,0,0,0,0,0,0,0,0,0,0,0,0,0,0,0,0,0,0,0,0,0,0,1,1,2,2,1,4,6,7,8,11,13,16,19,19,20,22,23,23,22,23,24,26,29,31,31,28,29,30,31
62164,PA,New Castle,-80.33393706,40.99206278,0,0,0,0,0,0,0,0,0,0,0,0,0,0,0,0,0,0,0,0,0,0,0,0,0,0,0,0,0,0,0,0,0,0,0,0,0,0,0,0,0,0,0,0,0,0,0,0,0,0,0,0,0,0,0,0,0,0,0,0,0,0,0,1,1,4,8,8,10,13,13,16,19,22,23,24,29,32,37,45,46,49,51,51,55,55,59,60,59,59,60,61,61,61
62272,OK,New Cordell,-98.99180434,35.29071824,0,0,0,0,0,0,0,0,0,0,0,0,0,0,0,0,0,0,0,0,0,0,0,0,0,0,0,0,0,0,0,0,0,0,0,0,0,0,0,0,0,0,0,0,0,0,0,0,0,0,0,0,0,0,0,0,0,0,0,0,0,0,0,0,0,0,0,0,0,0,0,0,1,0,0,0,0,0,0,0,0,0,0,0,0,0,0,0,0,0,0,0,0,1
62380,IA,New Hampton,-92.31773347,43.06001295000001,0,0,0,0,0,0,0,0,0,0,0,0,0,0,0,0,0,0,0,0,0,0,0,0,0,0,0,0,0,0,0,0,0,0,0,0,0,0,0,0,0,0,0,0,0,0,0,0,0,0,0,0,0,0,0,0,0,0,0,0,0,0,0,0,0,0,0,0,0,0,0,0,0,0,0,1,1,1,2,2,2,2,2,2,2,2,2,2,3,3,3,3,3,3
62407,CT,New Haven,-72.93620426,41.408032500000004,0,0,0,0,0,0,0,0,0,0,0,0,0,0,0,0,0,0,0,0,0,0,0,0,0,0,0,0,0,0,0,0,0,0,0,0,0,0,0,0,0,0,0,0,0,0,0,0,0,0,0,0,4,4,4,8,10,23,23,23,29,41,89,127,156,222,236,280,373,517,611,647,891,1024,1162,1468,1664,1664,2183,2383,2715,2946,3358,3543,3758,4163,4520,4743,4871,5272,5493,5811,6064,6286
62677,LA,New Orleans,-90.35555967,29.90709658,0,0,0,0,0,0,0,0,0,0,0,0,0,0,0,0,0,0,0,0,0,0,0,0,0,0,0,0,0,0,0,0,0,0,0,0,0,0,0,0,0,0,0,0,0,0,0,0,0,0,0,0,2,2,3,3,3,4,7,7,7,15,15,17,22,23,30,31,36,71,82,180,210,252,260,285,310,328,362,376,401,404,410,460,476,486,471,487,488,508,516,522,529,536
63082,IA,Newton,-93.05567785,41.68576082,0,0,0,0,0,0,0,0,0,0,0,0,0,0,0,0,0,0,0,0,0,0,0,0,0,0,0,0,0,0,0,0,0,0,0,0,0,0,0,0,0,0,0,0,0,0,0,0,0,0,0,0,0,0,0,0,0,0,0,0,0,0,1,1,2,2,3,4,5,6,7,7,8,8,8,8,8,8,9,10,10,11,12,15,17,23,28,33,36,42,53,53,55,73
63217,NY--NJ--CT,New York--Newark,-73.99077593214234,40.80537082364909,0,0,0,0,0,0,0,0,0,0,0,0,0,0,0,0,0,0,0,0,0,0,0,0,0,0,0,0,0,0,0,0,0,0,0,0,0,0,0,0,1,2,11,25,33,78,107,143,158,230,317,415,581,602,966,1579,3062,5711,7769,11434,15331,20327,24945,29746,37515,44689,52418,59707,67520,77291,86026,95315,107101,120238,129571,139651,149561,161585,172877,184456,195102,204537,211959,220475,232788,243474,252297,264436,272412,278873,283506,292241,295362,303739
63244,KY,Nicholasville,-84.58252003,37.87119786,0,0,0,0,0,0,0,0,0,0,0,0,0,0,0,0,0,0,0,0,0,0,0,0,0,0,0,0,0,0,0,0,0,0,0,0,0,0,0,0,0,0,0,0,0,0,0,0,0,0,0,0,0,0,0,0,0,0,0,0,0,1,1,1,1,1,1,10,11,13,13,13,13,15,16,16,16,16,18,18,18,26,26,28,29,30,31,33,32,32,32,31,31,31
63865,IN,North Vernon,-85.62710784,38.99588883,0,0,0,0,0,0,0,0,0,0,0,0,0,0,0,0,0,0,0,0,0,0,0,0,0,0,0,0,0,0,0,0,0,0,0,0,0,0,0,0,0,0,0,0,0,0,0,0,0,0,0,0,0,0,0,0,1,1,1,1,1,1,2,3,4,5,10,13,14,15,17,23,31,35,35,37,41,42,45,46,54,56,56,58,60,63,63,63,64,64,64,64,67,68
63946,NC,North Wilkesboro--Wilkesboro,-81.16232895,36.2084135,0,0,0,0,0,0,0,0,0,0,0,0,0,0,0,0,0,0,0,0,0,0,0,0,0,0,0,0,0,0,0,0,0,0,0,0,0,0,0,0,0,0,0,0,0,0,0,0,0,0,0,0,0,0,0,0,0,0,0,0,0,0,0,0,0,0,0,0,1,2,2,4,4,4,4,4,4,4,4,4,4,4,4,4,4,4,4,4,4,4,5,5,8,11
64027,VA,Norton--Wise,-82.62750411,36.93357076,0,0,0,0,0,0,0,0,0,0,0,0,0,0,0,0,0,0,0,0,0,0,0,0,0,0,0,0,0,0,0,0,0,0,0,0,0,0,0,0,0,0,0,0,0,0,0,0,0,0,0,0,0,0,0,0,0,0,0,0,0,0,0,0,0,0,0,0,0,0,0,0,0,0,0,0,0,0,0,0,0,0,0,0,0,0,0,1,2,2,2,2,2,2
64135,CT--RI,Norwich--New London,-72.10430976,41.48896435,0,0,0,0,0,0,0,0,0,0,0,0,0,0,0,0,0,0,0,0,0,0,0,0,0,0,0,0,0,0,0,0,0,0,0,0,0,0,0,0,0,0,0,0,0,0,0,0,0,0,0,0,0,0,0,0,0,0,1,1,3,4,6,9,13,15,19,20,24,27,29,29,40,57,57,65,85,85,139,156,185,190,222,227,236,255,292,315,339,356,369,397,419,448
64567,FL,Ocala,-82.05803627,29.212271130000005,0,0,0,0,0,0,0,0,0,0,0,0,0,0,0,0,0,0,0,0,0,0,0,0,0,0,0,0,0,0,0,0,0,0,0,0,0,0,0,0,0,0,0,0,0,0,0,0,0,0,0,0,0,0,0,0,0,0,0,2,3,4,4,5,5,8,17,20,23,25,28,33,38,42,50,53,63,65,72,82,83,93,101,104,107,112,116,118,121,129,130,130,145,148
65269,NE--IA,Omaha,-96.15085305,41.29518299,0,0,0,0,0,0,0,0,0,0,0,0,0,0,0,0,0,0,0,0,0,0,0,0,0,0,0,0,0,0,0,0,0,0,0,0,0,0,0,0,0,0,0,0,1,1,1,3,3,4,9,12,16,15,16,19,19,23,22,25,34,34,39,43,44,44,51,57,75,85,101,116,124,131,144,159,159,181,198,214,228,239,242,251,251,259,266,266,280,291,296,310,327,362
65863,FL,Orlando,-81.31799498,28.513676210000003,0,0,0,0,0,0,0,0,0,0,0,0,0,0,0,0,0,0,0,0,0,0,0,0,0,0,0,0,0,0,0,0,0,0,0,0,0,0,0,0,0,0,0,0,0,0,0,0,0,0,0,0,1,2,2,6,9,19,23,29,33,48,50,77,110,156,206,246,293,373,392,541,602,657,713,744,763,803,857,895,914,949,1024,1038,1073,1114,1158,1180,1198,1216,1235,1251,1274,1290
66133,IA,Osceola,-93.78499767,41.02868181,0,0,0,0,0,0,0,0,0,0,0,0,0,0,0,0,0,0,0,0,0,0,0,0,0,0,0,0,0,0,0,0,0,0,0,0,0,0,0,0,0,0,0,0,0,0,0,0,0,0,0,0,0,0,0,0,0,0,0,0,0,0,0,0,0,0,0,0,0,0,0,0,0,0,1,1,1,1,1,2,2,2,2,2,2,2,2,3,2,2,2,2,2,2
66376,IA,Ottumwa,-92.40954728,41.03064984,0,0,0,0,0,0,0,0,0,0,0,0,0,0,0,0,0,0,0,0,0,0,0,0,0,0,0,0,0,0,0,0,0,0,0,0,0,0,0,0,0,0,0,0,0,0,0,0,0,0,0,0,0,0,0,0,0,0,0,0,0,1,1,1,1,1,1,1,1,1,1,1,1,1,1,2,2,2,2,3,4,4,6,7,7,6,6,7,6,6,6,6,6,7
66484,KY,Owensboro,-87.09019479999998,37.73028906,0,0,0,0,0,0,0,0,0,0,0,0,0,0,0,0,0,0,0,0,0,0,0,0,0,0,0,0,0,0,0,0,0,0,0,0,0,0,0,0,0,0,0,0,0,0,0,0,0,0,0,0,0,0,0,0,0,1,1,1,1,11,11,14,14,14,20,27,27,34,34,34,34,55,55,55,58,58,61,79,79,81,81,87,89,106,105,109,125,130,130,134,133,145
66781,KY--IL,Paducah,-88.70445755,37.05350953,0,0,0,0,0,0,0,0,0,0,0,0,0,0,0,0,0,0,0,0,0,0,0,0,0,0,0,0,0,0,0,0,0,0,0,0,0,0,0,0,0,0,0,0,0,0,0,0,0,0,0,0,0,0,0,0,0,0,0,0,0,0,1,2,2,2,2,3,5,8,8,8,8,10,13,13,13,13,16,16,16,21,21,23,24,28,27,29,29,29,30,30,30,31
67105,FL,Palm Bay--Melbourne,-80.73091022,28.29409504,0,0,0,0,0,0,0,0,0,0,0,0,0,0,0,0,0,0,0,0,0,0,0,0,0,0,0,0,0,0,0,0,0,0,0,0,0,0,0,0,0,0,0,0,0,0,0,0,0,0,0,0,0,0,0,1,2,3,4,5,7,7,9,11,13,16,26,28,31,37,38,49,62,72,79,88,98,102,106,115,120,133,148,163,173,192,205,210,215,218,224,225,235,247
67294,FL,Panama City,-85.62122584,30.26548745,0,0,0,0,0,0,0,0,0,0,0,0,0,0,0,0,0,0,0,0,0,0,0,0,0,0,0,0,0,0,0,0,0,0,0,0,0,0,0,0,0,0,0,0,0,0,0,0,0,0,0,0,0,0,0,0,0,0,0,1,1,1,1,1,3,3,5,6,6,8,10,15,18,23,24,24,25,28,30,36,36,37,38,38,39,42,44,48,55,57,58,59,60,63
67564,TX,Paris,-95.57404777,33.66981763,0,0,0,0,0,0,0,0,0,0,0,0,0,0,0,0,0,0,0,0,0,0,0,0,0,0,0,0,0,0,0,0,0,0,0,0,0,0,0,0,0,0,0,0,0,0,0,0,0,0,0,0,0,0,0,0,0,0,1,1,1,1,1,1,1,1,1,3,3,3,3,3,3,5,5,6,6,6,8,8,8,8,8,8,7,7,7,7,7,7,7,8,8,8
67672,WV--OH,Parkersburg,-81.5162836,39.20967886,0,0,0,0,0,0,0,0,0,0,0,0,0,0,0,0,0,0,0,0,0,0,0,0,0,0,0,0,0,0,0,0,0,0,0,0,0,0,0,0,0,0,0,0,0,0,0,0,0,0,0,0,0,0,0,0,0,0,0,0,0,0,0,1,1,2,2,2,2,2,2,3,5,7,10,11,13,14,14,18,18,18,18,21,22,25,29,29,31,31,31,33,35,36
69076,PA--NJ--DE--MD,Philadelphia,-75.16586088682989,40.02005661222587,0,0,0,0,0,0,0,0,0,0,0,0,0,0,0,0,0,0,0,0,0,0,0,0,0,0,0,0,0,0,0,0,0,0,0,0,0,0,0,0,0,0,0,0,1,1,5,6,13,16,20,35,40,40,62,84,126,162,227,278,354,517,697,911,1275,1630,1946,2312,2688,3100,3760,4525,5296,6323,6960,8012,9046,10160,11173,12320,13435,14241,15226,15928,16773,17916,18931,19971,20979,21857,22900,23502,25485,26794
69697,PA,Pittsburgh,-79.89484590781761,40.420667257603775,0,0,0,0,0,0,0,0,0,0,0,0,0,0,0,0,0,0,0,0,0,0,0,0,0,0,0,0,0,0,0,0,0,0,0,0,0,0,0,0,0,0,0,0,0,0,0,0,0,0,0,1,3,3,7,12,15,23,35,40,51,61,78,114,169,202,283,336,371,419,463,541,626,733,802,852,923,962,1012,1056,1120,1148,1173,1194,1212,1238,1271,1368,1401,1411,1436,1475,1548,1590
71317,OR--WA,Portland,-122.4169351,45.54747959,0,0,0,0,0,0,0,0,0,0,0,0,0,0,0,0,0,0,0,0,0,0,0,0,0,0,0,0,0,0,0,0,0,0,0,0,0,0,0,0,0,0,0,0,0,0,0,0,0,1,1,1,1,1,1,3,3,7,12,18,19,21,25,33,45,67,81,91,100,116,134,160,175,175,233,233,243,258,302,302,317,374,398,420,430,448,467,493,514,520,542,566,582,596
71965,KS,Pratt,-98.73922153,37.64780729,0,0,0,0,0,0,0,0,0,0,0,0,0,0,0,0,0,0,0,0,0,0,0,0,0,0,0,0,0,0,0,0,0,0,0,0,0,0,0,0,0,0,0,0,0,0,0,0,0,0,0,0,0,0,0,0,0,0,0,0,0,0,0,0,0,0,0,0,0,0,1,1,1,1,1,1,1,1,1,1,1,1,1,1,1,1,1,1,1,1,1,1,1,1
72253,MD,Prince Frederick,-76.56820632,38.53961642,0,0,0,0,0,0,0,0,0,0,0,0,0,0,0,0,0,0,0,0,0,0,0,0,0,0,0,0,0,0,0,0,0,0,0,0,0,0,0,0,0,0,0,0,0,0,0,0,0,0,0,0,0,0,0,0,0,1,1,1,2,1,3,3,7,9,8,10,12,15,18,22,30,33,39,40,41,56,66,76,82,90,94,99,102,103,109,109,113,114,116,118,121,125
72505,RI--MA,Providence,-71.56452823635505,41.84281498617186,0,0,0,0,0,0,0,0,0,0,0,0,0,0,0,0,0,0,0,0,0,0,0,0,0,0,0,0,0,0,0,0,0,0,0,0,0,0,0,1,2,2,2,2,2,3,3,3,3,5,3,3,20,20,21,23,33,44,44,46,66,92,92,92,118,118,118,214,214,276,381,531,531,531,636,697,806,1056,1056,1199,1560,1560,1560,1560,2343,2465,3162,3162,3492,4031,4291,4678,4994,5295
72559,UT,Provo--Orem,-111.66576620000001,40.116672200000004,0,0,0,0,0,0,0,0,0,0,0,0,0,0,0,0,0,0,0,0,0,0,0,0,0,0,0,0,0,0,0,0,0,0,0,0,0,0,0,0,0,0,0,0,0,0,0,0,0,0,0,0,0,0,0,0,1,2,2,3,6,11,13,18,24,26,30,50,57,70,70,105,150,186,216,223,236,267,267,283,295,313,322,335,352,387,403,417,455,498,523,570,611,669
72667,TN,Pulaski,-87.03992678000002,35.20222469,0,0,0,0,0,0,0,0,0,0,0,0,0,0,0,0,0,0,0,0,0,0,0,0,0,0,0,0,0,0,0,0,0,0,0,0,0,0,0,0,0,0,0,0,0,0,0,0,0,0,0,0,0,0,0,0,0,0,0,0,0,0,0,0,0,0,0,0,1,3,3,3,3,3,3,3,3,3,3,3,3,3,3,3,3,4,5,5,5,5,6,6,6,6
72694,VA,Pulaski,-80.71229738,37.06474963,0,0,0,0,0,0,0,0,0,0,0,0,0,0,0,0,0,0,0,0,0,0,0,0,0,0,0,0,0,0,0,0,0,0,0,0,0,0,0,0,0,0,0,0,0,0,0,0,0,0,0,0,0,0,0,0,0,0,0,0,0,0,0,0,0,0,0,0,0,0,0,0,1,1,1,1,2,2,3,4,4,4,4,4,4,5,8,8,8,8,8,9,9,10
73018,FL,Quincy,-84.61915825,30.57796289,0,0,0,0,0,0,0,0,0,0,0,0,0,0,0,0,0,0,0,0,0,0,0,0,0,0,0,0,0,0,0,0,0,0,0,0,0,0,0,0,0,0,0,0,0,0,0,0,0,0,0,0,0,0,0,0,0,1,1,1,1,1,1,1,1,1,1,1,1,1,1,2,3,4,4,5,6,8,10,14,14,17,36,38,40,44,47,48,51,57,57,58,69,79
73261,NC,Raleigh,-78.65249174,35.78879266,0,0,0,0,0,0,0,0,0,0,0,0,0,0,0,0,0,0,0,0,0,0,0,0,0,0,0,0,0,0,0,0,0,0,0,0,0,0,0,0,0,1,1,1,1,1,1,1,6,6,7,8,11,14,15,15,22,25,32,32,52,52,66,73,100,123,123,146,166,193,213,251,275,283,304,314,351,365,385,391,424,470,476,501,537,556,574,579,592,605,613,613,633,640
73693,PA,Reading,-75.92457766,40.41570541,0,0,0,0,0,0,0,0,0,0,0,0,0,0,0,0,0,0,0,0,0,0,0,0,0,0,0,0,0,0,0,0,0,0,0,0,0,0,0,0,0,0,0,0,0,0,0,0,0,0,0,0,0,0,0,0,1,1,5,7,13,14,16,20,36,65,65,68,82,110,151,168,201,235,276,326,369,416,616,720,930,1035,1150,1247,1335,1419,1537,1748,1898,1945,1988,2069,2212,2339
74665,KY,Richmond,-84.27220275,37.71659336,0,0,0,0,0,0,0,0,0,0,0,0,0,0,0,0,0,0,0,0,0,0,0,0,0,0,0,0,0,0,0,0,0,0,0,0,0,0,0,0,0,0,0,0,0,0,0,0,0,0,0,0,0,0,0,0,0,0,0,0,0,2,2,2,2,2,2,7,8,10,10,10,10,11,11,11,12,12,14,14,14,18,18,20,21,21,21,21,21,21,21,23,23,26
74746,VA,Richmond,-77.41300554910434,37.51139568943675,0,0,0,0,0,0,0,0,0,0,0,0,0,0,0,0,0,0,0,0,0,0,0,0,0,0,0,0,0,0,0,0,0,0,0,0,0,0,0,0,0,0,0,0,0,0,0,0,0,0,0,0,0,0,1,2,5,6,8,13,8,19,25,33,35,45,52,66,74,94,119,148,203,289,313,332,400,433,472,512,553,570,607,656,680,736,787,830,875,897,943,1011,1064,1083
75421,VA,Roanoke,-80.021686410625,37.27397070262499,0,0,0,0,0,0,0,0,0,0,0,0,0,0,0,0,0,0,0,0,0,0,0,0,0,0,0,0,0,0,0,0,0,0,0,0,0,0,0,0,0,0,0,0,0,0,0,0,0,0,0,0,0,0,0,0,0,0,0,0,0,0,0,1,1,2,2,4,8,9,10,14,14,16,16,17,21,24,25,30,31,35,40,42,42,47,50,50,52,54,56,66,70,80
75529,IL,Robinson,-87.75954624,39.0032229,0,0,0,0,0,0,0,0,0,0,0,0,0,0,0,0,0,0,0,0,0,0,0,0,0,0,0,0,0,0,0,0,0,0,0,0,0,0,0,0,0,0,0,0,0,0,0,0,0,0,0,0,0,0,0,0,0,0,0,0,0,0,0,0,0,0,0,0,1,1,1,1,1,2,3,5,4,4,4,4,4,4,4,4,4,4,4,5,4,4,7,8,10,10
75664,NY,Rochester,-77.69322942,43.14638895,0,0,0,0,0,0,0,0,0,0,0,0,0,0,0,0,0,0,0,0,0,0,0,0,0,0,0,0,0,0,0,0,0,0,0,0,0,0,0,0,0,0,0,0,0,0,0,0,0,0,2,1,2,2,11,14,19,30,36,46,68,81,106,118,148,166,202,219,246,257,349,420,464,512,548,574,596,651,698,742,767,798,823,850,884,932,975,1008,1032,1054,1070,1112,1152,1199
75799,ME,Rockland,-69.10529169,44.11486325,0,0,0,0,0,0,0,0,0,0,0,0,0,0,0,0,0,0,0,0,0,0,0,0,0,0,0,0,0,0,0,0,0,0,0,0,0,0,0,0,0,0,0,0,0,0,0,0,0,0,0,0,0,0,1,1,0,0,0,0,0,1,1,1,1,2,2,4,4,5,5,7,9,9,9,9,9,9,10,10,10,10,12,11,12,12,12,12,12,12,13,13,13,13
76015,VA,Rocky Mount,-79.88023649,36.99536167,0,0,0,0,0,0,0,0,0,0,0,0,0,0,0,0,0,0,0,0,0,0,0,0,0,0,0,0,0,0,0,0,0,0,0,0,0,0,0,0,0,0,0,0,0,0,0,0,0,0,0,0,0,0,0,0,0,0,1,1,1,1,1,1,1,1,1,5,5,5,5,6,9,10,10,10,11,12,13,13,14,14,14,15,15,15,15,15,15,16,16,17,17,19
76204,GA,Rome,-85.21577392,34.26268279,0,0,0,0,0,0,0,0,0,0,0,0,0,0,0,0,0,0,0,0,0,0,0,0,0,0,0,0,0,0,0,0,0,0,0,0,0,0,0,0,0,0,0,0,0,0,0,0,1,1,2,3,3,3,4,6,6,6,7,8,9,10,11,14,16,20,27,27,28,35,60,71,77,79,80,84,89,93,99,99,105,108,111,120,120,121,121,121,122,126,127,128,128,131
76231,NY,Rome,-75.43710392,43.24375382,0,0,0,0,0,0,0,0,0,0,0,0,0,0,0,0,0,0,0,0,0,0,0,0,0,0,0,0,0,0,0,0,0,0,0,0,0,0,0,0,0,0,0,0,0,0,0,0,0,0,0,0,0,0,0,1,2,2,2,4,4,5,10,10,13,13,23,26,34,34,50,61,71,80,95,100,118,125,158,172,181,195,206,229,246,249,261,268,275,279,284,301,317,323
76474,IL--WI,Round Lake Beach--McHenry--Grayslake,-88.00367925,42.3224907,0,0,0,0,0,0,0,0,0,0,0,0,0,0,0,0,0,0,0,0,0,0,0,0,0,0,0,0,0,0,0,0,0,0,0,0,0,0,0,0,0,0,0,0,0,0,0,0,0,1,1,2,3,3,4,7,18,37,37,63,69,96,111,139,139,230,241,300,343,389,477,540,608,683,742,815,923,1041,1124,1230,1331,1445,1516,1621,1711,1767,1914,2073,2162,2216,2287,2379,2540,2717
76798,IN,Rushville,-85.4655599,39.62002287,0,0,0,0,0,0,0,0,0,0,0,0,0,0,0,0,0,0,0,0,0,0,0,0,0,0,0,0,0,0,0,0,0,0,0,0,0,0,0,0,0,0,0,0,0,0,0,0,0,0,0,0,0,0,0,0,0,0,0,0,0,0,0,1,1,3,3,2,4,4,5,7,8,10,10,12,14,14,14,12,13,15,17,16,17,17,20,19,19,21,22,21,21,26
77068,CA,Sacramento,-121.34253740000001,38.45106826,0,0,0,0,0,0,0,0,0,0,0,0,0,0,0,0,0,0,0,0,0,0,0,0,0,0,0,0,0,0,1,1,1,1,1,1,2,2,2,2,2,2,2,2,2,2,2,2,10,11,17,17,29,29,33,40,40,45,53,53,53,88,88,113,113,164,164,164,224,224,224,314,390,390,442,462,525,580,580,653,653,707,739,816,853,879,896,914,925,940,954,971,987,1019
77581,MN,St. James,-94.61413846,43.97823903,0,0,0,0,0,0,0,0,0,0,0,0,0,0,0,0,0,0,0,0,0,0,0,0,0,0,0,0,0,0,0,0,0,0,0,0,0,0,0,0,0,0,0,0,0,0,0,0,0,0,0,0,0,0,0,0,0,0,0,0,0,0,0,0,0,0,0,0,1,1,2,3,3,3,4,4,4,4,4,4,4,4,4,4,4,4,4,4,4,4,4,4,4,5
77770,MO--IL,St. Louis,-90.4246287480211,38.65464500723434,0,0,0,0,0,0,0,0,0,0,0,0,0,0,0,0,0,0,0,0,0,0,0,0,0,0,0,0,0,0,0,0,0,0,0,0,0,0,0,0,0,0,0,0,0,0,1,1,1,1,2,2,2,2,2,4,6,11,16,26,35,88,131,185,266,351,445,481,524,713,893,1056,1056,1312,1343,1579,1880,1950,2099,2388,2510,2644,2802,2941,2974,3185,3280,3409,3509,3606,3700,3818,3971,4169
78121,IN,Salem,-86.1049363,38.60219804,0,0,0,0,0,0,0,0,0,0,0,0,0,0,0,0,0,0,0,0,0,0,0,0,0,0,0,0,0,0,0,0,0,0,0,0,0,0,0,0,0,0,0,0,0,0,0,0,0,0,0,0,0,0,0,0,0,0,0,0,1,1,2,2,3,4,4,5,6,6,9,12,14,16,18,18,20,21,23,23,23,25,26,26,27,28,27,28,29,31,31,31,33,36
78283,KS,Salina,-97.65185177,38.78369175,0,0,0,0,0,0,0,0,0,0,0,0,0,0,0,0,0,0,0,0,0,0,0,0,0,0,0,0,0,0,0,0,0,0,0,0,0,0,0,0,0,0,0,0,0,0,0,0,0,0,0,0,0,0,0,0,0,0,0,0,0,0,0,0,0,0,0,0,1,1,1,3,4,5,5,7,7,7,8,8,8,9,10,13,13,15,15,15,15,17,17,17,17,18
78499,UT,Salt Lake City--West Valley City,-111.92160109999999,40.66616532,0,0,0,0,0,0,0,0,0,0,0,0,0,0,0,0,0,0,0,0,0,0,0,0,0,0,0,0,0,0,0,0,0,0,0,0,0,0,0,0,0,0,0,0,0,0,0,0,0,0,0,1,1,14,16,20,22,29,44,57,80,109,124,151,178,218,276,321,360,396,396,476,541,650,741,777,807,858,858,1011,1071,1126,1157,1187,1285,1377,1456,1547,1615,1671,1714,1795,1889,1975
78553,TX,San Angelo,-100.46244300000001,31.40464436,0,0,0,0,0,0,0,0,0,0,0,0,0,0,0,0,0,0,0,0,0,0,0,0,0,0,0,0,0,0,0,0,0,0,0,0,0,0,0,0,0,0,0,0,0,0,0,0,0,0,0,0,0,0,0,0,0,0,0,0,0,0,1,3,2,2,3,5,6,9,9,10,17,20,21,24,24,25,32,33,35,35,39,39,40,40,41,41,41,41,41,41,41,42
78580,TX,San Antonio,-98.52019748,29.44928723,0,0,0,0,0,0,0,0,0,0,0,0,0,0,0,0,0,0,0,0,0,0,0,0,0,0,0,0,0,0,0,0,0,0,0,0,0,0,0,0,0,0,0,0,0,0,0,0,0,0,0,1,2,2,3,4,11,29,29,39,46,57,69,69,84,113,125,140,157,168,207,229,254,342,384,410,456,503,554,615,665,723,772,794,815,890,918,959,992,1015,1029,1080,1167,1334
78877,NC,Sanford,-79.17569362,35.47623147,0,0,0,0,0,0,0,0,0,0,0,0,0,0,0,0,0,0,0,0,0,0,0,0,0,0,0,0,0,0,0,0,0,0,0,0,0,0,0,0,0,0,0,0,0,0,0,0,0,0,0,0,0,0,0,0,0,0,1,1,1,1,1,1,2,2,2,2,2,3,3,3,3,3,3,3,4,5,4,4,8,15,15,15,16,18,30,30,34,38,45,66,65,92
78904,CA,San Francisco--Oakland,-122.43856720000001,37.75215114,0,0,0,0,0,0,0,0,0,0,0,0,0,0,0,0,0,0,0,0,0,0,0,0,0,0,0,0,0,0,0,0,0,0,0,0,0,0,0,0,0,0,0,2,2,9,9,9,14,14,18,23,28,28,40,43,51,70,76,84,108,131,152,178,223,279,308,340,374,397,434,450,497,529,568,583,622,676,724,797,857,872,957,987,1013,1019,1058,1137,1157,1216,1231,1233,1302,1340
79336,CA,Santa Cruz,-122.0066524,37.05580290999999,0,0,0,0,0,0,0,0,0,0,0,0,0,0,0,0,0,0,0,0,0,0,0,0,0,0,0,0,0,0,0,0,0,0,0,0,0,0,0,0,0,0,0,0,0,0,0,0,2,2,4,7,7,7,9,13,13,14,15,15,15,22,22,24,25,32,34,41,44,45,49,54,57,59,69,69,76,76,76,80,80,88,91,91,96,96,98,101,104,106,108,111,114,115
79768,GA,Savannah,-81.12489526,32.00043026,0,0,0,0,0,0,0,0,0,0,0,0,0,0,0,0,0,0,0,0,0,0,0,0,0,0,0,0,0,0,0,0,0,0,0,0,0,0,0,0,0,0,0,0,0,0,0,0,0,0,0,0,0,0,0,0,0,0,2,4,4,4,7,7,9,10,15,15,16,26,36,44,58,64,83,104,117,125,131,136,142,147,152,157,160,161,173,177,179,185,185,193,199,205
80011,KS,Scott City,-100.90665390000001,38.48222076,0,0,0,0,0,0,0,0,0,0,0,0,0,0,0,0,0,0,0,0,0,0,0,0,0,0,0,0,0,0,0,0,0,0,0,0,0,0,0,0,0,0,0,0,0,0,0,0,0,0,0,0,0,0,0,0,0,0,0,0,0,0,0,0,0,0,0,0,0,0,0,0,0,0,0,0,1,1,1,1,1,1,1,1,1,1,1,1,1,1,1,1,1,1
80173,KY,Scottsville,-86.19457544,36.75197631,0,0,0,0,0,0,0,0,0,0,0,0,0,0,0,0,0,0,0,0,0,0,0,0,0,0,0,0,0,0,0,0,0,0,0,0,0,0,0,0,0,0,0,0,0,0,0,0,0,0,0,0,0,0,0,0,0,0,0,0,0,0,0,1,1,1,1,1,1,2,2,2,2,2,2,2,2,2,3,3,3,4,4,2,2,3,4,4,4,4,4,5,5,6
80227,PA,Scranton,-75.60379201,41.43564672,0,0,0,0,0,0,0,0,0,0,0,0,0,0,0,0,0,0,0,0,0,0,0,0,0,0,0,0,0,0,0,0,0,0,0,0,0,0,0,0,0,0,0,0,0,0,0,0,0,0,0,0,0,0,0,0,1,2,4,5,6,7,15,18,28,35,51,56,62,78,85,108,119,146,172,190,235,266,312,346,392,427,459,501,527,559,592,620,636,646,666,682,707,735
80308,AR,Searcy,-91.74908296,35.25688493,0,0,0,0,0,0,0,0,0,0,0,0,0,0,0,0,0,0,0,0,0,0,0,0,0,0,0,0,0,0,0,0,0,0,0,0,0,0,0,0,0,0,0,0,0,0,0,0,0,0,0,0,0,0,0,0,0,0,0,0,0,1,1,1,1,6,6,6,6,10,11,15,23,23,25,25,27,27,27,27,28,28,28,28,28,28,29,29,29,29,29,29,29,30
80497,TX,Seguin,-97.94786822,29.58165339,0,0,0,0,0,0,0,0,0,0,0,0,0,0,0,0,0,0,0,0,0,0,0,0,0,0,0,0,0,0,0,0,0,0,0,0,0,0,0,0,0,0,0,0,0,0,0,0,0,0,0,0,0,0,0,0,0,0,1,1,1,2,4,4,9,8,8,10,13,15,17,20,23,26,28,28,39,45,46,47,47,49,49,50,50,53,53,53,57,58,60,63,64,64
81280,IN,Shelbyville,-85.79158570000001,39.52305623,0,0,0,0,0,0,0,0,0,0,0,0,0,0,0,0,0,0,0,0,0,0,0,0,0,0,0,0,0,0,0,0,0,0,0,0,0,0,0,0,0,0,0,0,0,0,0,0,0,0,0,0,0,0,0,0,0,0,1,1,1,1,1,2,2,6,10,12,13,15,19,24,26,32,37,45,51,56,61,63,68,71,75,77,79,86,97,99,105,111,120,125,145,154
81307,KY,Shelbyville,-85.194223,38.21476019,0,0,0,0,0,0,0,0,0,0,0,0,0,0,0,0,0,0,0,0,0,0,0,0,0,0,0,0,0,0,0,0,0,0,0,0,0,0,0,0,0,0,0,0,0,0,0,0,0,0,0,0,0,0,0,0,0,0,0,0,0,0,0,0,0,0,0,1,1,2,2,2,2,7,7,7,8,8,11,11,11,18,18,18,19,21,22,23,23,22,24,23,23,26
81334,TN,Shelbyville,-86.45549096,35.51123746,0,0,0,0,0,0,0,0,0,0,0,0,0,0,0,0,0,0,0,0,0,0,0,0,0,0,0,0,0,0,0,0,0,0,0,0,0,0,0,0,0,0,0,0,0,0,0,0,0,0,0,0,0,0,0,0,0,0,0,0,0,0,0,1,1,1,1,1,1,2,4,6,6,8,8,8,10,12,14,15,17,20,23,25,25,33,40,48,71,76,105,105,130,138
82198,IA,Sioux Center,-96.17675679999999,43.08221074,0,0,0,0,0,0,0,0,0,0,0,0,0,0,0,0,0,0,0,0,0,0,0,0,0,0,0,0,0,0,0,0,0,0,0,0,0,0,0,0,0,0,0,0,0,0,0,0,0,0,0,0,0,0,0,0,0,0,0,0,1,1,1,1,2,2,2,2,2,3,4,4,5,7,7,7,7,7,7,7,7,7,7,7,7,7,7,7,7,7,7,7,7,7
82900,KY,Somerset,-84.57629079,37.10466131,0,0,0,0,0,0,0,0,0,0,0,0,0,0,0,0,0,0,0,0,0,0,0,0,0,0,0,0,0,0,0,0,0,0,0,0,0,0,0,0,0,0,0,0,0,0,0,0,0,0,0,0,0,0,0,0,0,0,2,2,2,3,3,3,3,3,3,7,7,8,8,8,8,12,13,13,13,13,26,26,26,33,33,31,31,33,34,35,35,35,36,38,38,39
83332,MI,South Lyon--Howell,-83.91297209,42.60302282,0,0,0,0,0,0,0,0,0,0,0,0,0,0,0,0,0,0,0,0,0,0,0,0,0,0,0,0,0,0,0,0,0,0,0,0,0,0,0,0,0,0,0,0,0,0,0,0,0,0,0,0,0,0,0,0,0,1,3,6,8,9,13,16,21,31,41,59,64,80,102,113,121,129,135,143,155,174,181,196,206,209,225,238,254,263,269,276,279,288,301,308,312,312
83494,TN,Sparta,-85.45591799,35.92929884,0,0,0,0,0,0,0,0,0,0,0,0,0,0,0,0,0,0,0,0,0,0,0,0,0,0,0,0,0,0,0,0,0,0,0,0,0,0,0,0,0,0,0,0,0,0,0,0,0,0,0,0,0,0,0,0,0,0,0,0,0,0,0,1,1,1,1,1,1,1,2,2,2,2,2,2,2,2,3,3,3,3,4,4,4,4,4,4,4,4,4,4,4,4
83548,SC,Spartanburg,-81.99225984,34.92960077,0,0,0,0,0,0,0,0,0,0,0,0,0,0,0,0,0,0,0,0,0,0,0,0,0,0,0,0,0,0,0,0,0,0,0,0,0,0,0,0,0,0,0,0,0,0,0,1,1,1,1,1,1,1,1,1,1,1,1,2,2,3,4,9,9,16,21,25,30,37,45,50,60,72,75,88,120,120,139,150,170,174,174,190,191,199,204,211,213,219,219,227,237,238
83764,WA,Spokane,-117.4046494,47.62113146,0,0,0,0,0,0,0,0,0,0,0,0,0,0,0,0,0,0,0,0,0,0,0,0,0,0,0,0,0,0,0,0,0,0,0,0,0,0,0,0,0,0,0,0,0,0,0,0,0,0,0,0,3,3,3,4,5,9,11,16,20,20,29,33,67,83,108,108,136,136,158,182,194,209,219,222,222,239,246,251,251,274,276,276,278,286,298,302,307,313,315,317,320,330
83899,IL,Springfield,-89.65872023,39.75836914,0,0,0,0,0,0,0,0,0,0,0,0,0,0,0,0,0,0,0,0,0,0,0,0,0,0,0,0,0,0,0,0,0,0,0,0,0,0,0,0,0,0,0,0,0,0,0,0,0,0,0,0,0,2,2,4,3,4,4,4,4,4,5,5,5,7,8,9,12,14,17,18,20,25,29,31,32,33,39,42,43,43,44,50,50,54,58,61,62,64,68,69,76,81
83926,MA--CT,Springfield,-72.6354068690625,42.1579597465625,0,0,0,0,0,0,0,0,0,0,0,0,0,0,0,0,0,0,0,0,0,0,0,0,0,0,0,0,0,0,0,0,0,0,0,0,0,0,0,0,0,0,0,0,0,0,0,0,0,0,0,0,0,0,1,1,2,4,5,11,16,21,32,56,72,110,213,238,301,423,556,648,775,858,896,1036,1155,1245,1453,1588,1749,1866,1918,2031,2124,2233,2392,2560,2654,2654,2870,3023,3203,3456
83953,MO,Springfield,-93.34230916,37.2575872,0,0,0,0,0,0,0,0,0,0,0,0,0,0,0,0,0,0,0,0,0,0,0,0,0,0,0,0,0,0,0,0,0,0,0,0,0,0,0,0,0,0,0,0,0,0,0,0,0,0,0,1,1,2,3,3,4,6,8,8,10,17,19,23,25,31,41,46,48,48,51,54,54,64,64,69,72,72,74,76,77,79,79,80,80,81,87,88,90,90,92,92,92,93
83980,OH,Springfield,-83.78498252,39.91592258,0,0,0,0,0,0,0,0,0,0,0,0,0,0,0,0,0,0,0,0,0,0,0,0,0,0,0,0,0,0,0,0,0,0,0,0,0,0,0,0,0,0,0,0,0,0,0,0,0,0,0,0,0,0,0,0,0,1,1,1,1,1,2,2,2,2,2,7,6,6,6,7,7,7,8,10,11,13,14,14,18,20,20,20,21,23,25,26,25,26,28,28,29,30
84630,VA,Staunton--Waynesboro,-78.98136921,38.11208505,0,0,0,0,0,0,0,0,0,0,0,0,0,0,0,0,0,0,0,0,0,0,0,0,0,0,0,0,0,0,0,0,0,0,0,0,0,0,0,0,0,0,0,0,0,0,0,0,0,0,0,0,0,0,0,0,0,0,0,0,0,0,0,0,0,0,0,0,0,2,2,3,3,3,3,4,4,3,4,6,6,6,8,8,8,9,11,12,12,16,18,18,19,20
85087,CA,Stockton,-121.2730061,37.93433731999999,0,0,0,0,0,0,0,0,0,0,0,0,0,0,0,0,0,0,0,0,0,0,0,0,0,0,0,0,0,0,0,0,0,0,0,0,0,0,0,0,0,0,0,0,0,0,0,0,0,1,1,6,8,8,8,13,14,17,25,31,31,41,51,68,71,90,93,113,123,136,151,173,180,185,191,206,217,223,237,253,257,266,293,314,341,365,371,400,415,428,449,460,487,495
85438,IN,Sullivan,-87.41414469,39.08952258,0,0,0,0,0,0,0,0,0,0,0,0,0,0,0,0,0,0,0,0,0,0,0,0,0,0,0,0,0,0,0,0,0,0,0,0,0,0,0,0,0,0,0,0,0,0,0,0,0,0,0,0,0,0,0,0,0,0,0,0,0,0,0,1,1,1,1,1,1,2,3,3,3,3,3,3,3,4,4,4,5,6,6,6,6,7,7,7,8,9,10,10,10,12
85546,TX,Sulphur Springs,-95.56351139,33.14875072,0,0,0,0,0,0,0,0,0,0,0,0,0,0,0,0,0,0,0,0,0,0,0,0,0,0,0,0,0,0,0,0,0,0,0,0,0,0,0,0,0,0,0,0,0,0,0,0,0,0,0,0,0,0,0,0,0,0,0,0,0,0,1,1,1,1,1,1,2,2,3,3,3,3,4,4,4,4,4,4,4,4,4,4,4,4,4,4,4,4,4,4,4,4
85654,GA,Summerville,-85.34535662,34.47197698,0,0,0,0,0,0,0,0,0,0,0,0,0,0,0,0,0,0,0,0,0,0,0,0,0,0,0,0,0,0,0,0,0,0,0,0,0,0,0,0,0,0,0,0,0,0,0,0,0,0,0,0,0,0,0,0,0,0,0,0,1,1,1,1,1,1,1,1,1,3,3,3,3,3,3,3,4,4,5,4,5,6,7,8,8,8,9,9,9,9,10,11,11,13
85708,SC,Sumter,-80.37942316,33.91826534,0,0,0,0,0,0,0,0,0,0,0,0,0,0,0,0,0,0,0,0,0,0,0,0,0,0,0,0,0,0,0,0,0,0,0,0,0,0,0,0,0,0,0,0,0,0,0,0,0,0,0,0,0,0,0,0,0,0,1,3,3,4,8,10,10,10,24,30,34,39,48,66,75,79,80,90,105,105,126,142,146,148,148,156,161,168,176,181,181,185,185,206,207,209
86302,NY,Syracuse,-76.19971155,43.00491923,0,0,0,0,0,0,0,0,0,0,0,0,0,0,0,0,0,0,0,0,0,0,0,0,0,0,0,0,0,0,0,0,0,0,0,0,0,0,0,0,0,0,0,0,0,0,0,0,0,0,0,0,0,0,1,2,6,7,13,34,45,53,60,81,111,123,146,194,228,249,277,301,322,349,364,377,397,422,422,456,456,494,520,537,563,579,598,598,637,646,646,667,600,639
86464,FL,Tallahassee,-84.27491114,30.45955727,0,0,0,0,0,0,0,0,0,0,0,0,0,0,0,0,0,0,0,0,0,0,0,0,0,0,0,0,0,0,0,0,0,0,0,0,0,0,0,0,0,0,0,0,0,0,0,0,0,0,0,0,0,0,0,0,0,4,4,4,5,6,8,8,9,14,16,18,21,26,28,35,39,42,42,59,68,71,74,82,112,120,150,150,154,165,174,169,176,184,186,186,191,207
86599,FL,Tampa--St. Petersburg,-82.47985107375811,27.92910417614749,0,0,0,0,0,0,0,0,0,0,0,0,0,0,0,0,0,0,0,0,0,0,0,0,0,0,0,0,0,0,0,0,0,0,0,0,0,0,0,0,1,2,2,2,2,2,2,2,2,5,4,5,4,6,6,11,24,36,54,76,96,116,136,156,206,244,289,331,379,472,479,677,781,839,895,933,988,1020,1057,1099,1134,1214,1292,1313,1382,1408,1489,1530,1552,1580,1611,1620,1664,1695
86761,NC,Taylorsville,-81.17751948,35.922379600000006,0,0,0,0,0,0,0,0,0,0,0,0,0,0,0,0,0,0,0,0,0,0,0,0,0,0,0,0,0,0,0,0,0,0,0,0,0,0,0,0,0,0,0,0,0,0,0,0,0,0,0,0,0,0,0,0,0,0,0,0,0,0,0,0,0,0,1,1,1,2,2,2,2,2,2,2,2,2,2,2,2,2,2,3,3,3,3,3,3,3,4,4,4,4
86788,IL,Taylorville,-89.27780482,39.545816210000005,0,0,0,0,0,0,0,0,0,0,0,0,0,0,0,0,0,0,0,0,0,0,0,0,0,0,0,0,0,0,0,0,0,0,0,0,0,0,0,0,0,0,0,0,0,0,0,0,0,0,0,0,0,0,0,0,0,0,0,1,1,1,1,1,1,1,1,6,12,13,14,15,17,17,20,22,23,23,23,23,24,24,24,24,24,24,24,25,25,27,26,26,26,27
87058,TX,Temple,-97.4785025,31.03736027,0,0,0,0,0,0,0,0,0,0,0,0,0,0,0,0,0,0,0,0,0,0,0,0,0,0,0,0,0,0,0,0,0,0,0,0,0,0,0,0,0,0,0,0,0,0,0,0,0,0,0,0,1,1,2,2,3,6,7,8,10,16,18,19,20,25,28,28,36,44,46,51,51,58,58,68,71,74,84,84,91,101,101,107,110,115,124,126,126,126,135,145,153,161
87139,IN,Terre Haute,-87.39169027,39.42944561,0,0,0,0,0,0,0,0,0,0,0,0,0,0,0,0,0,0,0,0,0,0,0,0,0,0,0,0,0,0,0,0,0,0,0,0,0,0,0,0,0,0,0,0,0,0,0,0,0,0,0,0,0,0,0,0,0,1,1,2,2,2,3,3,3,3,4,7,7,8,8,10,9,10,18,25,25,32,36,40,41,42,42,42,43,46,48,51,57,58,60,60,60,62
87220,TX,Texas City,-94.90469073,29.40167322,0,0,0,0,0,0,0,0,0,0,0,0,0,0,0,0,0,0,0,0,0,0,0,0,0,0,0,0,0,0,0,0,0,0,0,0,0,0,0,0,0,0,0,0,0,0,0,0,0,0,0,0,1,1,1,2,4,4,6,8,11,18,18,22,40,40,49,70,70,92,106,118,130,136,240,256,256,272,287,308,341,355,355,377,392,401,421,438,450,455,468,479,507,522
87625,GA,Tifton,-83.5236119,31.45743864,0,0,0,0,0,0,0,0,0,0,0,0,0,0,0,0,0,0,0,0,0,0,0,0,0,0,0,0,0,0,0,0,0,0,0,0,0,0,0,0,0,0,0,0,0,0,0,0,0,0,0,0,0,0,0,0,0,0,1,2,2,2,2,5,5,11,13,13,19,19,24,28,30,34,34,42,43,47,52,56,57,59,62,71,74,78,81,82,86,92,93,93,98,98
87706,IA,Tipton,-91.13246684,41.77233777,0,0,0,0,0,0,0,0,0,0,0,0,0,0,0,0,0,0,0,0,0,0,0,0,0,0,0,0,0,0,0,0,0,0,0,0,0,0,0,0,0,0,0,0,0,0,0,0,0,0,0,0,0,0,0,0,0,0,0,0,0,0,1,1,4,5,6,7,8,9,9,11,11,11,12,13,13,18,19,20,20,20,21,21,22,23,23,25,26,26,26,27,27,28
87868,OH--MI,Toledo,-83.65468618,41.62101218,0,0,0,0,0,0,0,0,0,0,0,0,0,0,0,0,0,0,0,0,0,0,0,0,0,0,0,0,0,0,0,0,0,0,0,0,0,0,0,0,0,0,0,0,0,0,0,0,0,0,0,0,0,1,1,1,1,1,2,4,7,10,13,23,35,48,67,94,114,133,171,206,233,272,302,321,347,371,403,443,490,503,514,540,596,644,682,724,789,823,853,878,936,985
88084,KS,Topeka,-95.75572640000001,39.04100763,0,0,0,0,0,0,0,0,0,0,0,0,0,0,0,0,0,0,0,0,0,0,0,0,0,0,0,0,0,0,0,0,0,0,0,0,0,0,0,0,0,0,0,0,0,0,0,0,0,0,0,0,0,0,0,0,0,0,0,0,0,0,0,3,4,5,7,13,14,17,18,20,26,27,32,40,47,50,56,56,73,74,78,80,82,84,90,90,91,94,94,96,100,100
88462,NJ,Trenton,-74.70479631,40.28047017,0,0,0,0,0,0,0,0,0,0,0,0,0,0,0,0,0,0,0,0,0,0,0,0,0,0,0,0,0,0,0,0,0,0,0,0,0,0,0,0,0,0,0,0,0,0,0,0,0,0,0,1,1,1,6,9,15,20,22,30,40,50,58,82,111,131,168,202,249,268,333,386,484,586,654,740,837,992,1161,1282,1434,1567,1646,1731,1856,2037,2123,2215,2395,2591,2591,2845,2991,3086
88948,OK,Tulsa,-95.94013939,36.11939621,0,0,0,0,0,0,0,0,0,0,0,0,0,0,0,0,0,0,0,0,0,0,0,0,0,0,0,0,0,0,0,0,0,0,0,0,0,0,0,0,0,0,0,0,0,1,1,1,2,2,2,2,2,2,3,3,3,5,5,5,6,11,12,27,41,49,57,61,65,83,115,151,175,221,240,249,273,293,308,314,323,332,337,358,362,376,376,376,411,422,432,437,454,467
89326,TX,Tyler,-95.27175679999999,32.37474036,0,0,0,0,0,0,0,0,0,0,0,0,0,0,0,0,0,0,0,0,0,0,0,0,0,0,0,0,0,0,0,0,0,0,0,0,0,0,0,0,0,0,0,0,0,0,0,0,0,0,0,3,3,4,4,4,5,5,5,6,10,10,14,16,21,27,27,31,32,36,37,42,53,57,57,62,75,79,82,88,93,96,96,101,103,108,112,116,121,121,124,124,131,131
89974,GA,Valdosta,-83.27056716,30.83568832,0,0,0,0,0,0,0,0,0,0,0,0,0,0,0,0,0,0,0,0,0,0,0,0,0,0,0,0,0,0,0,0,0,0,0,0,0,0,0,0,0,0,0,0,0,0,0,0,0,0,1,1,1,2,3,4,5,8,7,7,8,8,10,11,12,16,20,20,20,21,24,25,28,35,37,40,44,49,50,56,59,59,65,70,75,77,80,87,95,101,105,122,125,129
90217,OH,Van Wert,-84.59111700000003,40.8554138,0,0,0,0,0,0,0,0,0,0,0,0,0,0,0,0,0,0,0,0,0,0,0,0,0,0,0,0,0,0,0,0,0,0,0,0,0,0,0,0,0,0,0,0,0,0,0,0,0,0,0,0,0,0,0,0,0,0,0,0,0,0,0,0,0,0,1,1,1,1,2,2,2,2,2,2,2,2,2,2,2,2,2,2,2,2,2,2,3,3,3,3,3,3
90514,TX,Victoria,-96.96813006,28.797809880000003,0,0,0,0,0,0,0,0,0,0,0,0,0,0,0,0,0,0,0,0,0,0,0,0,0,0,0,0,0,0,0,0,0,0,0,0,0,0,0,0,0,0,0,0,0,0,0,0,0,0,0,0,0,0,0,0,0,0,0,0,0,0,3,3,3,3,3,3,6,15,16,20,27,32,32,35,50,59,66,73,76,77,81,87,89,89,89,89,93,93,95,96,105,105
90892,VA,Virginia Beach,-76.23038410858612,36.8657002498072,0,0,0,0,0,0,0,0,0,0,0,0,0,0,0,0,0,0,0,0,0,0,0,0,0,0,0,0,0,0,0,0,0,0,0,0,0,0,0,0,0,0,0,0,0,0,0,0,2,2,0,0,0,0,4,4,5,5,7,10,22,24,28,35,44,57,69,91,100,140,177,213,254,328,346,360,408,438,464,490,514,527,564,576,584,599,614,626,634,651,681,730,766,778
91027,TX,Waco,-97.20217694,31.55255453,0,0,0,0,0,0,0,0,0,0,0,0,0,0,0,0,0,0,0,0,0,0,0,0,0,0,0,0,0,0,0,0,0,0,0,0,0,0,0,0,0,0,0,0,0,0,0,0,0,0,0,0,0,0,0,0,5,6,13,16,16,16,24,24,28,33,34,34,36,39,44,48,49,50,51,53,56,62,62,66,68,69,71,71,74,74,76,76,76,76,77,78,81,81
91999,IN,Warsaw,-85.86312321999999,41.24521667999999,0,0,0,0,0,0,0,0,0,0,0,0,0,0,0,0,0,0,0,0,0,0,0,0,0,0,0,0,0,0,0,0,0,0,0,0,0,0,0,0,0,0,0,0,0,0,0,0,0,0,0,0,0,0,0,0,0,0,0,0,0,0,0,0,0,1,2,3,4,5,5,5,8,11,12,14,14,16,16,17,17,18,18,19,19,21,22,22,22,22,22,23,24,25
92242,DC--VA--MD,Washington,-77.09253649060301,38.90057891929334,0,0,0,0,0,0,0,0,0,0,0,0,0,0,0,0,0,0,0,0,0,0,0,0,0,0,0,0,0,0,0,0,0,0,0,0,0,0,0,0,0,0,0,0,3,3,6,6,11,12,17,24,32,33,71,91,116,144,201,265,305,362,424,554,680,876,1066,1265,1460,1706,1991,2243,2595,2975,3352,3804,4257,5093,5661,6401,7156,7549,8193,8725,9221,9968,10743,11543,12283,13060,13818,14467,15365,16302
92593,IA,Waterloo,-92.30524729,42.4704581,0,0,0,0,0,0,0,0,0,0,0,0,0,0,0,0,0,0,0,0,0,0,0,0,0,0,0,0,0,0,0,0,0,0,0,0,0,0,0,0,0,0,0,0,0,0,0,0,0,0,0,0,0,0,0,0,1,1,1,3,3,3,4,4,5,7,6,6,6,7,7,8,8,10,12,12,15,19,21,35,41,47,62,78,85,109,138,166,192,259,366,379,420,530
93484,TX,Weatherford,-97.80500621,32.77757172,0,0,0,0,0,0,0,0,0,0,0,0,0,0,0,0,0,0,0,0,0,0,0,0,0,0,0,0,0,0,0,0,0,0,0,0,0,0,0,0,0,0,0,0,0,0,0,0,0,0,0,0,0,0,0,0,0,0,0,0,0,1,1,1,2,2,4,4,4,4,4,4,5,6,6,6,6,6,9,11,13,13,14,15,16,17,20,21,21,21,21,21,22,23
94294,MD,Westminster--Eldersburg,-77.02373735,39.56453592,0,0,0,0,0,0,0,0,0,0,0,0,0,0,0,0,0,0,0,0,0,0,0,0,0,0,0,0,0,0,0,0,0,0,0,0,0,0,0,0,0,0,0,0,0,0,0,0,0,0,0,1,1,1,1,2,1,2,4,3,4,5,5,5,7,9,10,82,82,92,96,105,129,134,142,150,159,186,203,214,214,236,250,259,262,283,288,308,313,335,330,344,355,372
94375,MO,West Plains,-91.88683935,36.77383887,0,0,0,0,0,0,0,0,0,0,0,0,0,0,0,0,0,0,0,0,0,0,0,0,0,0,0,0,0,0,0,0,0,0,0,0,0,0,0,0,0,0,0,0,0,0,0,0,0,0,0,0,0,0,0,0,0,0,0,0,0,0,0,0,0,0,0,0,0,0,0,1,1,1,1,1,4,4,4,4,4,4,4,4,4,5,5,5,5,5,5,5,5,5
95077,KS,Wichita,-97.4608198,37.6842718,0,0,0,0,0,0,0,0,0,0,0,0,0,0,0,0,0,0,0,0,0,0,0,0,0,0,0,0,0,0,0,0,0,0,0,0,0,0,0,0,0,0,0,0,0,0,0,0,0,0,0,1,0,0,0,0,0,0,1,1,2,2,7,11,16,20,33,42,49,58,64,79,85,97,108,124,134,154,161,161,191,196,200,206,209,219,231,238,242,250,283,295,316,323
95411,VA,Williamsburg,-76.76434540695121,37.30898667390244,0,0,0,0,0,0,0,0,0,0,0,0,0,0,0,0,0,0,0,0,0,0,0,0,0,0,0,0,0,0,0,0,0,0,0,0,0,0,0,0,0,0,0,0,0,0,0,0,0,0,0,7,8,8,8,13,14,15,23,24,37,39,42,46,54,60,71,77,80,97,104,106,113,121,129,131,133,138,139,142,143,143,146,148,151,154,157,158,160,160,161,161,163,164
95833,NC,Wilmington,-77.87075626,34.25758282,0,0,0,0,0,0,0,0,0,0,0,0,0,0,0,0,0,0,0,0,0,0,0,0,0,0,0,0,0,0,0,0,0,0,0,0,0,0,0,0,0,0,0,0,0,0,0,0,0,0,0,0,0,0,0,0,1,1,1,4,4,4,10,10,14,15,25,25,27,34,34,42,42,42,47,47,51,53,53,55,55,59,61,62,63,66,68,68,68,68,69,69,74,76
95914,NC,Wilson,-77.917978,35.70625477,0,0,0,0,0,0,0,0,0,0,0,0,0,0,0,0,0,0,0,0,0,0,0,0,0,0,0,0,0,0,0,0,0,0,0,0,0,0,0,0,0,0,0,0,0,0,0,0,0,0,0,0,0,0,1,1,1,1,2,2,3,4,4,6,7,7,7,10,13,13,15,17,21,28,28,29,36,38,42,47,58,64,70,74,79,83,96,109,112,116,118,127,130,146
96103,VA,Winchester,-78.17325058,39.17054517,0,0,0,0,0,0,0,0,0,0,0,0,0,0,0,0,0,0,0,0,0,0,0,0,0,0,0,0,0,0,0,0,0,0,0,0,0,0,0,0,0,0,0,0,0,0,0,0,0,0,0,0,0,0,0,0,0,0,0,0,0,0,0,0,0,0,0,1,3,3,5,5,9,10,11,13,14,15,16,16,19,19,20,20,21,21,22,25,25,25,27,29,30,31
96130,GA,Winder,-83.71436292,33.99148694,0,0,0,0,0,0,0,0,0,0,0,0,0,0,0,0,0,0,0,0,0,0,0,0,0,0,0,0,0,0,0,0,0,0,0,0,0,0,0,0,0,0,0,0,0,0,0,0,0,0,0,0,0,0,0,0,1,1,1,1,1,1,1,2,4,6,7,7,7,18,20,20,21,22,25,27,40,42,46,48,51,55,55,65,66,70,84,87,90,93,99,103,106,111
96427,LA,Winnfield,-92.63789413,31.944493669999996,0,0,0,0,0,0,0,0,0,0,0,0,0,0,0,0,0,0,0,0,0,0,0,0,0,0,0,0,0,0,0,0,0,0,0,0,0,0,0,0,0,0,0,0,0,0,0,0,0,0,0,0,0,0,0,0,0,0,0,0,0,0,0,1,1,1,1,1,1,1,1,2,2,2,2,2,3,5,7,8,9,12,12,12,12,17,16,16,19,19,19,19,19,20
96670,NC,Winston-Salem,-80.25459052,36.12859861,0,0,0,0,0,0,0,0,0,0,0,0,0,0,0,0,0,0,0,0,0,0,0,0,0,0,0,0,0,0,0,0,0,0,0,0,0,0,0,0,0,0,0,0,0,0,0,0,0,0,3,2,2,2,2,2,2,5,7,12,12,12,14,15,17,24,33,35,40,42,57,63,80,88,89,99,106,108,113,111,115,115,117,121,125,125,126,126,126,126,131,141,143,146
96778,IA,Winterset,-94.01554631,41.33081904,0,0,0,0,0,0,0,0,0,0,0,0,0,0,0,0,0,0,0,0,0,0,0,0,0,0,0,0,0,0,0,0,0,0,0,0,0,0,0,0,0,0,0,0,0,0,0,0,0,0,0,0,0,0,0,0,0,0,0,0,0,0,0,0,0,0,0,0,0,0,1,1,1,1,1,1,1,1,1,1,2,2,2,3,3,3,3,3,3,3,4,4,3,3
97129,IL,Woodstock,-88.45248227,42.32451172,0,0,0,0,0,0,0,0,0,0,0,0,0,0,0,0,0,0,0,0,0,0,0,0,0,0,0,0,0,0,0,0,0,0,0,0,0,0,0,0,0,0,0,0,0,0,0,0,0,1,2,2,2,2,2,2,4,6,6,11,12,12,14,19,19,45,47,52,52,63,69,81,102,122,133,144,156,180,198,206,220,235,245,257,264,279,306,340,340,351,368,399,419,459
97723,NE,York,-97.59710186,40.87272618,0,0,0,0,0,0,0,0,0,0,0,0,0,0,0,0,0,0,0,0,0,0,0,0,0,0,0,0,0,0,0,0,0,0,0,0,0,0,0,0,0,0,0,0,0,0,0,0,0,0,0,0,0,0,0,0,0,0,0,0,0,0,0,0,0,0,0,0,1,1,1,1,1,1,1,1,1,2,2,3,3,3,4,4,4,5,6,6,7,7,7,7,7,9
